{
  "fio version" : "fio-3.35",
  "timestamp" : 1702432327,
  "timestamp_ms" : 1702432327126,
  "time" : "Wed Dec 13 01:52:07 2023",
  "global options" : {
    "direct" : "1",
    "zonemode" : "zbd",
    "name" : "diff_bs",
    "iodepth" : "1",
    "size" : "1z",
    "filename" : "/dev/nvme0n1"
  },
  "jobs" : [
    {
      "jobname" : "zone0_read",
      "groupid" : 0,
      "error" : 0,
      "eta" : 0,
      "elapsed" : 9,
      "job options" : {
        "ioengine" : "psync",
        "bs" : "2m",
        "rw" : "read",
        "offset" : "0z",
        "runtime" : "8"
      },
      "read" : {
        "io_bytes" : 9906946048,
        "io_kbytes" : 9674752,
        "bw_bytes" : 1238213479,
        "bw" : 1209192,
        "iops" : 590.426197,
        "runtime" : 8001,
        "total_ios" : 4724,
        "short_ios" : 0,
        "drop_ios" : 0,
        "slat_ns" : {
          "min" : 0,
          "max" : 0,
          "mean" : 0.000000,
          "stddev" : 0.000000,
          "N" : 0
        },
        "clat_ns" : {
          "min" : 824772,
          "max" : 3948204,
          "mean" : 1692815.489204,
          "stddev" : 89849.122598,
          "N" : 4724,
          "percentile" : {
            "1.000000" : 1220608,
            "5.000000" : 1662976,
            "10.000000" : 1695744,
            "20.000000" : 1695744,
            "30.000000" : 1695744,
            "40.000000" : 1695744,
            "50.000000" : 1695744,
            "60.000000" : 1695744,
            "70.000000" : 1695744,
            "80.000000" : 1695744,
            "90.000000" : 1712128,
            "95.000000" : 1728512,
            "99.000000" : 1728512,
            "99.500000" : 1744896,
            "99.900000" : 1892352,
            "99.950000" : 2007040,
            "99.990000" : 3948544
          }
        },
        "lat_ns" : {
          "min" : 824827,
          "max" : 3948597,
          "mean" : 1692902.041702,
          "stddev" : 89846.372521,
          "N" : 4724
        },
        "bw_min" : 1200128,
        "bw_max" : 1216512,
        "bw_agg" : 50.054480,
        "bw_mean" : 1210231.466667,
        "bw_dev" : 4056.802926,
        "bw_samples" : 15,
        "iops_min" : 586,
        "iops_max" : 594,
        "iops_mean" : 590.933333,
        "iops_stddev" : 1.980861,
        "iops_samples" : 15
      },
      "write" : {
        "io_bytes" : 0,
        "io_kbytes" : 0,
        "bw_bytes" : 0,
        "bw" : 0,
        "iops" : 0.000000,
        "runtime" : 0,
        "total_ios" : 0,
        "short_ios" : 0,
        "drop_ios" : 0,
        "slat_ns" : {
          "min" : 0,
          "max" : 0,
          "mean" : 0.000000,
          "stddev" : 0.000000,
          "N" : 0
        },
        "clat_ns" : {
          "min" : 0,
          "max" : 0,
          "mean" : 0.000000,
          "stddev" : 0.000000,
          "N" : 0
        },
        "lat_ns" : {
          "min" : 0,
          "max" : 0,
          "mean" : 0.000000,
          "stddev" : 0.000000,
          "N" : 0
        },
        "bw_min" : 0,
        "bw_max" : 0,
        "bw_agg" : 0.000000,
        "bw_mean" : 0.000000,
        "bw_dev" : 0.000000,
        "bw_samples" : 0,
        "iops_min" : 0,
        "iops_max" : 0,
        "iops_mean" : 0.000000,
        "iops_stddev" : 0.000000,
        "iops_samples" : 0
      },
      "trim" : {
        "io_bytes" : 0,
        "io_kbytes" : 0,
        "bw_bytes" : 0,
        "bw" : 0,
        "iops" : 0.000000,
        "runtime" : 0,
        "total_ios" : 0,
        "short_ios" : 0,
        "drop_ios" : 0,
        "slat_ns" : {
          "min" : 0,
          "max" : 0,
          "mean" : 0.000000,
          "stddev" : 0.000000,
          "N" : 0
        },
        "clat_ns" : {
          "min" : 0,
          "max" : 0,
          "mean" : 0.000000,
          "stddev" : 0.000000,
          "N" : 0
        },
        "lat_ns" : {
          "min" : 0,
          "max" : 0,
          "mean" : 0.000000,
          "stddev" : 0.000000,
          "N" : 0
        },
        "bw_min" : 0,
        "bw_max" : 0,
        "bw_agg" : 0.000000,
        "bw_mean" : 0.000000,
        "bw_dev" : 0.000000,
        "bw_samples" : 0,
        "iops_min" : 0,
        "iops_max" : 0,
        "iops_mean" : 0.000000,
        "iops_stddev" : 0.000000,
        "iops_samples" : 0
      },
      "sync" : {
        "total_ios" : 0,
        "lat_ns" : {
          "min" : 0,
          "max" : 0,
          "mean" : 0.000000,
          "stddev" : 0.000000,
          "N" : 0
        }
      },
      "job_runtime" : 8000,
      "usr_cpu" : 0.162500,
      "sys_cpu" : 2.400000,
      "ctx" : 4729,
      "majf" : 0,
      "minf" : 524,
      "iodepth_level" : {
        "1" : 100.000000,
        "2" : 0.000000,
        "4" : 0.000000,
        "8" : 0.000000,
        "16" : 0.000000,
        "32" : 0.000000,
        ">=64" : 0.000000
      },
      "iodepth_submit" : {
        "0" : 0.000000,
        "4" : 100.000000,
        "8" : 0.000000,
        "16" : 0.000000,
        "32" : 0.000000,
        "64" : 0.000000,
        ">=64" : 0.000000
      },
      "iodepth_complete" : {
        "0" : 0.000000,
        "4" : 100.000000,
        "8" : 0.000000,
        "16" : 0.000000,
        "32" : 0.000000,
        "64" : 0.000000,
        ">=64" : 0.000000
      },
      "latency_ns" : {
        "2" : 0.000000,
        "4" : 0.000000,
        "10" : 0.000000,
        "20" : 0.000000,
        "50" : 0.000000,
        "100" : 0.000000,
        "250" : 0.000000,
        "500" : 0.000000,
        "750" : 0.000000,
        "1000" : 0.000000
      },
      "latency_us" : {
        "2" : 0.000000,
        "4" : 0.000000,
        "10" : 0.000000,
        "20" : 0.000000,
        "50" : 0.000000,
        "100" : 0.000000,
        "250" : 0.000000,
        "500" : 0.000000,
        "750" : 0.000000,
        "1000" : 0.444539
      },
      "latency_ms" : {
        "2" : 99.491956,
        "4" : 0.063506,
        "10" : 0.000000,
        "20" : 0.000000,
        "50" : 0.000000,
        "100" : 0.000000,
        "250" : 0.000000,
        "500" : 0.000000,
        "750" : 0.000000,
        "1000" : 0.000000,
        "2000" : 0.000000,
        ">=2000" : 0.000000
      },
      "latency_depth" : 1,
      "latency_target" : 0,
      "latency_percentile" : 100.000000,
      "latency_window" : 0
    },
    {
      "jobname" : "zone16_read",
      "groupid" : 0,
      "error" : 0,
      "eta" : 0,
      "elapsed" : 9,
      "job options" : {
        "ioengine" : "psync",
        "bs" : "2m",
        "rw" : "read",
        "offset" : "16z",
        "runtime" : "8"
      },
      "read" : {
        "io_bytes" : 9904848896,
        "io_kbytes" : 9672704,
        "bw_bytes" : 1237796662,
        "bw" : 1208785,
        "iops" : 590.227443,
        "runtime" : 8002,
        "total_ios" : 4723,
        "short_ios" : 0,
        "drop_ios" : 0,
        "slat_ns" : {
          "min" : 0,
          "max" : 0,
          "mean" : 0.000000,
          "stddev" : 0.000000,
          "N" : 0
        },
        "clat_ns" : {
          "min" : 663850,
          "max" : 7094596,
          "mean" : 1693386.401016,
          "stddev" : 113369.968459,
          "N" : 4723,
          "percentile" : {
            "1.000000" : 1171456,
            "5.000000" : 1695744,
            "10.000000" : 1695744,
            "20.000000" : 1695744,
            "30.000000" : 1695744,
            "40.000000" : 1695744,
            "50.000000" : 1695744,
            "60.000000" : 1695744,
            "70.000000" : 1695744,
            "80.000000" : 1695744,
            "90.000000" : 1712128,
            "95.000000" : 1712128,
            "99.000000" : 1728512,
            "99.500000" : 1744896,
            "99.900000" : 1794048,
            "99.950000" : 2007040,
            "99.990000" : 7110656
          }
        },
        "lat_ns" : {
          "min" : 663900,
          "max" : 7094641,
          "mean" : 1693468.399322,
          "stddev" : 113367.092177,