{
  "fio version" : "fio-3.35",
  "timestamp" : 1702432289,
  "timestamp_ms" : 1702432289187,
  "time" : "Wed Dec 13 01:51:29 2023",
  "global options" : {
    "direct" : "1",
    "zonemode" : "zbd",
    "name" : "diff_bs",
    "iodepth" : "1",
    "size" : "1z",
    "filename" : "/dev/nvme0n1"
  },
  "jobs" : [
    {
      "jobname" : "zone0_read",
      "groupid" : 0,
      "error" : 0,
      "eta" : 0,
      "elapsed" : 9,
      "job options" : {
        "ioengine" : "psync",
        "bs" : "2m",
        "rw" : "read",
        "offset" : "0z",
        "runtime" : "8"
      },
      "read" : {
        "io_bytes" : 16072572928,
        "io_kbytes" : 15695872,
        "bw_bytes" : 2008820513,
        "bw" : 1961738,
        "iops" : 957.880265,
        "runtime" : 8001,
        "total_ios" : 7664,
        "short_ios" : 0,
        "drop_ios" : 0,
        "slat_ns" : {
          "min" : 0,
          "max" : 0,
          "mean" : 0.000000,
          "stddev" : 0.000000,
          "N" : 0
        },
        "clat_ns" : {
          "min" : 710833,
          "max" : 8058804,
          "mean" : 1042782.161926,
          "stddev" : 101172.452048,
          "N" : 7664,
          "percentile" : {
            "1.000000" : 946176,
            "5.000000" : 987136,
            "10.000000" : 1003520,
            "20.000000" : 1019904,
            "30.000000" : 1019904,
            "40.000000" : 1028096,
            "50.000000" : 1036288,
            "60.000000" : 1036288,
            "70.000000" : 1044480,
            "80.000000" : 1056768,
            "90.000000" : 1089536,
            "95.000000" : 1105920,
            "99.000000" : 1351680,
            "99.500000" : 1433600,
            "99.900000" : 1695744,
            "99.950000" : 1826816,
            "99.990000" : 8028160
          }
        },
        "lat_ns" : {
          "min" : 711062,
          "max" : 8059068,
          "mean" : 1042906.476905,
          "stddev" : 101173.056931,
          "N" : 7664
        },
        "bw_min" : 1900544,
        "bw_max" : 1974272,
        "bw_agg" : 49.996899,
        "bw_mean" : 1962257.066667,
        "bw_dev" : 17885.345539,
        "bw_samples" : 15,
        "iops_min" : 928,
        "iops_max" : 964,
        "iops_mean" : 958.133333,
        "iops_stddev" : 8.733079,
        "iops_samples" : 15
      },
      "write" : {
        "io_bytes" : 0,
        "io_kbytes" : 0,
        "bw_bytes" : 0,
        "bw" : 0,
        "iops" : 0.000000,
        "runtime" : 0,
        "total_ios" : 0,
        "short_ios" : 0,
        "drop_ios" : 0,
        "slat_ns" : {
          "min" : 0,
          "max" : 0,
          "mean" : 0.000000,
          "stddev" : 0.000000,
          "N" : 0
        },
        "clat_ns" : {
          "min" : 0,
          "max" : 0,
          "mean" : 0.000000,
          "stddev" : 0.000000,
          "N" : 0
        },
        "lat_ns" : {
          "min" : 0,
          "max" : 0,
          "mean" : 0.000000,
          "stddev" : 0.000000,
          "N" : 0
        },
        "bw_min" : 0,
        "bw_max" : 0,
        "bw_agg" : 0.000000,
        "bw_mean" : 0.000000,
        "bw_dev" : 0.000000,
        "bw_samples" : 0,
        "iops_min" : 0,
        "iops_max" : 0,
        "iops_mean" : 0.000000,
        "iops_stddev" : 0.000000,
        "iops_samples" : 0
      },
      "trim" : {
        "io_bytes" : 0,
        "io_kbytes" : 0,
        "bw_bytes" : 0,
        "bw" : 0,
        "iops" : 0.000000,
        "runtime" : 0,
        "total_ios" : 0,
        "short_ios" : 0,
        "drop_ios" : 0,
        "slat_ns" : {
          "min" : 0,
          "max" : 0,
          "mean" : 0.000000,
          "stddev" : 0.000000,
          "N" : 0
        },
        "clat_ns" : {
          "min" : 0,
          "max" : 0,
          "mean" : 0.000000,
          "stddev" : 0.000000,
          "N" : 0
        },
        "lat_ns" : {
          "min" : 0,
          "max" : 0,
          "mean" : 0.000000,
          "stddev" : 0.000000,
          "N" : 0
        },
        "bw_min" : 0,
        "bw_max" : 0,
        "bw_agg" : 0.000000,
        "bw_mean" : 0.000000,
        "bw_dev" : 0.000000,
        "bw_samples" : 0,
        "iops_min" : 0,
        "iops_max" : 0,
        "iops_mean" : 0.000000,
        "iops_stddev" : 0.000000,
        "iops_samples" : 0
      },
      "sync" : {
        "total_ios" : 0,
        "lat_ns" : {
          "min" : 0,
          "max" : 0,
          "mean" : 0.000000,
          "stddev" : 0.000000,
          "N" : 0
        }
      },
      "job_runtime" : 8000,
      "usr_cpu" : 0.325000,
      "sys_cpu" : 5.087500,
      "ctx" : 7670,
      "majf" : 0,
      "minf" : 524,
      "iodepth_level" : {
        "1" : 100.000000,
        "2" : 0.000000,
        "4" : 0.000000,
        "8" : 0.000000,
        "16" : 0.000000,
        "32" : 0.000000,
        ">=64" : 0.000000
      },
      "iodepth_submit" : {
        "0" : 0.000000,
        "4" : 100.000000,
        "8" : 0.000000,
        "16" : 0.000000,
        "32" : 0.000000,
        "64" : 0.000000,
        ">=64" : 0.000000
      },
      "iodepth_complete" : {
        "0" : 0.000000,
        "4" : 100.000000,
        "8" : 0.000000,
        "16" : 0.000000,
        "32" : 0.000000,
        "64" : 0.000000,
        ">=64" : 0.000000
      },
      "latency_ns" : {
        "2" : 0.000000,
        "4" : 0.000000,
        "10" : 0.000000,
        "20" : 0.000000,
        "50" : 0.000000,
        "100" : 0.000000,
        "250" : 0.000000,
        "500" : 0.000000,
        "750" : 0.000000,
        "1000" : 0.000000
      },
      "latency_us" : {
        "2" : 0.000000,
        "4" : 0.000000,
        "10" : 0.000000,
        "20" : 0.000000,
        "50" : 0.000000,
        "100" : 0.000000,
        "250" : 0.000000,
        "500" : 0.000000,
        "750" : 0.026096,
        "1000" : 9.655532
      },
      "latency_ms" : {
        "2" : 90.292276,
        "4" : 0.013048,
        "10" : 0.013048,
        "20" : 0.000000,
        "50" : 0.000000,
        "100" : 0.000000,
        "250" : 0.000000,
        "500" : 0.000000,
        "750" : 0.000000,
        "1000" : 0.000000,
        "2000" : 0.000000,
        ">=2000" : 0.000000
      },
      "latency_depth" : 1,
      "latency_target" : 0,
      "latency_percentile" : 100.000000,
      "latency_window" : 0
    },
    {
      "jobname" : "zone1_read",
      "groupid" : 0,
      "error" : 0,
      "eta" : 0,
      "elapsed" : 9,
      "job options" : {
        "ioengine" : "psync",
        "bs" : "2m",
        "rw" : "read",
        "offset" : "1z",
        "runtime" : "8"
      },
      "read" : {
        "io_bytes" : 16083058688,
        "io_kbytes" : 15706112,
        "bw_bytes" : 2010131069,
        "bw" : 1963018,
        "iops" : 958.505187,
        "runtime" : 8001,
        "total_ios" : 7669,
        "short_ios" : 0,
        "drop_ios" : 0,
        "slat_ns" : {
          "min" : 0,
          "max" : 0,
          "mean" : 0.000000,
          "stddev" : 0.000000,
          "N" : 0
        },
        "clat_ns" : {
          "min" : 833641,
          "max" : 7583049,
          "mean" : 1042494.810145,
          "stddev" : 95233.285964,
          "N" : 7669,
          "percentile" : {
            "1.000000" : 946176,
            "5.000000" : 987136,
            "10.000000" : 995328,
            "20.000000" : 1011712,
            "30.000000" : 1019904,
            "40.000000" : 1028096,
            "50.000000" : 1036288,
            "60.000000" : 1036288,
            "70.000000" : 1044480,
            "80.000000" : 1056768,
            "90.000000" : 1089536,
            "95.000000" : 1122304,
            "99.000000" : 1318912,
            "99.500000" : 1368064,
            "99.900000" : 1679360,
            "99.950000" : 1761280,
            "99.990000" : 7569408
          }
        },
        "lat_ns" : {
          "min" : 833674,
          "max" : 7583226,
          "mean" : 1042578.217238,
          "stddev" : 95233.056768,