{
  "fio version" : "fio-3.35",
  "timestamp" : 1702432298,
  "timestamp_ms" : 1702432298320,
  "time" : "Wed Dec 13 01:51:38 2023",
  "global options" : {
    "direct" : "1",
    "zonemode" : "zbd",
    "name" : "diff_bs",
    "iodepth" : "1",
    "size" : "1z",
    "filename" : "/dev/nvme0n1"
  },
  "jobs" : [
    {
      "jobname" : "zone0_read",
      "groupid" : 0,
      "error" : 0,
      "eta" : 0,
      "elapsed" : 9,
      "job options" : {
        "ioengine" : "psync",
        "bs" : "2m",
        "rw" : "read",
        "offset" : "0z",
        "runtime" : "8"
      },
      "read" : {
        "io_bytes" : 9948889088,
        "io_kbytes" : 9715712,
        "bw_bytes" : 1243455704,
        "bw" : 1214312,
        "iops" : 592.925884,
        "runtime" : 8001,
        "total_ios" : 4744,
        "short_ios" : 0,
        "drop_ios" : 0,
        "slat_ns" : {
          "min" : 0,
          "max" : 0,
          "mean" : 0.000000,
          "stddev" : 0.000000,
          "N" : 0
        },
        "clat_ns" : {
          "min" : 660574,
          "max" : 2067173,
          "mean" : 1685693.614671,
          "stddev" : 88567.419506,
          "N" : 4744,
          "percentile" : {
            "1.000000" : 1204224,
            "5.000000" : 1679360,
            "10.000000" : 1695744,
            "20.000000" : 1695744,
            "30.000000" : 1695744,
            "40.000000" : 1695744,
            "50.000000" : 1695744,
            "60.000000" : 1695744,
            "70.000000" : 1695744,
            "80.000000" : 1695744,
            "90.000000" : 1695744,
            "95.000000" : 1695744,
            "99.000000" : 1712128,
            "99.500000" : 1728512,
            "99.900000" : 1826816,
            "99.950000" : 1826816,
            "99.990000" : 2072576
          }
        },
        "lat_ns" : {
          "min" : 660629,
          "max" : 2067493,
          "mean" : 1685779.867833,
          "stddev" : 88566.973905,
          "N" : 4744
        },
        "bw_min" : 1212416,
        "bw_max" : 1224704,
        "bw_agg" : 50.012829,
        "bw_mean" : 1214600.533333,
        "bw_dev" : 4342.164797,
        "bw_samples" : 15,
        "iops_min" : 592,
        "iops_max" : 598,
        "iops_mean" : 593.066667,
        "iops_stddev" : 2.120198,
        "iops_samples" : 15
      },
      "write" : {
        "io_bytes" : 0,
        "io_kbytes" : 0,
        "bw_bytes" : 0,
        "bw" : 0,
        "iops" : 0.000000,
        "runtime" : 0,
        "total_ios" : 0,
        "short_ios" : 0,
        "drop_ios" : 0,
        "slat_ns" : {
          "min" : 0,
          "max" : 0,
          "mean" : 0.000000,
          "stddev" : 0.000000,
          "N" : 0
        },
        "clat_ns" : {
          "min" : 0,
          "max" : 0,
          "mean" : 0.000000,
          "stddev" : 0.000000,
          "N" : 0
        },
        "lat_ns" : {
          "min" : 0,
          "max" : 0,
          "mean" : 0.000000,
          "stddev" : 0.000000,
          "N" : 0
        },
        "bw_min" : 0,
        "bw_max" : 0,
        "bw_agg" : 0.000000,
        "bw_mean" : 0.000000,
        "bw_dev" : 0.000000,
        "bw_samples" : 0,
        "iops_min" : 0,
        "iops_max" : 0,
        "iops_mean" : 0.000000,
        "iops_stddev" : 0.000000,
        "iops_samples" : 0
      },
      "trim" : {
        "io_bytes" : 0,
        "io_kbytes" : 0,
        "bw_bytes" : 0,
        "bw" : 0,
        "iops" : 0.000000,
        "runtime" : 0,
        "total_ios" : 0,
        "short_ios" : 0,
        "drop_ios" : 0,
        "slat_ns" : {
          "min" : 0,
          "max" : 0,
          "mean" : 0.000000,
          "stddev" : 0.000000,
          "N" : 0
        },
        "clat_ns" : {
          "min" : 0,
          "max" : 0,
          "mean" : 0.000000,
          "stddev" : 0.000000,
          "N" : 0
        },
        "lat_ns" : {
          "min" : 0,
          "max" : 0,
          "mean" : 0.000000,
          "stddev" : 0.000000,
          "N" : 0
        },
        "bw_min" : 0,
        "bw_max" : 0,
        "bw_agg" : 0.000000,
        "bw_mean" : 0.000000,
        "bw_dev" : 0.000000,
        "bw_samples" : 0,
        "iops_min" : 0,
        "iops_max" : 0,
        "iops_mean" : 0.000000,
        "iops_stddev" : 0.000000,
        "iops_samples" : 0
      },
      "sync" : {
        "total_ios" : 0,
        "lat_ns" : {
          "min" : 0,
          "max" : 0,
          "mean" : 0.000000,
          "stddev" : 0.000000,
          "N" : 0
        }
      },
      "job_runtime" : 8000,
      "usr_cpu" : 0.100000,
      "sys_cpu" : 2.425000,
      "ctx" : 4745,
      "majf" : 0,
      "minf" : 524,
      "iodepth_level" : {
        "1" : 100.000000,
        "2" : 0.000000,
        "4" : 0.000000,
        "8" : 0.000000,
        "16" : 0.000000,
        "32" : 0.000000,
        ">=64" : 0.000000
      },
      "iodepth_submit" : {
        "0" : 0.000000,
        "4" : 100.000000,
        "8" : 0.000000,
        "16" : 0.000000,
        "32" : 0.000000,
        "64" : 0.000000,
        ">=64" : 0.000000
      },
      "iodepth_complete" : {
        "0" : 0.000000,
        "4" : 100.000000,
        "8" : 0.000000,
        "16" : 0.000000,
        "32" : 0.000000,
        "64" : 0.000000,
        ">=64" : 0.000000
      },
      "latency_ns" : {
        "2" : 0.000000,
        "4" : 0.000000,
        "10" : 0.000000,
        "20" : 0.000000,
        "50" : 0.000000,
        "100" : 0.000000,
        "250" : 0.000000,
        "500" : 0.000000,
        "750" : 0.000000,
        "1000" : 0.000000
      },
      "latency_us" : {
        "2" : 0.000000,
        "4" : 0.000000,
        "10" : 0.000000,
        "20" : 0.000000,
        "50" : 0.000000,
        "100" : 0.000000,
        "250" : 0.000000,
        "500" : 0.000000,
        "750" : 0.379427,
        "1000" : 0.021079
      },
      "latency_ms" : {
        "2" : 99.578415,
        "4" : 0.021079,
        "10" : 0.000000,
        "20" : 0.000000,
        "50" : 0.000000,
        "100" : 0.000000,
        "250" : 0.000000,
        "500" : 0.000000,
        "750" : 0.000000,
        "1000" : 0.000000,
        "2000" : 0.000000,
        ">=2000" : 0.000000
      },
      "latency_depth" : 1,
      "latency_target" : 0,
      "latency_percentile" : 100.000000,
      "latency_window" : 0
    },
    {
      "jobname" : "zone2_read",
      "groupid" : 0,
      "error" : 0,
      "eta" : 0,
      "elapsed" : 9,
      "job options" : {
        "ioengine" : "psync",
        "bs" : "2m",
        "rw" : "read",
        "offset" : "2z",
        "runtime" : "8"
      },
      "read" : {
        "io_bytes" : 9950986240,
        "io_kbytes" : 9717760,
        "bw_bytes" : 1243562389,
        "bw" : 1214416,
        "iops" : 592.976756,
        "runtime" : 8002,
        "total_ios" : 4745,
        "short_ios" : 0,
        "drop_ios" : 0,
        "slat_ns" : {
          "min" : 0,
          "max" : 0,
          "mean" : 0.000000,
          "stddev" : 0.000000,
          "N" : 0
        },
        "clat_ns" : {
          "min" : 923110,
          "max" : 1877451,
          "mean" : 1685460.005690,
          "stddev" : 81820.465610,
          "N" : 4745,
          "percentile" : {
            "1.000000" : 1122304,
            "5.000000" : 1662976,
            "10.000000" : 1679360,
            "20.000000" : 1695744,
            "30.000000" : 1695744,
            "40.000000" : 1695744,
            "50.000000" : 1695744,
            "60.000000" : 1695744,
            "70.000000" : 1695744,
            "80.000000" : 1695744,
            "90.000000" : 1695744,
            "95.000000" : 1728512,
            "99.000000" : 1728512,
            "99.500000" : 1744896,
            "99.900000" : 1826816,
            "99.950000" : 1859584,
            "99.990000" : 1875968
          }
        },
        "lat_ns" : {
          "min" : 923232,
          "max" : 1877549,
          "mean" : 1685557.397260,
          "stddev" : 81819.399445,