{
  "fio version" : "fio-3.35",
  "timestamp" : 1702432307,
  "timestamp_ms" : 1702432307957,
  "time" : "Wed Dec 13 01:51:47 2023",
  "global options" : {
    "direct" : "1",
    "zonemode" : "zbd",
    "name" : "diff_bs",
    "iodepth" : "1",
    "size" : "1z",
    "filename" : "/dev/nvme0n1"
  },
  "jobs" : [
    {
      "jobname" : "zone0_read",
      "groupid" : 0,
      "error" : 0,
      "eta" : 0,
      "elapsed" : 9,
      "job options" : {
        "ioengine" : "psync",
        "bs" : "2m",
        "rw" : "read",
        "offset" : "0z",
        "runtime" : "8"
      },
      "read" : {
        "io_bytes" : 10406068224,
        "io_kbytes" : 10162176,
        "bw_bytes" : 1300595953,
        "bw" : 1270113,
        "iops" : 620.172478,
        "runtime" : 8001,
        "total_ios" : 4962,
        "short_ios" : 0,
        "drop_ios" : 0,
        "slat_ns" : {
          "min" : 0,
          "max" : 0,
          "mean" : 0.000000,
          "stddev" : 0.000000,
          "N" : 0
        },
        "clat_ns" : {
          "min" : 751851,
          "max" : 1889465,
          "mean" : 1611223.894599,
          "stddev" : 88929.450340,
          "N" : 4962,
          "percentile" : {
            "1.000000" : 1056768,
            "5.000000" : 1564672,
            "10.000000" : 1581056,
            "20.000000" : 1613824,
            "30.000000" : 1630208,
            "40.000000" : 1630208,
            "50.000000" : 1630208,
            "60.000000" : 1630208,
            "70.000000" : 1630208,
            "80.000000" : 1630208,
            "90.000000" : 1646592,
            "95.000000" : 1679360,
            "99.000000" : 1679360,
            "99.500000" : 1695744,
            "99.900000" : 1826816,
            "99.950000" : 1875968,
            "99.990000" : 1892352
          }
        },
        "lat_ns" : {
          "min" : 751883,
          "max" : 1889508,
          "mean" : 1611331.076179,
          "stddev" : 88926.534500,
          "N" : 4962
        },
        "bw_min" : 1265664,
        "bw_max" : 1277952,
        "bw_agg" : 50.035335,
        "bw_mean" : 1270852.266667,
        "bw_dev" : 3936.870829,
        "bw_samples" : 15,
        "iops_min" : 618,
        "iops_max" : 624,
        "iops_mean" : 620.533333,
        "iops_stddev" : 1.922300,
        "iops_samples" : 15
      },
      "write" : {
        "io_bytes" : 0,
        "io_kbytes" : 0,
        "bw_bytes" : 0,
        "bw" : 0,
        "iops" : 0.000000,
        "runtime" : 0,
        "total_ios" : 0,
        "short_ios" : 0,
        "drop_ios" : 0,
        "slat_ns" : {
          "min" : 0,
          "max" : 0,
          "mean" : 0.000000,
          "stddev" : 0.000000,
          "N" : 0
        },
        "clat_ns" : {
          "min" : 0,
          "max" : 0,
          "mean" : 0.000000,
          "stddev" : 0.000000,
          "N" : 0
        },
        "lat_ns" : {
          "min" : 0,
          "max" : 0,
          "mean" : 0.000000,
          "stddev" : 0.000000,
          "N" : 0
        },
        "bw_min" : 0,
        "bw_max" : 0,
        "bw_agg" : 0.000000,
        "bw_mean" : 0.000000,
        "bw_dev" : 0.000000,
        "bw_samples" : 0,
        "iops_min" : 0,
        "iops_max" : 0,
        "iops_mean" : 0.000000,
        "iops_stddev" : 0.000000,
        "iops_samples" : 0
      },
      "trim" : {
        "io_bytes" : 0,
        "io_kbytes" : 0,
        "bw_bytes" : 0,
        "bw" : 0,
        "iops" : 0.000000,
        "runtime" : 0,
        "total_ios" : 0,
        "short_ios" : 0,
        "drop_ios" : 0,
        "slat_ns" : {
          "min" : 0,
          "max" : 0,
          "mean" : 0.000000,
          "stddev" : 0.000000,
          "N" : 0
        },
        "clat_ns" : {
          "min" : 0,
          "max" : 0,
          "mean" : 0.000000,
          "stddev" : 0.000000,
          "N" : 0
        },
        "lat_ns" : {
          "min" : 0,
          "max" : 0,
          "mean" : 0.000000,
          "stddev" : 0.000000,
          "N" : 0
        },
        "bw_min" : 0,
        "bw_max" : 0,
        "bw_agg" : 0.000000,
        "bw_mean" : 0.000000,
        "bw_dev" : 0.000000,
        "bw_samples" : 0,
        "iops_min" : 0,
        "iops_max" : 0,
        "iops_mean" : 0.000000,
        "iops_stddev" : 0.000000,
        "iops_samples" : 0
      },
      "sync" : {
        "total_ios" : 0,
        "lat_ns" : {
          "min" : 0,
          "max" : 0,
          "mean" : 0.000000,
          "stddev" : 0.000000,
          "N" : 0
        }
      },
      "job_runtime" : 8000,
      "usr_cpu" : 0.050000,
      "sys_cpu" : 3.100000,
      "ctx" : 4963,
      "majf" : 0,
      "minf" : 523,
      "iodepth_level" : {
        "1" : 100.000000,
        "2" : 0.000000,
        "4" : 0.000000,
        "8" : 0.000000,
        "16" : 0.000000,
        "32" : 0.000000,
        ">=64" : 0.000000
      },
      "iodepth_submit" : {
        "0" : 0.000000,
        "4" : 100.000000,
        "8" : 0.000000,
        "16" : 0.000000,
        "32" : 0.000000,
        "64" : 0.000000,
        ">=64" : 0.000000
      },
      "iodepth_complete" : {
        "0" : 0.000000,
        "4" : 100.000000,
        "8" : 0.000000,
        "16" : 0.000000,
        "32" : 0.000000,
        "64" : 0.000000,
        ">=64" : 0.000000
      },
      "latency_ns" : {
        "2" : 0.000000,
        "4" : 0.000000,
        "10" : 0.000000,
        "20" : 0.000000,
        "50" : 0.000000,
        "100" : 0.000000,
        "250" : 0.000000,
        "500" : 0.000000,
        "750" : 0.000000,
        "1000" : 0.000000
      },
      "latency_us" : {
        "2" : 0.000000,
        "4" : 0.000000,
        "10" : 0.000000,
        "20" : 0.000000,
        "50" : 0.000000,
        "100" : 0.000000,
        "250" : 0.000000,
        "500" : 0.000000,
        "750" : 0.000000,
        "1000" : 0.765820
      },
      "latency_ms" : {
        "2" : 99.234180,
        "4" : 0.000000,
        "10" : 0.000000,
        "20" : 0.000000,
        "50" : 0.000000,
        "100" : 0.000000,
        "250" : 0.000000,
        "500" : 0.000000,
        "750" : 0.000000,
        "1000" : 0.000000,
        "2000" : 0.000000,
        ">=2000" : 0.000000
      },
      "latency_depth" : 1,
      "latency_target" : 0,
      "latency_percentile" : 100.000000,
      "latency_window" : 0
    },
    {
      "jobname" : "zone4_read",
      "groupid" : 0,
      "error" : 0,
      "eta" : 0,
      "elapsed" : 9,
      "job options" : {
        "ioengine" : "psync",
        "bs" : "2m",
        "rw" : "read",
        "offset" : "4z",
        "runtime" : "8"
      },
      "read" : {
        "io_bytes" : 10406068224,
        "io_kbytes" : 10162176,
        "bw_bytes" : 1300433419,
        "bw" : 1269954,
        "iops" : 620.094976,
        "runtime" : 8002,
        "total_ios" : 4962,
        "short_ios" : 0,
        "drop_ios" : 0,
        "slat_ns" : {
          "min" : 0,
          "max" : 0,
          "mean" : 0.000000,
          "stddev" : 0.000000,
          "N" : 0
        },
        "clat_ns" : {
          "min" : 754143,
          "max" : 2410446,
          "mean" : 1611346.548569,
          "stddev" : 87128.347944,
          "N" : 4962,
          "percentile" : {
            "1.000000" : 1019904,
            "5.000000" : 1564672,
            "10.000000" : 1581056,
            "20.000000" : 1613824,
            "30.000000" : 1613824,
            "40.000000" : 1613824,
            "50.000000" : 1630208,
            "60.000000" : 1630208,
            "70.000000" : 1630208,
            "80.000000" : 1630208,
            "90.000000" : 1646592,
            "95.000000" : 1679360,
            "99.000000" : 1695744,
            "99.500000" : 1695744,
            "99.900000" : 1843200,
            "99.950000" : 1843200,
            "99.990000" : 2408448
          }
        },
        "lat_ns" : {
          "min" : 754409,
          "max" : 2410485,
          "mean" : 1611450.568521,
          "stddev" : 87127.563664,