{
  "fio version" : "fio-3.35",
  "timestamp" : 1702432317,
  "timestamp_ms" : 1702432317486,
  "time" : "Wed Dec 13 01:51:57 2023",
  "global options" : {
    "direct" : "1",
    "zonemode" : "zbd",
    "name" : "diff_bs",
    "iodepth" : "1",
    "size" : "1z",
    "filename" : "/dev/nvme0n1"
  },
  "jobs" : [
    {
      "jobname" : "zone0_read",
      "groupid" : 0,
      "error" : 0,
      "eta" : 0,
      "elapsed" : 9,
      "job options" : {
        "ioengine" : "psync",
        "bs" : "2m",
        "rw" : "read",
        "offset" : "0z",
        "runtime" : "8"
      },
      "read" : {
        "io_bytes" : 10062135296,
        "io_kbytes" : 9826304,
        "bw_bytes" : 1257609710,
        "bw" : 1228134,
        "iops" : 599.675041,
        "runtime" : 8001,
        "total_ios" : 4798,
        "short_ios" : 0,
        "drop_ios" : 0,
        "slat_ns" : {
          "min" : 0,
          "max" : 0,
          "mean" : 0.000000,
          "stddev" : 0.000000,
          "N" : 0
        },
        "clat_ns" : {
          "min" : 845031,
          "max" : 1768891,
          "mean" : 1666744.510421,
          "stddev" : 70526.689096,
          "N" : 4798,
          "percentile" : {
            "1.000000" : 1220608,
            "5.000000" : 1662976,
            "10.000000" : 1679360,
            "20.000000" : 1679360,
            "30.000000" : 1679360,
            "40.000000" : 1679360,
            "50.000000" : 1679360,
            "60.000000" : 1679360,
            "70.000000" : 1679360,
            "80.000000" : 1679360,
            "90.000000" : 1679360,
            "95.000000" : 1679360,
            "99.000000" : 1695744,
            "99.500000" : 1712128,
            "99.900000" : 1744896,
            "99.950000" : 1744896,
            "99.990000" : 1761280
          }
        },
        "lat_ns" : {
          "min" : 845280,
          "max" : 1769067,
          "mean" : 1666825.010004,
          "stddev" : 70522.982880,
          "N" : 4798
        },
        "bw_min" : 1224704,
        "bw_max" : 1236992,
        "bw_agg" : 50.031883,
        "bw_mean" : 1228636.466667,
        "bw_dev" : 3160.399949,
        "bw_samples" : 15,
        "iops_min" : 598,
        "iops_max" : 604,
        "iops_mean" : 599.866667,
        "iops_stddev" : 1.597617,
        "iops_samples" : 15
      },
      "write" : {
        "io_bytes" : 0,
        "io_kbytes" : 0,
        "bw_bytes" : 0,
        "bw" : 0,
        "iops" : 0.000000,
        "runtime" : 0,
        "total_ios" : 0,
        "short_ios" : 0,
        "drop_ios" : 0,
        "slat_ns" : {
          "min" : 0,
          "max" : 0,
          "mean" : 0.000000,
          "stddev" : 0.000000,
          "N" : 0
        },
        "clat_ns" : {
          "min" : 0,
          "max" : 0,
          "mean" : 0.000000,
          "stddev" : 0.000000,
          "N" : 0
        },
        "lat_ns" : {
          "min" : 0,
          "max" : 0,
          "mean" : 0.000000,
          "stddev" : 0.000000,
          "N" : 0
        },
        "bw_min" : 0,
        "bw_max" : 0,
        "bw_agg" : 0.000000,
        "bw_mean" : 0.000000,
        "bw_dev" : 0.000000,
        "bw_samples" : 0,
        "iops_min" : 0,
        "iops_max" : 0,
        "iops_mean" : 0.000000,
        "iops_stddev" : 0.000000,
        "iops_samples" : 0
      },
      "trim" : {
        "io_bytes" : 0,
        "io_kbytes" : 0,
        "bw_bytes" : 0,
        "bw" : 0,
        "iops" : 0.000000,
        "runtime" : 0,
        "total_ios" : 0,
        "short_ios" : 0,
        "drop_ios" : 0,
        "slat_ns" : {
          "min" : 0,
          "max" : 0,
          "mean" : 0.000000,
          "stddev" : 0.000000,
          "N" : 0
        },
        "clat_ns" : {
          "min" : 0,
          "max" : 0,
          "mean" : 0.000000,
          "stddev" : 0.000000,
          "N" : 0
        },
        "lat_ns" : {
          "min" : 0,
          "max" : 0,
          "mean" : 0.000000,
          "stddev" : 0.000000,
          "N" : 0
        },
        "bw_min" : 0,
        "bw_max" : 0,
        "bw_agg" : 0.000000,
        "bw_mean" : 0.000000,
        "bw_dev" : 0.000000,
        "bw_samples" : 0,
        "iops_min" : 0,
        "iops_max" : 0,
        "iops_mean" : 0.000000,
        "iops_stddev" : 0.000000,
        "iops_samples" : 0
      },
      "sync" : {
        "total_ios" : 0,
        "lat_ns" : {
          "min" : 0,
          "max" : 0,
          "mean" : 0.000000,
          "stddev" : 0.000000,
          "N" : 0
        }
      },
      "job_runtime" : 8000,
      "usr_cpu" : 0.000000,
      "sys_cpu" : 2.587500,
      "ctx" : 4800,
      "majf" : 0,
      "minf" : 523,
      "iodepth_level" : {
        "1" : 100.000000,
        "2" : 0.000000,
        "4" : 0.000000,
        "8" : 0.000000,
        "16" : 0.000000,
        "32" : 0.000000,
        ">=64" : 0.000000
      },
      "iodepth_submit" : {
        "0" : 0.000000,
        "4" : 100.000000,
        "8" : 0.000000,
        "16" : 0.000000,
        "32" : 0.000000,
        "64" : 0.000000,
        ">=64" : 0.000000
      },
      "iodepth_complete" : {
        "0" : 0.000000,
        "4" : 100.000000,
        "8" : 0.000000,
        "16" : 0.000000,
        "32" : 0.000000,
        "64" : 0.000000,
        ">=64" : 0.000000
      },
      "latency_ns" : {
        "2" : 0.000000,
        "4" : 0.000000,
        "10" : 0.000000,
        "20" : 0.000000,
        "50" : 0.000000,
        "100" : 0.000000,
        "250" : 0.000000,
        "500" : 0.000000,
        "750" : 0.000000,
        "1000" : 0.000000
      },
      "latency_us" : {
        "2" : 0.000000,
        "4" : 0.000000,
        "10" : 0.000000,
        "20" : 0.000000,
        "50" : 0.000000,
        "100" : 0.000000,
        "250" : 0.000000,
        "500" : 0.000000,
        "750" : 0.000000,
        "1000" : 0.395998
      },
      "latency_ms" : {
        "2" : 99.604002,
        "4" : 0.000000,
        "10" : 0.000000,
        "20" : 0.000000,
        "50" : 0.000000,
        "100" : 0.000000,
        "250" : 0.000000,
        "500" : 0.000000,
        "750" : 0.000000,
        "1000" : 0.000000,
        "2000" : 0.000000,
        ">=2000" : 0.000000
      },
      "latency_depth" : 1,
      "latency_target" : 0,
      "latency_percentile" : 100.000000,
      "latency_window" : 0
    },
    {
      "jobname" : "zone8_read",
      "groupid" : 0,
      "error" : 0,
      "eta" : 0,
      "elapsed" : 9,
      "job options" : {
        "ioengine" : "psync",
        "bs" : "2m",
        "rw" : "read",
        "offset" : "8z",
        "runtime" : "8"
      },
      "read" : {
        "io_bytes" : 10060038144,
        "io_kbytes" : 9824256,
        "bw_bytes" : 1257190470,
        "bw" : 1227725,
        "iops" : 599.475131,
        "runtime" : 8002,
        "total_ios" : 4797,
        "short_ios" : 0,
        "drop_ios" : 0,
        "slat_ns" : {
          "min" : 0,
          "max" : 0,
          "mean" : 0.000000,
          "stddev" : 0.000000,
          "N" : 0
        },
        "clat_ns" : {
          "min" : 709759,
          "max" : 2735798,
          "mean" : 1667183.412966,
          "stddev" : 79279.322130,
          "N" : 4797,
          "percentile" : {
            "1.000000" : 1220608,
            "5.000000" : 1646592,
            "10.000000" : 1662976,
            "20.000000" : 1679360,
            "30.000000" : 1679360,
            "40.000000" : 1679360,
            "50.000000" : 1679360,
            "60.000000" : 1679360,
            "70.000000" : 1679360,
            "80.000000" : 1679360,
            "90.000000" : 1679360,
            "95.000000" : 1712128,
            "99.000000" : 1712128,
            "99.500000" : 1712128,
            "99.900000" : 1777664,
            "99.950000" : 1941504,
            "99.990000" : 2736128
          }
        },
        "lat_ns" : {
          "min" : 709802,
          "max" : 2735919,
          "mean" : 1667267.584115,
          "stddev" : 79276.906011,