{
  "fio version" : "fio-3.35",
  "timestamp" : 1702433566,
  "timestamp_ms" : 1702433566339,
  "time" : "Wed Dec 13 02:12:46 2023",
  "global options" : {
    "direct" : "1",
    "zonemode" : "zbd",
    "name" : "diff_bs",
    "iodepth" : "1",
    "size" : "1z",
    "filename" : "/dev/nvme0n1"
  },
  "jobs" : [
    {
      "jobname" : "zone0_read",
      "groupid" : 0,
      "error" : 0,
      "eta" : 0,
      "elapsed" : 9,
      "job options" : {
        "ioengine" : "psync",
        "bs" : "2m",
        "rw" : "read",
        "offset" : "0z",
        "runtime" : "8"
      },
      "read" : {
        "io_bytes" : 15579742208,
        "io_kbytes" : 15214592,
        "bw_bytes" : 1947224372,
        "bw" : 1901586,
        "iops" : 928.508936,
        "runtime" : 8001,
        "total_ios" : 7429,
        "short_ios" : 0,
        "drop_ios" : 0,
        "slat_ns" : {
          "min" : 0,
          "max" : 0,
          "mean" : 0.000000,
          "stddev" : 0.000000,
          "N" : 0
        },
        "clat_ns" : {
          "min" : 559381,
          "max" : 1886864,
          "mean" : 1076309.273792,
          "stddev" : 343547.292028,
          "N" : 7429,
          "percentile" : {
            "1.000000" : 561152,
            "5.000000" : 585728,
            "10.000000" : 659456,
            "20.000000" : 757760,
            "30.000000" : 872448,
            "40.000000" : 872448,
            "50.000000" : 888832,
            "60.000000" : 1155072,
            "70.000000" : 1286144,
            "80.000000" : 1368064,
            "90.000000" : 1548288,
            "95.000000" : 1679360,
            "99.000000" : 1810432,
            "99.500000" : 1826816,
            "99.900000" : 1826816,
            "99.950000" : 1843200,
            "99.990000" : 1892352
          }
        },
        "lat_ns" : {
          "min" : 559423,
          "max" : 1886891,
          "mean" : 1076387.278772,
          "stddev" : 343540.923112,
          "N" : 7429
        },
        "bw_min" : 1892352,
        "bw_max" : 1925120,
        "bw_agg" : 50.148150,
        "bw_mean" : 1902728.533333,
        "bw_dev" : 9651.605802,
        "bw_samples" : 15,
        "iops_min" : 924,
        "iops_max" : 940,
        "iops_mean" : 929.066667,
        "iops_stddev" : 4.712698,
        "iops_samples" : 15
      },
      "write" : {
        "io_bytes" : 0,
        "io_kbytes" : 0,
        "bw_bytes" : 0,
        "bw" : 0,
        "iops" : 0.000000,
        "runtime" : 0,
        "total_ios" : 0,
        "short_ios" : 0,
        "drop_ios" : 0,
        "slat_ns" : {
          "min" : 0,
          "max" : 0,
          "mean" : 0.000000,
          "stddev" : 0.000000,
          "N" : 0
        },
        "clat_ns" : {
          "min" : 0,
          "max" : 0,
          "mean" : 0.000000,
          "stddev" : 0.000000,
          "N" : 0
        },
        "lat_ns" : {
          "min" : 0,
          "max" : 0,
          "mean" : 0.000000,
          "stddev" : 0.000000,
          "N" : 0
        },
        "bw_min" : 0,
        "bw_max" : 0,
        "bw_agg" : 0.000000,
        "bw_mean" : 0.000000,
        "bw_dev" : 0.000000,
        "bw_samples" : 0,
        "iops_min" : 0,
        "iops_max" : 0,
        "iops_mean" : 0.000000,
        "iops_stddev" : 0.000000,
        "iops_samples" : 0
      },
      "trim" : {
        "io_bytes" : 0,
        "io_kbytes" : 0,
        "bw_bytes" : 0,
        "bw" : 0,
        "iops" : 0.000000,
        "runtime" : 0,
        "total_ios" : 0,
        "short_ios" : 0,
        "drop_ios" : 0,
        "slat_ns" : {
          "min" : 0,
          "max" : 0,
          "mean" : 0.000000,
          "stddev" : 0.000000,
          "N" : 0
        },
        "clat_ns" : {
          "min" : 0,
          "max" : 0,
          "mean" : 0.000000,
          "stddev" : 0.000000,
          "N" : 0
        },
        "lat_ns" : {
          "min" : 0,
          "max" : 0,
          "mean" : 0.000000,
          "stddev" : 0.000000,
          "N" : 0
        },
        "bw_min" : 0,
        "bw_max" : 0,
        "bw_agg" : 0.000000,
        "bw_mean" : 0.000000,
        "bw_dev" : 0.000000,
        "bw_samples" : 0,
        "iops_min" : 0,
        "iops_max" : 0,
        "iops_mean" : 0.000000,
        "iops_stddev" : 0.000000,
        "iops_samples" : 0
      },
      "sync" : {
        "total_ios" : 0,
        "lat_ns" : {
          "min" : 0,
          "max" : 0,
          "mean" : 0.000000,
          "stddev" : 0.000000,
          "N" : 0
        }
      },
      "job_runtime" : 8001,
      "usr_cpu" : 0.112486,
      "sys_cpu" : 3.962005,
      "ctx" : 7431,
      "majf" : 0,
      "minf" : 528,
      "iodepth_level" : {
        "1" : 100.000000,
        "2" : 0.000000,
        "4" : 0.000000,
        "8" : 0.000000,
        "16" : 0.000000,
        "32" : 0.000000,
        ">=64" : 0.000000
      },
      "iodepth_submit" : {
        "0" : 0.000000,
        "4" : 100.000000,
        "8" : 0.000000,
        "16" : 0.000000,
        "32" : 0.000000,
        "64" : 0.000000,
        ">=64" : 0.000000
      },
      "iodepth_complete" : {
        "0" : 0.000000,
        "4" : 100.000000,
        "8" : 0.000000,
        "16" : 0.000000,
        "32" : 0.000000,
        "64" : 0.000000,
        ">=64" : 0.000000
      },
      "latency_ns" : {
        "2" : 0.000000,
        "4" : 0.000000,
        "10" : 0.000000,
        "20" : 0.000000,
        "50" : 0.000000,
        "100" : 0.000000,
        "250" : 0.000000,
        "500" : 0.000000,
        "750" : 0.000000,
        "1000" : 0.000000
      },
      "latency_us" : {
        "2" : 0.000000,
        "4" : 0.000000,
        "10" : 0.000000,
        "20" : 0.000000,
        "50" : 0.000000,
        "100" : 0.000000,
        "250" : 0.000000,
        "500" : 0.000000,
        "750" : 19.518105,
        "1000" : 31.700094
      },
      "latency_ms" : {
        "2" : 48.781801,
        "4" : 0.000000,
        "10" : 0.000000,
        "20" : 0.000000,
        "50" : 0.000000,
        "100" : 0.000000,
        "250" : 0.000000,
        "500" : 0.000000,
        "750" : 0.000000,
        "1000" : 0.000000,
        "2000" : 0.000000,
        ">=2000" : 0.000000
      },
      "latency_depth" : 1,
      "latency_target" : 0,
      "latency_percentile" : 100.000000,
      "latency_window" : 0
    },
    {
      "jobname" : "zone16_read",
      "groupid" : 0,
      "error" : 0,
      "eta" : 0,
      "elapsed" : 9,
      "job options" : {
        "ioengine" : "psync",
        "bs" : "2m",
        "rw" : "read",
        "offset" : "16z",
        "runtime" : "8"
      },
      "read" : {
        "io_bytes" : 15506341888,
        "io_kbytes" : 15142912,
        "bw_bytes" : 1938050479,
        "bw" : 1892627,
        "iops" : 924.134483,
        "runtime" : 8001,
        "total_ios" : 7394,
        "short_ios" : 0,
        "drop_ios" : 0,
        "slat_ns" : {
          "min" : 0,
          "max" : 0,
          "mean" : 0.000000,
          "stddev" : 0.000000,
          "N" : 0
        },
        "clat_ns" : {
          "min" : 534577,
          "max" : 1886347,
          "mean" : 1081352.833649,
          "stddev" : 349792.531602,
          "N" : 7394,
          "percentile" : {
            "1.000000" : 561152,
            "5.000000" : 585728,
            "10.000000" : 618496,
            "20.000000" : 774144,
            "30.000000" : 856064,
            "40.000000" : 872448,
            "50.000000" : 1073152,
            "60.000000" : 1236992,
            "70.000000" : 1269760,
            "80.000000" : 1466368,
            "90.000000" : 1531904,
            "95.000000" : 1679360,
            "99.000000" : 1826816,
            "99.500000" : 1826816,
            "99.900000" : 1843200,
            "99.950000" : 1843200,
            "99.990000" : 1892352
          }
        },
        "lat_ns" : {
          "min" : 534654,
          "max" : 1886378,
          "mean" : 1081421.785367,
          "stddev" : 349790.955281,