{
  "fio version" : "fio-3.35",
  "timestamp" : 1702433529,
  "timestamp_ms" : 1702433529888,
  "time" : "Wed Dec 13 02:12:09 2023",
  "global options" : {
    "direct" : "1",
    "zonemode" : "zbd",
    "name" : "diff_bs",
    "iodepth" : "1",
    "size" : "1z",
    "filename" : "/dev/nvme0n1"
  },
  "jobs" : [
    {
      "jobname" : "zone0_read",
      "groupid" : 0,
      "error" : 0,
      "eta" : 0,
      "elapsed" : 9,
      "job options" : {
        "ioengine" : "psync",
        "bs" : "2m",
        "rw" : "read",
        "offset" : "0z",
        "runtime" : "8"
      },
      "read" : {
        "io_bytes" : 14130610176,
        "io_kbytes" : 13799424,
        "bw_bytes" : 1765884800,
        "bw" : 1724496,
        "iops" : 842.039490,
        "runtime" : 8002,
        "total_ios" : 6738,
        "short_ios" : 0,
        "drop_ios" : 0,
        "slat_ns" : {
          "min" : 0,
          "max" : 0,
          "mean" : 0.000000,
          "stddev" : 0.000000,
          "N" : 0
        },
        "clat_ns" : {
          "min" : 541164,
          "max" : 2753983,
          "mean" : 1186742.626447,
          "stddev" : 459621.612140,
          "N" : 6738,
          "percentile" : {
            "1.000000" : 544768,
            "5.000000" : 626688,
            "10.000000" : 708608,
            "20.000000" : 847872,
            "30.000000" : 847872,
            "40.000000" : 856064,
            "50.000000" : 1089536,
            "60.000000" : 1220608,
            "70.000000" : 1368064,
            "80.000000" : 1548288,
            "90.000000" : 1908736,
            "95.000000" : 2023424,
            "99.000000" : 2342912,
            "99.500000" : 2408448,
            "99.900000" : 2670592,
            "99.950000" : 2736128,
            "99.990000" : 2768896
          }
        },
        "lat_ns" : {
          "min" : 541207,
          "max" : 2754030,
          "mean" : 1186810.501633,
          "stddev" : 459624.329157,
          "N" : 6738
        },
        "bw_min" : 1683456,
        "bw_max" : 1757184,
        "bw_agg" : 49.460616,
        "bw_mean" : 1723869.866667,
        "bw_dev" : 24275.084740,
        "bw_samples" : 15,
        "iops_min" : 822,
        "iops_max" : 858,
        "iops_mean" : 841.733333,
        "iops_stddev" : 11.853069,
        "iops_samples" : 15
      },
      "write" : {
        "io_bytes" : 0,
        "io_kbytes" : 0,
        "bw_bytes" : 0,
        "bw" : 0,
        "iops" : 0.000000,
        "runtime" : 0,
        "total_ios" : 0,
        "short_ios" : 0,
        "drop_ios" : 0,
        "slat_ns" : {
          "min" : 0,
          "max" : 0,
          "mean" : 0.000000,
          "stddev" : 0.000000,
          "N" : 0
        },
        "clat_ns" : {
          "min" : 0,
          "max" : 0,
          "mean" : 0.000000,
          "stddev" : 0.000000,
          "N" : 0
        },
        "lat_ns" : {
          "min" : 0,
          "max" : 0,
          "mean" : 0.000000,
          "stddev" : 0.000000,
          "N" : 0
        },
        "bw_min" : 0,
        "bw_max" : 0,
        "bw_agg" : 0.000000,
        "bw_mean" : 0.000000,
        "bw_dev" : 0.000000,
        "bw_samples" : 0,
        "iops_min" : 0,
        "iops_max" : 0,
        "iops_mean" : 0.000000,
        "iops_stddev" : 0.000000,
        "iops_samples" : 0
      },
      "trim" : {
        "io_bytes" : 0,
        "io_kbytes" : 0,
        "bw_bytes" : 0,
        "bw" : 0,
        "iops" : 0.000000,
        "runtime" : 0,
        "total_ios" : 0,
        "short_ios" : 0,
        "drop_ios" : 0,
        "slat_ns" : {
          "min" : 0,
          "max" : 0,
          "mean" : 0.000000,
          "stddev" : 0.000000,
          "N" : 0
        },
        "clat_ns" : {
          "min" : 0,
          "max" : 0,
          "mean" : 0.000000,
          "stddev" : 0.000000,
          "N" : 0
        },
        "lat_ns" : {
          "min" : 0,
          "max" : 0,
          "mean" : 0.000000,
          "stddev" : 0.000000,
          "N" : 0
        },
        "bw_min" : 0,
        "bw_max" : 0,
        "bw_agg" : 0.000000,
        "bw_mean" : 0.000000,
        "bw_dev" : 0.000000,
        "bw_samples" : 0,
        "iops_min" : 0,
        "iops_max" : 0,
        "iops_mean" : 0.000000,
        "iops_stddev" : 0.000000,
        "iops_samples" : 0
      },
      "sync" : {
        "total_ios" : 0,
        "lat_ns" : {
          "min" : 0,
          "max" : 0,
          "mean" : 0.000000,
          "stddev" : 0.000000,
          "N" : 0
        }
      },
      "job_runtime" : 8001,
      "usr_cpu" : 0.087489,
      "sys_cpu" : 3.387077,
      "ctx" : 6744,
      "majf" : 0,
      "minf" : 528,
      "iodepth_level" : {
        "1" : 100.000000,
        "2" : 0.000000,
        "4" : 0.000000,
        "8" : 0.000000,
        "16" : 0.000000,
        "32" : 0.000000,
        ">=64" : 0.000000
      },
      "iodepth_submit" : {
        "0" : 0.000000,
        "4" : 100.000000,
        "8" : 0.000000,
        "16" : 0.000000,
        "32" : 0.000000,
        "64" : 0.000000,
        ">=64" : 0.000000
      },
      "iodepth_complete" : {
        "0" : 0.000000,
        "4" : 100.000000,
        "8" : 0.000000,
        "16" : 0.000000,
        "32" : 0.000000,
        "64" : 0.000000,
        ">=64" : 0.000000
      },
      "latency_ns" : {
        "2" : 0.000000,
        "4" : 0.000000,
        "10" : 0.000000,
        "20" : 0.000000,
        "50" : 0.000000,
        "100" : 0.000000,
        "250" : 0.000000,
        "500" : 0.000000,
        "750" : 0.000000,
        "1000" : 0.000000
      },
      "latency_us" : {
        "2" : 0.000000,
        "4" : 0.000000,
        "10" : 0.000000,
        "20" : 0.000000,
        "50" : 0.000000,
        "100" : 0.000000,
        "250" : 0.000000,
        "500" : 0.000000,
        "750" : 13.089938,
        "1000" : 33.303651
      },
      "latency_ms" : {
        "2" : 46.081923,
        "4" : 7.524488,
        "10" : 0.000000,
        "20" : 0.000000,
        "50" : 0.000000,
        "100" : 0.000000,
        "250" : 0.000000,
        "500" : 0.000000,
        "750" : 0.000000,
        "1000" : 0.000000,
        "2000" : 0.000000,
        ">=2000" : 0.000000
      },
      "latency_depth" : 1,
      "latency_target" : 0,
      "latency_percentile" : 100.000000,
      "latency_window" : 0
    },
    {
      "jobname" : "zone1_read",
      "groupid" : 0,
      "error" : 0,
      "eta" : 0,
      "elapsed" : 9,
      "job options" : {
        "ioengine" : "psync",
        "bs" : "2m",
        "rw" : "read",
        "offset" : "1z",
        "runtime" : "8"
      },
      "read" : {
        "io_bytes" : 14428405760,
        "io_kbytes" : 14090240,
        "bw_bytes" : 1803325304,
        "bw" : 1761059,
        "iops" : 859.892513,
        "runtime" : 8001,
        "total_ios" : 6880,
        "short_ios" : 0,
        "drop_ios" : 0,
        "slat_ns" : {
          "min" : 0,
          "max" : 0,
          "mean" : 0.000000,
          "stddev" : 0.000000,
          "N" : 0
        },
        "clat_ns" : {
          "min" : 516772,
          "max" : 2745444,
          "mean" : 1162167.390698,
          "stddev" : 453460.405598,
          "N" : 6880,
          "percentile" : {
            "1.000000" : 518144,
            "5.000000" : 569344,
            "10.000000" : 651264,
            "20.000000" : 847872,
            "30.000000" : 847872,
            "40.000000" : 847872,
            "50.000000" : 1073152,
            "60.000000" : 1204224,
            "70.000000" : 1335296,
            "80.000000" : 1499136,
            "90.000000" : 1843200,
            "95.000000" : 2023424,
            "99.000000" : 2342912,
            "99.500000" : 2408448,
            "99.900000" : 2605056,
            "99.950000" : 2703360,
            "99.990000" : 2736128
          }
        },
        "lat_ns" : {
          "min" : 516826,
          "max" : 2745471,
          "mean" : 1162234.768314,
          "stddev" : 453461.158686,