{
  "fio version" : "fio-3.35",
  "timestamp" : 1702433539,
  "timestamp_ms" : 1702433539944,
  "time" : "Wed Dec 13 02:12:19 2023",
  "global options" : {
    "direct" : "1",
    "zonemode" : "zbd",
    "name" : "diff_bs",
    "iodepth" : "1",
    "size" : "1z",
    "filename" : "/dev/nvme0n1"
  },
  "jobs" : [
    {
      "jobname" : "zone0_read",
      "groupid" : 0,
      "error" : 0,
      "eta" : 0,
      "elapsed" : 9,
      "job options" : {
        "ioengine" : "psync",
        "bs" : "2m",
        "rw" : "read",
        "offset" : "0z",
        "runtime" : "8"
      },
      "read" : {
        "io_bytes" : 15281946624,
        "io_kbytes" : 14923776,
        "bw_bytes" : 1910004577,
        "bw" : 1865238,
        "iops" : 910.761155,
        "runtime" : 8001,
        "total_ios" : 7287,
        "short_ios" : 0,
        "drop_ios" : 0,
        "slat_ns" : {
          "min" : 0,
          "max" : 0,
          "mean" : 0.000000,
          "stddev" : 0.000000,
          "N" : 0
        },
        "clat_ns" : {
          "min" : 610064,
          "max" : 1810950,
          "mean" : 1097293.235762,
          "stddev" : 262582.719531,
          "N" : 7287,
          "percentile" : {
            "1.000000" : 708608,
            "5.000000" : 716800,
            "10.000000" : 724992,
            "20.000000" : 847872,
            "30.000000" : 946176,
            "40.000000" : 946176,
            "50.000000" : 995328,
            "60.000000" : 1236992,
            "70.000000" : 1253376,
            "80.000000" : 1253376,
            "90.000000" : 1581056,
            "95.000000" : 1581056,
            "99.000000" : 1597440,
            "99.500000" : 1597440,
            "99.900000" : 1613824,
            "99.950000" : 1630208,
            "99.990000" : 1810432
          }
        },
        "lat_ns" : {
          "min" : 610105,
          "max" : 1810994,
          "mean" : 1097347.720324,
          "stddev" : 262582.594643,
          "N" : 7287
        },
        "bw_min" : 1859584,
        "bw_max" : 1867776,
        "bw_agg" : 50.024529,
        "bw_mean" : 1866410.666667,
        "bw_dev" : 2528.106086,
        "bw_samples" : 15,
        "iops_min" : 908,
        "iops_max" : 912,
        "iops_mean" : 911.333333,
        "iops_stddev" : 1.234427,
        "iops_samples" : 15
      },
      "write" : {
        "io_bytes" : 0,
        "io_kbytes" : 0,
        "bw_bytes" : 0,
        "bw" : 0,
        "iops" : 0.000000,
        "runtime" : 0,
        "total_ios" : 0,
        "short_ios" : 0,
        "drop_ios" : 0,
        "slat_ns" : {
          "min" : 0,
          "max" : 0,
          "mean" : 0.000000,
          "stddev" : 0.000000,
          "N" : 0
        },
        "clat_ns" : {
          "min" : 0,
          "max" : 0,
          "mean" : 0.000000,
          "stddev" : 0.000000,
          "N" : 0
        },
        "lat_ns" : {
          "min" : 0,
          "max" : 0,
          "mean" : 0.000000,
          "stddev" : 0.000000,
          "N" : 0
        },
        "bw_min" : 0,
        "bw_max" : 0,
        "bw_agg" : 0.000000,
        "bw_mean" : 0.000000,
        "bw_dev" : 0.000000,
        "bw_samples" : 0,
        "iops_min" : 0,
        "iops_max" : 0,
        "iops_mean" : 0.000000,
        "iops_stddev" : 0.000000,
        "iops_samples" : 0
      },
      "trim" : {
        "io_bytes" : 0,
        "io_kbytes" : 0,
        "bw_bytes" : 0,
        "bw" : 0,
        "iops" : 0.000000,
        "runtime" : 0,
        "total_ios" : 0,
        "short_ios" : 0,
        "drop_ios" : 0,
        "slat_ns" : {
          "min" : 0,
          "max" : 0,
          "mean" : 0.000000,
          "stddev" : 0.000000,
          "N" : 0
        },
        "clat_ns" : {
          "min" : 0,
          "max" : 0,
          "mean" : 0.000000,
          "stddev" : 0.000000,
          "N" : 0
        },
        "lat_ns" : {
          "min" : 0,
          "max" : 0,
          "mean" : 0.000000,
          "stddev" : 0.000000,
          "N" : 0
        },
        "bw_min" : 0,
        "bw_max" : 0,
        "bw_agg" : 0.000000,
        "bw_mean" : 0.000000,
        "bw_dev" : 0.000000,
        "bw_samples" : 0,
        "iops_min" : 0,
        "iops_max" : 0,
        "iops_mean" : 0.000000,
        "iops_stddev" : 0.000000,
        "iops_samples" : 0
      },
      "sync" : {
        "total_ios" : 0,
        "lat_ns" : {
          "min" : 0,
          "max" : 0,
          "mean" : 0.000000,
          "stddev" : 0.000000,
          "N" : 0
        }
      },
      "job_runtime" : 8000,
      "usr_cpu" : 0.187500,
      "sys_cpu" : 3.637500,
      "ctx" : 7289,
      "majf" : 0,
      "minf" : 523,
      "iodepth_level" : {
        "1" : 100.000000,
        "2" : 0.000000,
        "4" : 0.000000,
        "8" : 0.000000,
        "16" : 0.000000,
        "32" : 0.000000,
        ">=64" : 0.000000
      },
      "iodepth_submit" : {
        "0" : 0.000000,
        "4" : 100.000000,
        "8" : 0.000000,
        "16" : 0.000000,
        "32" : 0.000000,
        "64" : 0.000000,
        ">=64" : 0.000000
      },
      "iodepth_complete" : {
        "0" : 0.000000,
        "4" : 100.000000,
        "8" : 0.000000,
        "16" : 0.000000,
        "32" : 0.000000,
        "64" : 0.000000,
        ">=64" : 0.000000
      },
      "latency_ns" : {
        "2" : 0.000000,
        "4" : 0.000000,
        "10" : 0.000000,
        "20" : 0.000000,
        "50" : 0.000000,
        "100" : 0.000000,
        "250" : 0.000000,
        "500" : 0.000000,
        "750" : 0.000000,
        "1000" : 0.000000
      },
      "latency_us" : {
        "2" : 0.000000,
        "4" : 0.000000,
        "10" : 0.000000,
        "20" : 0.000000,
        "50" : 0.000000,
        "100" : 0.000000,
        "250" : 0.000000,
        "500" : 0.000000,
        "750" : 12.337039,
        "1000" : 37.683546
      },
      "latency_ms" : {
        "2" : 49.979415,
        "4" : 0.000000,
        "10" : 0.000000,
        "20" : 0.000000,
        "50" : 0.000000,
        "100" : 0.000000,
        "250" : 0.000000,
        "500" : 0.000000,
        "750" : 0.000000,
        "1000" : 0.000000,
        "2000" : 0.000000,
        ">=2000" : 0.000000
      },
      "latency_depth" : 1,
      "latency_target" : 0,
      "latency_percentile" : 100.000000,
      "latency_window" : 0
    },
    {
      "jobname" : "zone2_read",
      "groupid" : 0,
      "error" : 0,
      "eta" : 0,
      "elapsed" : 9,
      "job options" : {
        "ioengine" : "psync",
        "bs" : "2m",
        "rw" : "read",
        "offset" : "2z",
        "runtime" : "8"
      },
      "read" : {
        "io_bytes" : 15286140928,
        "io_kbytes" : 14927872,
        "bw_bytes" : 1910528799,
        "bw" : 1865750,
        "iops" : 911.011124,
        "runtime" : 8001,
        "total_ios" : 7289,
        "short_ios" : 0,
        "drop_ios" : 0,
        "slat_ns" : {
          "min" : 0,
          "max" : 0,
          "mean" : 0.000000,
          "stddev" : 0.000000,
          "N" : 0
        },
        "clat_ns" : {
          "min" : 591320,
          "max" : 1811059,
          "mean" : 1097118.479352,
          "stddev" : 273501.740944,
          "N" : 7289,
          "percentile" : {
            "1.000000" : 610304,
            "5.000000" : 610304,
            "10.000000" : 618496,
            "20.000000" : 946176,
            "30.000000" : 946176,
            "40.000000" : 946176,
            "50.000000" : 1044480,
            "60.000000" : 1236992,
            "70.000000" : 1253376,
            "80.000000" : 1253376,
            "90.000000" : 1581056,
            "95.000000" : 1581056,
            "99.000000" : 1597440,
            "99.500000" : 1597440,
            "99.900000" : 1613824,
            "99.950000" : 1646592,
            "99.990000" : 1810432
          }
        },
        "lat_ns" : {
          "min" : 591455,
          "max" : 1811105,
          "mean" : 1097166.683770,
          "stddev" : 273501.201472,