{
  "fio version" : "fio-3.35",
  "timestamp" : 1702433548,
  "timestamp_ms" : 1702433548778,
  "time" : "Wed Dec 13 02:12:28 2023",
  "global options" : {
    "direct" : "1",
    "zonemode" : "zbd",
    "name" : "diff_bs",
    "iodepth" : "1",
    "size" : "1z",
    "filename" : "/dev/nvme0n1"
  },
  "jobs" : [
    {
      "jobname" : "zone0_read",
      "groupid" : 0,
      "error" : 0,
      "eta" : 0,
      "elapsed" : 9,
      "job options" : {
        "ioengine" : "psync",
        "bs" : "2m",
        "rw" : "read",
        "offset" : "0z",
        "runtime" : "8"
      },
      "read" : {
        "io_bytes" : 15317598208,
        "io_kbytes" : 14958592,
        "bw_bytes" : 1914460468,
        "bw" : 1869590,
        "iops" : 912.885889,
        "runtime" : 8001,
        "total_ios" : 7304,
        "short_ios" : 0,
        "drop_ios" : 0,
        "slat_ns" : {
          "min" : 0,
          "max" : 0,
          "mean" : 0.000000,
          "stddev" : 0.000000,
          "N" : 0
        },
        "clat_ns" : {
          "min" : 515119,
          "max" : 2490865,
          "mean" : 1094807.268757,
          "stddev" : 386784.264806,
          "N" : 7304,
          "percentile" : {
            "1.000000" : 569344,
            "5.000000" : 602112,
            "10.000000" : 774144,
            "20.000000" : 847872,
            "30.000000" : 847872,
            "40.000000" : 847872,
            "50.000000" : 847872,
            "60.000000" : 954368,
            "70.000000" : 1400832,
            "80.000000" : 1515520,
            "90.000000" : 1662976,
            "95.000000" : 1859584,
            "99.000000" : 1974272,
            "99.500000" : 1990656,
            "99.900000" : 1990656,
            "99.950000" : 1990656,
            "99.990000" : 2506752
          }
        },
        "lat_ns" : {
          "min" : 515149,
          "max" : 2491128,
          "mean" : 1094856.673467,
          "stddev" : 386783.581287,
          "N" : 7304
        },
        "bw_min" : 1699840,
        "bw_max" : 1978368,
        "bw_agg" : 49.843536,
        "bw_mean" : 1863995.000000,
        "bw_dev" : 128071.282117,
        "bw_samples" : 15,
        "iops_min" : 830,
        "iops_max" : 966,
        "iops_mean" : 910.133333,
        "iops_stddev" : 62.557250,
        "iops_samples" : 15
      },
      "write" : {
        "io_bytes" : 0,
        "io_kbytes" : 0,
        "bw_bytes" : 0,
        "bw" : 0,
        "iops" : 0.000000,
        "runtime" : 0,
        "total_ios" : 0,
        "short_ios" : 0,
        "drop_ios" : 0,
        "slat_ns" : {
          "min" : 0,
          "max" : 0,
          "mean" : 0.000000,
          "stddev" : 0.000000,
          "N" : 0
        },
        "clat_ns" : {
          "min" : 0,
          "max" : 0,
          "mean" : 0.000000,
          "stddev" : 0.000000,
          "N" : 0
        },
        "lat_ns" : {
          "min" : 0,
          "max" : 0,
          "mean" : 0.000000,
          "stddev" : 0.000000,
          "N" : 0
        },
        "bw_min" : 0,
        "bw_max" : 0,
        "bw_agg" : 0.000000,
        "bw_mean" : 0.000000,
        "bw_dev" : 0.000000,
        "bw_samples" : 0,
        "iops_min" : 0,
        "iops_max" : 0,
        "iops_mean" : 0.000000,
        "iops_stddev" : 0.000000,
        "iops_samples" : 0
      },
      "trim" : {
        "io_bytes" : 0,
        "io_kbytes" : 0,
        "bw_bytes" : 0,
        "bw" : 0,
        "iops" : 0.000000,
        "runtime" : 0,
        "total_ios" : 0,
        "short_ios" : 0,
        "drop_ios" : 0,
        "slat_ns" : {
          "min" : 0,
          "max" : 0,
          "mean" : 0.000000,
          "stddev" : 0.000000,
          "N" : 0
        },
        "clat_ns" : {
          "min" : 0,
          "max" : 0,
          "mean" : 0.000000,
          "stddev" : 0.000000,
          "N" : 0
        },
        "lat_ns" : {
          "min" : 0,
          "max" : 0,
          "mean" : 0.000000,
          "stddev" : 0.000000,
          "N" : 0
        },
        "bw_min" : 0,
        "bw_max" : 0,
        "bw_agg" : 0.000000,
        "bw_mean" : 0.000000,
        "bw_dev" : 0.000000,
        "bw_samples" : 0,
        "iops_min" : 0,
        "iops_max" : 0,
        "iops_mean" : 0.000000,
        "iops_stddev" : 0.000000,
        "iops_samples" : 0
      },
      "sync" : {
        "total_ios" : 0,
        "lat_ns" : {
          "min" : 0,
          "max" : 0,
          "mean" : 0.000000,
          "stddev" : 0.000000,
          "N" : 0
        }
      },
      "job_runtime" : 8000,
      "usr_cpu" : 0.050000,
      "sys_cpu" : 3.612500,
      "ctx" : 7307,
      "majf" : 0,
      "minf" : 528,
      "iodepth_level" : {
        "1" : 100.000000,
        "2" : 0.000000,
        "4" : 0.000000,
        "8" : 0.000000,
        "16" : 0.000000,
        "32" : 0.000000,
        ">=64" : 0.000000
      },
      "iodepth_submit" : {
        "0" : 0.000000,
        "4" : 100.000000,
        "8" : 0.000000,
        "16" : 0.000000,
        "32" : 0.000000,
        "64" : 0.000000,
        ">=64" : 0.000000
      },
      "iodepth_complete" : {
        "0" : 0.000000,
        "4" : 100.000000,
        "8" : 0.000000,
        "16" : 0.000000,
        "32" : 0.000000,
        "64" : 0.000000,
        ">=64" : 0.000000
      },
      "latency_ns" : {
        "2" : 0.000000,
        "4" : 0.000000,
        "10" : 0.000000,
        "20" : 0.000000,
        "50" : 0.000000,
        "100" : 0.000000,
        "250" : 0.000000,
        "500" : 0.000000,
        "750" : 0.000000,
        "1000" : 0.000000
      },
      "latency_us" : {
        "2" : 0.000000,
        "4" : 0.000000,
        "10" : 0.000000,
        "20" : 0.000000,
        "50" : 0.000000,
        "100" : 0.000000,
        "250" : 0.000000,
        "500" : 0.000000,
        "750" : 8.214677,
        "1000" : 54.846659
      },
      "latency_ms" : {
        "2" : 36.897590,
        "4" : 0.041073,
        "10" : 0.000000,
        "20" : 0.000000,
        "50" : 0.000000,
        "100" : 0.000000,
        "250" : 0.000000,
        "500" : 0.000000,
        "750" : 0.000000,
        "1000" : 0.000000,
        "2000" : 0.000000,
        ">=2000" : 0.000000
      },
      "latency_depth" : 1,
      "latency_target" : 0,
      "latency_percentile" : 100.000000,
      "latency_window" : 0
    },
    {
      "jobname" : "zone4_read",
      "groupid" : 0,
      "error" : 0,
      "eta" : 0,
      "elapsed" : 9,
      "job options" : {
        "ioengine" : "psync",
        "bs" : "2m",
        "rw" : "read",
        "offset" : "4z",
        "runtime" : "8"
      },
      "read" : {
        "io_bytes" : 15321792512,
        "io_kbytes" : 14962688,
        "bw_bytes" : 1914984690,
        "bw" : 1870102,
        "iops" : 913.135858,
        "runtime" : 8001,
        "total_ios" : 7306,
        "short_ios" : 0,
        "drop_ios" : 0,
        "slat_ns" : {
          "min" : 0,
          "max" : 0,
          "mean" : 0.000000,
          "stddev" : 0.000000,
          "N" : 0
        },
        "clat_ns" : {
          "min" : 535579,
          "max" : 2081712,
          "mean" : 1094535.852724,
          "stddev" : 393106.153954,
          "N" : 7306,
          "percentile" : {
            "1.000000" : 643072,
            "5.000000" : 684032,
            "10.000000" : 692224,
            "20.000000" : 847872,
            "30.000000" : 847872,
            "40.000000" : 847872,
            "50.000000" : 847872,
            "60.000000" : 954368,
            "70.000000" : 1433600,
            "80.000000" : 1515520,
            "90.000000" : 1662976,
            "95.000000" : 1843200,
            "99.000000" : 1974272,
            "99.500000" : 1990656,
            "99.900000" : 1990656,
            "99.950000" : 1990656,
            "99.990000" : 2088960
          }
        },
        "lat_ns" : {
          "min" : 535610,
          "max" : 2081763,
          "mean" : 1094584.770463,
          "stddev" : 393110.706330,