{
  "fio version" : "fio-3.35",
  "timestamp" : 1702433557,
  "timestamp_ms" : 1702433557614,
  "time" : "Wed Dec 13 02:12:37 2023",
  "global options" : {
    "direct" : "1",
    "zonemode" : "zbd",
    "name" : "diff_bs",
    "iodepth" : "1",
    "size" : "1z",
    "filename" : "/dev/nvme0n1"
  },
  "jobs" : [
    {
      "jobname" : "zone0_read",
      "groupid" : 0,
      "error" : 0,
      "eta" : 0,
      "elapsed" : 9,
      "job options" : {
        "ioengine" : "psync",
        "bs" : "2m",
        "rw" : "read",
        "offset" : "0z",
        "runtime" : "8"
      },
      "read" : {
        "io_bytes" : 15246295040,
        "io_kbytes" : 14888960,
        "bw_bytes" : 1905548686,
        "bw" : 1860887,
        "iops" : 908.636420,
        "runtime" : 8001,
        "total_ios" : 7270,
        "short_ios" : 0,
        "drop_ios" : 0,
        "slat_ns" : {
          "min" : 0,
          "max" : 0,
          "mean" : 0.000000,
          "stddev" : 0.000000,
          "N" : 0
        },
        "clat_ns" : {
          "min" : 507067,
          "max" : 2021702,
          "mean" : 1099839.776891,
          "stddev" : 444138.244757,
          "N" : 7270,
          "percentile" : {
            "1.000000" : 509952,
            "5.000000" : 514048,
            "10.000000" : 561152,
            "20.000000" : 741376,
            "30.000000" : 823296,
            "40.000000" : 823296,
            "50.000000" : 823296,
            "60.000000" : 1302528,
            "70.000000" : 1482752,
            "80.000000" : 1613824,
            "90.000000" : 1695744,
            "95.000000" : 1810432,
            "99.000000" : 1974272,
            "99.500000" : 1990656,
            "99.900000" : 2007040,
            "99.950000" : 2007040,
            "99.990000" : 2023424
          }
        },
        "lat_ns" : {
          "min" : 507093,
          "max" : 2021732,
          "mean" : 1099892.582118,
          "stddev" : 444139.402700,
          "N" : 7270
        },
        "bw_min" : 1830912,
        "bw_max" : 1912832,
        "bw_agg" : 51.225906,
        "bw_mean" : 1862587.733333,
        "bw_dev" : 17683.193989,
        "bw_samples" : 15,
        "iops_min" : 894,
        "iops_max" : 934,
        "iops_mean" : 909.466667,
        "iops_stddev" : 8.634372,
        "iops_samples" : 15
      },
      "write" : {
        "io_bytes" : 0,
        "io_kbytes" : 0,
        "bw_bytes" : 0,
        "bw" : 0,
        "iops" : 0.000000,
        "runtime" : 0,
        "total_ios" : 0,
        "short_ios" : 0,
        "drop_ios" : 0,
        "slat_ns" : {
          "min" : 0,
          "max" : 0,
          "mean" : 0.000000,
          "stddev" : 0.000000,
          "N" : 0
        },
        "clat_ns" : {
          "min" : 0,
          "max" : 0,
          "mean" : 0.000000,
          "stddev" : 0.000000,
          "N" : 0
        },
        "lat_ns" : {
          "min" : 0,
          "max" : 0,
          "mean" : 0.000000,
          "stddev" : 0.000000,
          "N" : 0
        },
        "bw_min" : 0,
        "bw_max" : 0,
        "bw_agg" : 0.000000,
        "bw_mean" : 0.000000,
        "bw_dev" : 0.000000,
        "bw_samples" : 0,
        "iops_min" : 0,
        "iops_max" : 0,
        "iops_mean" : 0.000000,
        "iops_stddev" : 0.000000,
        "iops_samples" : 0
      },
      "trim" : {
        "io_bytes" : 0,
        "io_kbytes" : 0,
        "bw_bytes" : 0,
        "bw" : 0,
        "iops" : 0.000000,
        "runtime" : 0,
        "total_ios" : 0,
        "short_ios" : 0,
        "drop_ios" : 0,
        "slat_ns" : {
          "min" : 0,
          "max" : 0,
          "mean" : 0.000000,
          "stddev" : 0.000000,
          "N" : 0
        },
        "clat_ns" : {
          "min" : 0,
          "max" : 0,
          "mean" : 0.000000,
          "stddev" : 0.000000,
          "N" : 0
        },
        "lat_ns" : {
          "min" : 0,
          "max" : 0,
          "mean" : 0.000000,
          "stddev" : 0.000000,
          "N" : 0
        },
        "bw_min" : 0,
        "bw_max" : 0,
        "bw_agg" : 0.000000,
        "bw_mean" : 0.000000,
        "bw_dev" : 0.000000,
        "bw_samples" : 0,
        "iops_min" : 0,
        "iops_max" : 0,
        "iops_mean" : 0.000000,
        "iops_stddev" : 0.000000,
        "iops_samples" : 0
      },
      "sync" : {
        "total_ios" : 0,
        "lat_ns" : {
          "min" : 0,
          "max" : 0,
          "mean" : 0.000000,
          "stddev" : 0.000000,
          "N" : 0
        }
      },
      "job_runtime" : 8000,
      "usr_cpu" : 0.175000,
      "sys_cpu" : 3.525000,
      "ctx" : 7271,
      "majf" : 0,
      "minf" : 523,
      "iodepth_level" : {
        "1" : 100.000000,
        "2" : 0.000000,
        "4" : 0.000000,
        "8" : 0.000000,
        "16" : 0.000000,
        "32" : 0.000000,
        ">=64" : 0.000000
      },
      "iodepth_submit" : {
        "0" : 0.000000,
        "4" : 100.000000,
        "8" : 0.000000,
        "16" : 0.000000,
        "32" : 0.000000,
        "64" : 0.000000,
        ">=64" : 0.000000
      },
      "iodepth_complete" : {
        "0" : 0.000000,
        "4" : 100.000000,
        "8" : 0.000000,
        "16" : 0.000000,
        "32" : 0.000000,
        "64" : 0.000000,
        ">=64" : 0.000000
      },
      "latency_ns" : {
        "2" : 0.000000,
        "4" : 0.000000,
        "10" : 0.000000,
        "20" : 0.000000,
        "50" : 0.000000,
        "100" : 0.000000,
        "250" : 0.000000,
        "500" : 0.000000,
        "750" : 0.000000,
        "1000" : 0.000000
      },
      "latency_us" : {
        "2" : 0.000000,
        "4" : 0.000000,
        "10" : 0.000000,
        "20" : 0.000000,
        "50" : 0.000000,
        "100" : 0.000000,
        "250" : 0.000000,
        "500" : 0.000000,
        "750" : 21.072902,
        "1000" : 33.026135
      },
      "latency_ms" : {
        "2" : 45.722146,
        "4" : 0.178817,
        "10" : 0.000000,
        "20" : 0.000000,
        "50" : 0.000000,
        "100" : 0.000000,
        "250" : 0.000000,
        "500" : 0.000000,
        "750" : 0.000000,
        "1000" : 0.000000,
        "2000" : 0.000000,
        ">=2000" : 0.000000
      },
      "latency_depth" : 1,
      "latency_target" : 0,
      "latency_percentile" : 100.000000,
      "latency_window" : 0
    },
    {
      "jobname" : "zone8_read",
      "groupid" : 0,
      "error" : 0,
      "eta" : 0,
      "elapsed" : 9,
      "job options" : {
        "ioengine" : "psync",
        "bs" : "2m",
        "rw" : "read",
        "offset" : "8z",
        "runtime" : "8"
      },
      "read" : {
        "io_bytes" : 14543749120,
        "io_kbytes" : 14202880,
        "bw_bytes" : 1817741422,
        "bw" : 1775138,
        "iops" : 866.766654,
        "runtime" : 8001,
        "total_ios" : 6935,
        "short_ios" : 0,
        "drop_ios" : 0,
        "slat_ns" : {
          "min" : 0,
          "max" : 0,
          "mean" : 0.000000,
          "stddev" : 0.000000,
          "N" : 0
        },
        "clat_ns" : {
          "min" : 508801,
          "max" : 2046427,
          "mean" : 1152990.755155,
          "stddev" : 433061.210931,
          "N" : 6935,
          "percentile" : {
            "1.000000" : 544768,
            "5.000000" : 577536,
            "10.000000" : 626688,
            "20.000000" : 741376,
            "30.000000" : 823296,
            "40.000000" : 823296,
            "50.000000" : 1253376,
            "60.000000" : 1318912,
            "70.000000" : 1482752,
            "80.000000" : 1613824,
            "90.000000" : 1679360,
            "95.000000" : 1810432,
            "99.000000" : 2007040,
            "99.500000" : 2023424,
            "99.900000" : 2023424,
            "99.950000" : 2039808,
            "99.990000" : 2039808
          }
        },
        "lat_ns" : {
          "min" : 508854,
          "max" : 2046453,
          "mean" : 1153049.893439,
          "stddev" : 433063.220080,