{
  "fio version" : "fio-3.35",
  "timestamp" : 1702348031,
  "timestamp_ms" : 1702348031029,
  "time" : "Tue Dec 12 02:27:11 2023",
  "global options" : {
    "direct" : "1",
    "zonemode" : "zbd",
    "name" : "diff_bs",
    "iodepth" : "1",
    "size" : "1z",
    "filename" : "/dev/nvme0n1"
  },
  "jobs" : [
    {
      "jobname" : "zone0_read",
      "groupid" : 0,
      "error" : 0,
      "eta" : 0,
      "elapsed" : 9,
      "job options" : {
        "ioengine" : "psync",
        "bs" : "2m",
        "rw" : "read",
        "offset" : "0z",
        "runtime" : "8"
      },
      "read" : {
        "io_bytes" : 2602565632,
        "io_kbytes" : 2541568,
        "bw_bytes" : 325239394,
        "bw" : 317616,
        "iops" : 155.086228,
        "runtime" : 8002,
        "total_ios" : 1241,
        "short_ios" : 0,
        "drop_ios" : 0,
        "slat_ns" : {
          "min" : 0,
          "max" : 0,
          "mean" : 0.000000,
          "stddev" : 0.000000,
          "N" : 0
        },
        "clat_ns" : {
          "min" : 3290291,
          "max" : 6550396,
          "mean" : 6445639.713135,
          "stddev" : 246764.559404,
          "N" : 1241,
          "percentile" : {
            "1.000000" : 4751360,
            "5.000000" : 6455296,
            "10.000000" : 6455296,
            "20.000000" : 6455296,
            "30.000000" : 6455296,
            "40.000000" : 6455296,
            "50.000000" : 6455296,
            "60.000000" : 6455296,
            "70.000000" : 6455296,
            "80.000000" : 6520832,
            "90.000000" : 6520832,
            "95.000000" : 6520832,
            "99.000000" : 6520832,
            "99.500000" : 6520832,
            "99.900000" : 6520832,
            "99.950000" : 6520832,
            "99.990000" : 6520832
          }
        },
        "lat_ns" : {
          "min" : 3290378,
          "max" : 6550427,
          "mean" : 6445779.498791,
          "stddev" : 246759.940690,
          "N" : 1241
        },
        "bw_min" : 315392,
        "bw_max" : 319488,
        "bw_agg" : 50.055345,
        "bw_mean" : 317849.600000,
        "bw_dev" : 2077.051096,
        "bw_samples" : 15,
        "iops_min" : 154,
        "iops_max" : 156,
        "iops_mean" : 155.200000,
        "iops_stddev" : 1.014185,
        "iops_samples" : 15
      },
      "write" : {
        "io_bytes" : 0,
        "io_kbytes" : 0,
        "bw_bytes" : 0,
        "bw" : 0,
        "iops" : 0.000000,
        "runtime" : 0,
        "total_ios" : 0,
        "short_ios" : 0,
        "drop_ios" : 0,
        "slat_ns" : {
          "min" : 0,
          "max" : 0,
          "mean" : 0.000000,
          "stddev" : 0.000000,
          "N" : 0
        },
        "clat_ns" : {
          "min" : 0,
          "max" : 0,
          "mean" : 0.000000,
          "stddev" : 0.000000,
          "N" : 0
        },
        "lat_ns" : {
          "min" : 0,
          "max" : 0,
          "mean" : 0.000000,
          "stddev" : 0.000000,
          "N" : 0
        },
        "bw_min" : 0,
        "bw_max" : 0,
        "bw_agg" : 0.000000,
        "bw_mean" : 0.000000,
        "bw_dev" : 0.000000,
        "bw_samples" : 0,
        "iops_min" : 0,
        "iops_max" : 0,
        "iops_mean" : 0.000000,
        "iops_stddev" : 0.000000,
        "iops_samples" : 0
      },
      "trim" : {
        "io_bytes" : 0,
        "io_kbytes" : 0,
        "bw_bytes" : 0,
        "bw" : 0,
        "iops" : 0.000000,
        "runtime" : 0,
        "total_ios" : 0,
        "short_ios" : 0,
        "drop_ios" : 0,
        "slat_ns" : {
          "min" : 0,
          "max" : 0,
          "mean" : 0.000000,
          "stddev" : 0.000000,
          "N" : 0
        },
        "clat_ns" : {
          "min" : 0,
          "max" : 0,
          "mean" : 0.000000,
          "stddev" : 0.000000,
          "N" : 0
        },
        "lat_ns" : {
          "min" : 0,
          "max" : 0,
          "mean" : 0.000000,
          "stddev" : 0.000000,
          "N" : 0
        },
        "bw_min" : 0,
        "bw_max" : 0,
        "bw_agg" : 0.000000,
        "bw_mean" : 0.000000,
        "bw_dev" : 0.000000,
        "bw_samples" : 0,
        "iops_min" : 0,
        "iops_max" : 0,
        "iops_mean" : 0.000000,
        "iops_stddev" : 0.000000,
        "iops_samples" : 0
      },
      "sync" : {
        "total_ios" : 0,
        "lat_ns" : {
          "min" : 0,
          "max" : 0,
          "mean" : 0.000000,
          "stddev" : 0.000000,
          "N" : 0
        }
      },
      "job_runtime" : 8001,
      "usr_cpu" : 0.049994,
      "sys_cpu" : 0.849894,
      "ctx" : 1241,
      "majf" : 0,
      "minf" : 524,
      "iodepth_level" : {
        "1" : 100.000000,
        "2" : 0.000000,
        "4" : 0.000000,
        "8" : 0.000000,
        "16" : 0.000000,
        "32" : 0.000000,
        ">=64" : 0.000000
      },
      "iodepth_submit" : {
        "0" : 0.000000,
        "4" : 100.000000,
        "8" : 0.000000,
        "16" : 0.000000,
        "32" : 0.000000,
        "64" : 0.000000,
        ">=64" : 0.000000
      },
      "iodepth_complete" : {
        "0" : 0.000000,
        "4" : 100.000000,
        "8" : 0.000000,
        "16" : 0.000000,
        "32" : 0.000000,
        "64" : 0.000000,
        ">=64" : 0.000000
      },
      "latency_ns" : {
        "2" : 0.000000,
        "4" : 0.000000,
        "10" : 0.000000,
        "20" : 0.000000,
        "50" : 0.000000,
        "100" : 0.000000,
        "250" : 0.000000,
        "500" : 0.000000,
        "750" : 0.000000,
        "1000" : 0.000000
      },
      "latency_us" : {
        "2" : 0.000000,
        "4" : 0.000000,
        "10" : 0.000000,
        "20" : 0.000000,
        "50" : 0.000000,
        "100" : 0.000000,
        "250" : 0.000000,
        "500" : 0.000000,
        "750" : 0.000000,
        "1000" : 0.000000
      },
      "latency_ms" : {
        "2" : 0.000000,
        "4" : 0.322321,
        "10" : 99.677679,
        "20" : 0.000000,
        "50" : 0.000000,
        "100" : 0.000000,
        "250" : 0.000000,
        "500" : 0.000000,
        "750" : 0.000000,
        "1000" : 0.000000,
        "2000" : 0.000000,
        ">=2000" : 0.000000
      },
      "latency_depth" : 1,
      "latency_target" : 0,
      "latency_percentile" : 100.000000,
      "latency_window" : 0
    },
    {
      "jobname" : "zone16_read",
      "groupid" : 0,
      "error" : 0,
      "eta" : 0,
      "elapsed" : 9,
      "job options" : {
        "ioengine" : "psync",
        "bs" : "2m",
        "rw" : "read",
        "offset" : "16z",
        "runtime" : "8"
      },
      "read" : {
        "io_bytes" : 2602565632,
        "io_kbytes" : 2541568,
        "bw_bytes" : 325117505,
        "bw" : 317497,
        "iops" : 155.028107,
        "runtime" : 8005,
        "total_ios" : 1241,
        "short_ios" : 0,
        "drop_ios" : 0,
        "slat_ns" : {
          "min" : 0,
          "max" : 0,
          "mean" : 0.000000,
          "stddev" : 0.000000,
          "N" : 0
        },
        "clat_ns" : {
          "min" : 2458102,
          "max" : 6831462,
          "mean" : 6448255.861402,
          "stddev" : 272017.762944,
          "N" : 1241,
          "percentile" : {
            "1.000000" : 6127616,
            "5.000000" : 6455296,
            "10.000000" : 6455296,
            "20.000000" : 6455296,
            "30.000000" : 6455296,
            "40.000000" : 6455296,
            "50.000000" : 6455296,
            "60.000000" : 6455296,
            "70.000000" : 6455296,
            "80.000000" : 6520832,
            "90.000000" : 6520832,
            "95.000000" : 6520832,
            "99.000000" : 6520832,
            "99.500000" : 6520832,
            "99.900000" : 6520832,
            "99.950000" : 6848512,
            "99.990000" : 6848512
          }
        },
        "lat_ns" : {
          "min" : 2458146,
          "max" : 6831644,
          "mean" : 6448407.239323,
          "stddev" : 272012.672989,