{
  "fio version" : "fio-3.35",
  "timestamp" : 1702347981,
  "timestamp_ms" : 1702347981726,
  "time" : "Tue Dec 12 02:26:21 2023",
  "global options" : {
    "direct" : "1",
    "zonemode" : "zbd",
    "name" : "diff_bs",
    "iodepth" : "1",
    "size" : "1z",
    "filename" : "/dev/nvme0n1"
  },
  "jobs" : [
    {
      "jobname" : "zone0_read",
      "groupid" : 0,
      "error" : 0,
      "eta" : 0,
      "elapsed" : 9,
      "job options" : {
        "ioengine" : "psync",
        "bs" : "2m",
        "rw" : "read",
        "offset" : "0z",
        "runtime" : "8"
      },
      "read" : {
        "io_bytes" : 4938792960,
        "io_kbytes" : 4823040,
        "bw_bytes" : 617194821,
        "bw" : 602729,
        "iops" : 294.301425,
        "runtime" : 8002,
        "total_ios" : 2355,
        "short_ios" : 0,
        "drop_ios" : 0,
        "slat_ns" : {
          "min" : 0,
          "max" : 0,
          "mean" : 0.000000,
          "stddev" : 0.000000,
          "N" : 0
        },
        "clat_ns" : {
          "min" : 2491121,
          "max" : 5397152,
          "mean" : 3396172.958386,
          "stddev" : 135892.913483,
          "N" : 2355,
          "percentile" : {
            "1.000000" : 3358720,
            "5.000000" : 3358720,
            "10.000000" : 3358720,
            "20.000000" : 3358720,
            "30.000000" : 3391488,
            "40.000000" : 3391488,
            "50.000000" : 3391488,
            "60.000000" : 3391488,
            "70.000000" : 3391488,
            "80.000000" : 3391488,
            "90.000000" : 3424256,
            "95.000000" : 3424256,
            "99.000000" : 3555328,
            "99.500000" : 4358144,
            "99.900000" : 5406720,
            "99.950000" : 5406720,
            "99.990000" : 5406720
          }
        },
        "lat_ns" : {
          "min" : 2491162,
          "max" : 5397268,
          "mean" : 3396317.430149,
          "stddev" : 135896.556381,
          "N" : 2355
        },
        "bw_min" : 598016,
        "bw_max" : 606208,
        "bw_agg" : 49.843081,
        "bw_mean" : 602931.200000,
        "bw_dev" : 3172.747957,
        "bw_samples" : 15,
        "iops_min" : 292,
        "iops_max" : 296,
        "iops_mean" : 294.400000,
        "iops_stddev" : 1.549193,
        "iops_samples" : 15
      },
      "write" : {
        "io_bytes" : 0,
        "io_kbytes" : 0,
        "bw_bytes" : 0,
        "bw" : 0,
        "iops" : 0.000000,
        "runtime" : 0,
        "total_ios" : 0,
        "short_ios" : 0,
        "drop_ios" : 0,
        "slat_ns" : {
          "min" : 0,
          "max" : 0,
          "mean" : 0.000000,
          "stddev" : 0.000000,
          "N" : 0
        },
        "clat_ns" : {
          "min" : 0,
          "max" : 0,
          "mean" : 0.000000,
          "stddev" : 0.000000,
          "N" : 0
        },
        "lat_ns" : {
          "min" : 0,
          "max" : 0,
          "mean" : 0.000000,
          "stddev" : 0.000000,
          "N" : 0
        },
        "bw_min" : 0,
        "bw_max" : 0,
        "bw_agg" : 0.000000,
        "bw_mean" : 0.000000,
        "bw_dev" : 0.000000,
        "bw_samples" : 0,
        "iops_min" : 0,
        "iops_max" : 0,
        "iops_mean" : 0.000000,
        "iops_stddev" : 0.000000,
        "iops_samples" : 0
      },
      "trim" : {
        "io_bytes" : 0,
        "io_kbytes" : 0,
        "bw_bytes" : 0,
        "bw" : 0,
        "iops" : 0.000000,
        "runtime" : 0,
        "total_ios" : 0,
        "short_ios" : 0,
        "drop_ios" : 0,
        "slat_ns" : {
          "min" : 0,
          "max" : 0,
          "mean" : 0.000000,
          "stddev" : 0.000000,
          "N" : 0
        },
        "clat_ns" : {
          "min" : 0,
          "max" : 0,
          "mean" : 0.000000,
          "stddev" : 0.000000,
          "N" : 0
        },
        "lat_ns" : {
          "min" : 0,
          "max" : 0,
          "mean" : 0.000000,
          "stddev" : 0.000000,
          "N" : 0
        },
        "bw_min" : 0,
        "bw_max" : 0,
        "bw_agg" : 0.000000,
        "bw_mean" : 0.000000,
        "bw_dev" : 0.000000,
        "bw_samples" : 0,
        "iops_min" : 0,
        "iops_max" : 0,
        "iops_mean" : 0.000000,
        "iops_stddev" : 0.000000,
        "iops_samples" : 0
      },
      "sync" : {
        "total_ios" : 0,
        "lat_ns" : {
          "min" : 0,
          "max" : 0,
          "mean" : 0.000000,
          "stddev" : 0.000000,
          "N" : 0
        }
      },
      "job_runtime" : 8001,
      "usr_cpu" : 0.087489,
      "sys_cpu" : 1.724784,
      "ctx" : 2356,
      "majf" : 0,
      "minf" : 526,
      "iodepth_level" : {
        "1" : 100.000000,
        "2" : 0.000000,
        "4" : 0.000000,
        "8" : 0.000000,
        "16" : 0.000000,
        "32" : 0.000000,
        ">=64" : 0.000000
      },
      "iodepth_submit" : {
        "0" : 0.000000,
        "4" : 100.000000,
        "8" : 0.000000,
        "16" : 0.000000,
        "32" : 0.000000,
        "64" : 0.000000,
        ">=64" : 0.000000
      },
      "iodepth_complete" : {
        "0" : 0.000000,
        "4" : 100.000000,
        "8" : 0.000000,
        "16" : 0.000000,
        "32" : 0.000000,
        "64" : 0.000000,
        ">=64" : 0.000000
      },
      "latency_ns" : {
        "2" : 0.000000,
        "4" : 0.000000,
        "10" : 0.000000,
        "20" : 0.000000,
        "50" : 0.000000,
        "100" : 0.000000,
        "250" : 0.000000,
        "500" : 0.000000,
        "750" : 0.000000,
        "1000" : 0.000000
      },
      "latency_us" : {
        "2" : 0.000000,
        "4" : 0.000000,
        "10" : 0.000000,
        "20" : 0.000000,
        "50" : 0.000000,
        "100" : 0.000000,
        "250" : 0.000000,
        "500" : 0.000000,
        "750" : 0.000000,
        "1000" : 0.000000
      },
      "latency_ms" : {
        "2" : 0.000000,
        "4" : 99.320594,
        "10" : 0.679406,
        "20" : 0.000000,
        "50" : 0.000000,
        "100" : 0.000000,
        "250" : 0.000000,
        "500" : 0.000000,
        "750" : 0.000000,
        "1000" : 0.000000,
        "2000" : 0.000000,
        ">=2000" : 0.000000
      },
      "latency_depth" : 1,
      "latency_target" : 0,
      "latency_percentile" : 100.000000,
      "latency_window" : 0
    },
    {
      "jobname" : "zone1_read",
      "groupid" : 0,
      "error" : 0,
      "eta" : 0,
      "elapsed" : 9,
      "job options" : {
        "ioengine" : "psync",
        "bs" : "2m",
        "rw" : "read",
        "offset" : "1z",
        "runtime" : "8"
      },
      "read" : {
        "io_bytes" : 4974444544,
        "io_kbytes" : 4857856,
        "bw_bytes" : 621572478,
        "bw" : 607004,
        "iops" : 296.388854,
        "runtime" : 8003,
        "total_ios" : 2372,
        "short_ios" : 0,
        "drop_ios" : 0,
        "slat_ns" : {
          "min" : 0,
          "max" : 0,
          "mean" : 0.000000,
          "stddev" : 0.000000,
          "N" : 0
        },
        "clat_ns" : {
          "min" : 2008687,
          "max" : 5335175,
          "mean" : 3372665.560287,
          "stddev" : 193061.780874,
          "N" : 2372,
          "percentile" : {
            "1.000000" : 2441216,
            "5.000000" : 3325952,
            "10.000000" : 3325952,
            "20.000000" : 3358720,
            "30.000000" : 3358720,
            "40.000000" : 3358720,
            "50.000000" : 3391488,
            "60.000000" : 3391488,
            "70.000000" : 3391488,
            "80.000000" : 3391488,
            "90.000000" : 3424256,
            "95.000000" : 3424256,
            "99.000000" : 3883008,
            "99.500000" : 4554752,
            "99.900000" : 5275648,
            "99.950000" : 5275648,
            "99.990000" : 5341184
          }
        },
        "lat_ns" : {
          "min" : 2008726,
          "max" : 5335228,
          "mean" : 3372775.860455,
          "stddev" : 193064.137418,