{
  "fio version" : "fio-3.35",
  "timestamp" : 1702348006,
  "timestamp_ms" : 1702348006370,
  "time" : "Tue Dec 12 02:26:46 2023",
  "global options" : {
    "direct" : "1",
    "zonemode" : "zbd",
    "name" : "diff_bs",
    "iodepth" : "1",
    "size" : "1z",
    "filename" : "/dev/nvme0n1"
  },
  "jobs" : [
    {
      "jobname" : "zone0_read",
      "groupid" : 0,
      "error" : 0,
      "eta" : 0,
      "elapsed" : 9,
      "job options" : {
        "ioengine" : "psync",
        "bs" : "2m",
        "rw" : "read",
        "offset" : "0z",
        "runtime" : "8"
      },
      "read" : {
        "io_bytes" : 5010096128,
        "io_kbytes" : 4892672,
        "bw_bytes" : 626105489,
        "bw" : 611431,
        "iops" : 298.550362,
        "runtime" : 8002,
        "total_ios" : 2389,
        "short_ios" : 0,
        "drop_ios" : 0,
        "slat_ns" : {
          "min" : 0,
          "max" : 0,
          "mean" : 0.000000,
          "stddev" : 0.000000,
          "N" : 0
        },
        "clat_ns" : {
          "min" : 2061601,
          "max" : 3585772,
          "mean" : 3347701.776057,
          "stddev" : 124651.695074,
          "N" : 2389,
          "percentile" : {
            "1.000000" : 2506752,
            "5.000000" : 3325952,
            "10.000000" : 3325952,
            "20.000000" : 3358720,
            "30.000000" : 3358720,
            "40.000000" : 3358720,
            "50.000000" : 3358720,
            "60.000000" : 3358720,
            "70.000000" : 3358720,
            "80.000000" : 3391488,
            "90.000000" : 3391488,
            "95.000000" : 3391488,
            "99.000000" : 3391488,
            "99.500000" : 3424256,
            "99.900000" : 3424256,
            "99.950000" : 3457024,
            "99.990000" : 3588096
          }
        },
        "lat_ns" : {
          "min" : 2061652,
          "max" : 3586023,
          "mean" : 3347868.538719,
          "stddev" : 124652.033643,
          "N" : 2389
        },
        "bw_min" : 606208,
        "bw_max" : 614400,
        "bw_agg" : 49.997126,
        "bw_mean" : 611396.266667,
        "bw_dev" : 3619.697057,
        "bw_samples" : 15,
        "iops_min" : 296,
        "iops_max" : 300,
        "iops_mean" : 298.533333,
        "iops_stddev" : 1.767430,
        "iops_samples" : 15
      },
      "write" : {
        "io_bytes" : 0,
        "io_kbytes" : 0,
        "bw_bytes" : 0,
        "bw" : 0,
        "iops" : 0.000000,
        "runtime" : 0,
        "total_ios" : 0,
        "short_ios" : 0,
        "drop_ios" : 0,
        "slat_ns" : {
          "min" : 0,
          "max" : 0,
          "mean" : 0.000000,
          "stddev" : 0.000000,
          "N" : 0
        },
        "clat_ns" : {
          "min" : 0,
          "max" : 0,
          "mean" : 0.000000,
          "stddev" : 0.000000,
          "N" : 0
        },
        "lat_ns" : {
          "min" : 0,
          "max" : 0,
          "mean" : 0.000000,
          "stddev" : 0.000000,
          "N" : 0
        },
        "bw_min" : 0,
        "bw_max" : 0,
        "bw_agg" : 0.000000,
        "bw_mean" : 0.000000,
        "bw_dev" : 0.000000,
        "bw_samples" : 0,
        "iops_min" : 0,
        "iops_max" : 0,
        "iops_mean" : 0.000000,
        "iops_stddev" : 0.000000,
        "iops_samples" : 0
      },
      "trim" : {
        "io_bytes" : 0,
        "io_kbytes" : 0,
        "bw_bytes" : 0,
        "bw" : 0,
        "iops" : 0.000000,
        "runtime" : 0,
        "total_ios" : 0,
        "short_ios" : 0,
        "drop_ios" : 0,
        "slat_ns" : {
          "min" : 0,
          "max" : 0,
          "mean" : 0.000000,
          "stddev" : 0.000000,
          "N" : 0
        },
        "clat_ns" : {
          "min" : 0,
          "max" : 0,
          "mean" : 0.000000,
          "stddev" : 0.000000,
          "N" : 0
        },
        "lat_ns" : {
          "min" : 0,
          "max" : 0,
          "mean" : 0.000000,
          "stddev" : 0.000000,
          "N" : 0
        },
        "bw_min" : 0,
        "bw_max" : 0,
        "bw_agg" : 0.000000,
        "bw_mean" : 0.000000,
        "bw_dev" : 0.000000,
        "bw_samples" : 0,
        "iops_min" : 0,
        "iops_max" : 0,
        "iops_mean" : 0.000000,
        "iops_stddev" : 0.000000,
        "iops_samples" : 0
      },
      "sync" : {
        "total_ios" : 0,
        "lat_ns" : {
          "min" : 0,
          "max" : 0,
          "mean" : 0.000000,
          "stddev" : 0.000000,
          "N" : 0
        }
      },
      "job_runtime" : 8001,
      "usr_cpu" : 0.049994,
      "sys_cpu" : 1.674791,
      "ctx" : 2390,
      "majf" : 0,
      "minf" : 525,
      "iodepth_level" : {
        "1" : 100.000000,
        "2" : 0.000000,
        "4" : 0.000000,
        "8" : 0.000000,
        "16" : 0.000000,
        "32" : 0.000000,
        ">=64" : 0.000000
      },
      "iodepth_submit" : {
        "0" : 0.000000,
        "4" : 100.000000,
        "8" : 0.000000,
        "16" : 0.000000,
        "32" : 0.000000,
        "64" : 0.000000,
        ">=64" : 0.000000
      },
      "iodepth_complete" : {
        "0" : 0.000000,
        "4" : 100.000000,
        "8" : 0.000000,
        "16" : 0.000000,
        "32" : 0.000000,
        "64" : 0.000000,
        ">=64" : 0.000000
      },
      "latency_ns" : {
        "2" : 0.000000,
        "4" : 0.000000,
        "10" : 0.000000,
        "20" : 0.000000,
        "50" : 0.000000,
        "100" : 0.000000,
        "250" : 0.000000,
        "500" : 0.000000,
        "750" : 0.000000,
        "1000" : 0.000000
      },
      "latency_us" : {
        "2" : 0.000000,
        "4" : 0.000000,
        "10" : 0.000000,
        "20" : 0.000000,
        "50" : 0.000000,
        "100" : 0.000000,
        "250" : 0.000000,
        "500" : 0.000000,
        "750" : 0.000000,
        "1000" : 0.000000
      },
      "latency_ms" : {
        "2" : 0.000000,
        "4" : 100.000000,
        "10" : 0.000000,
        "20" : 0.000000,
        "50" : 0.000000,
        "100" : 0.000000,
        "250" : 0.000000,
        "500" : 0.000000,
        "750" : 0.000000,
        "1000" : 0.000000,
        "2000" : 0.000000,
        ">=2000" : 0.000000
      },
      "latency_depth" : 1,
      "latency_target" : 0,
      "latency_percentile" : 100.000000,
      "latency_window" : 0
    },
    {
      "jobname" : "zone4_read",
      "groupid" : 0,
      "error" : 0,
      "eta" : 0,
      "elapsed" : 9,
      "job options" : {
        "ioengine" : "psync",
        "bs" : "2m",
        "rw" : "read",
        "offset" : "4z",
        "runtime" : "8"
      },
      "read" : {
        "io_bytes" : 5010096128,
        "io_kbytes" : 4892672,
        "bw_bytes" : 626105489,
        "bw" : 611431,
        "iops" : 298.550362,
        "runtime" : 8002,
        "total_ios" : 2389,
        "short_ios" : 0,
        "drop_ios" : 0,
        "slat_ns" : {
          "min" : 0,
          "max" : 0,
          "mean" : 0.000000,
          "stddev" : 0.000000,
          "N" : 0
        },
        "clat_ns" : {
          "min" : 2053798,
          "max" : 3715146,
          "mean" : 3348352.972792,
          "stddev" : 126251.788917,
          "N" : 2389,
          "percentile" : {
            "1.000000" : 2473984,
            "5.000000" : 3325952,
            "10.000000" : 3325952,
            "20.000000" : 3358720,
            "30.000000" : 3358720,
            "40.000000" : 3358720,
            "50.000000" : 3358720,
            "60.000000" : 3358720,
            "70.000000" : 3358720,
            "80.000000" : 3391488,
            "90.000000" : 3391488,
            "95.000000" : 3391488,
            "99.000000" : 3424256,
            "99.500000" : 3424256,
            "99.900000" : 3522560,
            "99.950000" : 3719168,
            "99.990000" : 3719168
          }
        },
        "lat_ns" : {
          "min" : 2054032,
          "max" : 3715254,
          "mean" : 3348468.630808,
          "stddev" : 126252.149229,