{
  "fio version" : "fio-3.35",
  "timestamp" : 1702348018,
  "timestamp_ms" : 1702348018692,
  "time" : "Tue Dec 12 02:26:58 2023",
  "global options" : {
    "direct" : "1",
    "zonemode" : "zbd",
    "name" : "diff_bs",
    "iodepth" : "1",
    "size" : "1z",
    "filename" : "/dev/nvme0n1"
  },
  "jobs" : [
    {
      "jobname" : "zone0_read",
      "groupid" : 0,
      "error" : 0,
      "eta" : 0,
      "elapsed" : 9,
      "job options" : {
        "ioengine" : "psync",
        "bs" : "2m",
        "rw" : "read",
        "offset" : "0z",
        "runtime" : "8"
      },
      "read" : {
        "io_bytes" : 2602565632,
        "io_kbytes" : 2541568,
        "bw_bytes" : 325280043,
        "bw" : 317656,
        "iops" : 155.105612,
        "runtime" : 8001,
        "total_ios" : 1241,
        "short_ios" : 0,
        "drop_ios" : 0,
        "slat_ns" : {
          "min" : 0,
          "max" : 0,
          "mean" : 0.000000,
          "stddev" : 0.000000,
          "N" : 0
        },
        "clat_ns" : {
          "min" : 3285195,
          "max" : 6558234,
          "mean" : 6445217.136181,
          "stddev" : 246616.163400,
          "N" : 1241,
          "percentile" : {
            "1.000000" : 4882432,
            "5.000000" : 6455296,
            "10.000000" : 6455296,
            "20.000000" : 6455296,
            "30.000000" : 6455296,
            "40.000000" : 6455296,
            "50.000000" : 6455296,
            "60.000000" : 6455296,
            "70.000000" : 6455296,
            "80.000000" : 6520832,
            "90.000000" : 6520832,
            "95.000000" : 6520832,
            "99.000000" : 6520832,
            "99.500000" : 6520832,
            "99.900000" : 6520832,
            "99.950000" : 6586368,
            "99.990000" : 6586368
          }
        },
        "lat_ns" : {
          "min" : 3285364,
          "max" : 6558331,
          "mean" : 6445373.182917,
          "stddev" : 246612.531939,
          "N" : 1241
        },
        "bw_min" : 315392,
        "bw_max" : 319488,
        "bw_agg" : 50.049092,
        "bw_mean" : 317849.600000,
        "bw_dev" : 2077.051096,
        "bw_samples" : 15,
        "iops_min" : 154,
        "iops_max" : 156,
        "iops_mean" : 155.200000,
        "iops_stddev" : 1.014185,
        "iops_samples" : 15
      },
      "write" : {
        "io_bytes" : 0,
        "io_kbytes" : 0,
        "bw_bytes" : 0,
        "bw" : 0,
        "iops" : 0.000000,
        "runtime" : 0,
        "total_ios" : 0,
        "short_ios" : 0,
        "drop_ios" : 0,
        "slat_ns" : {
          "min" : 0,
          "max" : 0,
          "mean" : 0.000000,
          "stddev" : 0.000000,
          "N" : 0
        },
        "clat_ns" : {
          "min" : 0,
          "max" : 0,
          "mean" : 0.000000,
          "stddev" : 0.000000,
          "N" : 0
        },
        "lat_ns" : {
          "min" : 0,
          "max" : 0,
          "mean" : 0.000000,
          "stddev" : 0.000000,
          "N" : 0
        },
        "bw_min" : 0,
        "bw_max" : 0,
        "bw_agg" : 0.000000,
        "bw_mean" : 0.000000,
        "bw_dev" : 0.000000,
        "bw_samples" : 0,
        "iops_min" : 0,
        "iops_max" : 0,
        "iops_mean" : 0.000000,
        "iops_stddev" : 0.000000,
        "iops_samples" : 0
      },
      "trim" : {
        "io_bytes" : 0,
        "io_kbytes" : 0,
        "bw_bytes" : 0,
        "bw" : 0,
        "iops" : 0.000000,
        "runtime" : 0,
        "total_ios" : 0,
        "short_ios" : 0,
        "drop_ios" : 0,
        "slat_ns" : {
          "min" : 0,
          "max" : 0,
          "mean" : 0.000000,
          "stddev" : 0.000000,
          "N" : 0
        },
        "clat_ns" : {
          "min" : 0,
          "max" : 0,
          "mean" : 0.000000,
          "stddev" : 0.000000,
          "N" : 0
        },
        "lat_ns" : {
          "min" : 0,
          "max" : 0,
          "mean" : 0.000000,
          "stddev" : 0.000000,
          "N" : 0
        },
        "bw_min" : 0,
        "bw_max" : 0,
        "bw_agg" : 0.000000,
        "bw_mean" : 0.000000,
        "bw_dev" : 0.000000,
        "bw_samples" : 0,
        "iops_min" : 0,
        "iops_max" : 0,
        "iops_mean" : 0.000000,
        "iops_stddev" : 0.000000,
        "iops_samples" : 0
      },
      "sync" : {
        "total_ios" : 0,
        "lat_ns" : {
          "min" : 0,
          "max" : 0,
          "mean" : 0.000000,
          "stddev" : 0.000000,
          "N" : 0
        }
      },
      "job_runtime" : 8000,
      "usr_cpu" : 0.050000,
      "sys_cpu" : 0.837500,
      "ctx" : 1242,
      "majf" : 0,
      "minf" : 522,
      "iodepth_level" : {
        "1" : 100.000000,
        "2" : 0.000000,
        "4" : 0.000000,
        "8" : 0.000000,
        "16" : 0.000000,
        "32" : 0.000000,
        ">=64" : 0.000000
      },
      "iodepth_submit" : {
        "0" : 0.000000,
        "4" : 100.000000,
        "8" : 0.000000,
        "16" : 0.000000,
        "32" : 0.000000,
        "64" : 0.000000,
        ">=64" : 0.000000
      },
      "iodepth_complete" : {
        "0" : 0.000000,
        "4" : 100.000000,
        "8" : 0.000000,
        "16" : 0.000000,
        "32" : 0.000000,
        "64" : 0.000000,
        ">=64" : 0.000000
      },
      "latency_ns" : {
        "2" : 0.000000,
        "4" : 0.000000,
        "10" : 0.000000,
        "20" : 0.000000,
        "50" : 0.000000,
        "100" : 0.000000,
        "250" : 0.000000,
        "500" : 0.000000,
        "750" : 0.000000,
        "1000" : 0.000000
      },
      "latency_us" : {
        "2" : 0.000000,
        "4" : 0.000000,
        "10" : 0.000000,
        "20" : 0.000000,
        "50" : 0.000000,
        "100" : 0.000000,
        "250" : 0.000000,
        "500" : 0.000000,
        "750" : 0.000000,
        "1000" : 0.000000
      },
      "latency_ms" : {
        "2" : 0.000000,
        "4" : 0.322321,
        "10" : 99.677679,
        "20" : 0.000000,
        "50" : 0.000000,
        "100" : 0.000000,
        "250" : 0.000000,
        "500" : 0.000000,
        "750" : 0.000000,
        "1000" : 0.000000,
        "2000" : 0.000000,
        ">=2000" : 0.000000
      },
      "latency_depth" : 1,
      "latency_target" : 0,
      "latency_percentile" : 100.000000,
      "latency_window" : 0
    },
    {
      "jobname" : "zone8_read",
      "groupid" : 0,
      "error" : 0,
      "eta" : 0,
      "elapsed" : 9,
      "job options" : {
        "ioengine" : "psync",
        "bs" : "2m",
        "rw" : "read",
        "offset" : "8z",
        "runtime" : "8"
      },
      "read" : {
        "io_bytes" : 2602565632,
        "io_kbytes" : 2541568,
        "bw_bytes" : 325158124,
        "bw" : 317537,
        "iops" : 155.047476,
        "runtime" : 8004,
        "total_ios" : 1241,
        "short_ios" : 0,
        "drop_ios" : 0,
        "slat_ns" : {
          "min" : 0,
          "max" : 0,
          "mean" : 0.000000,
          "stddev" : 0.000000,
          "N" : 0
        },
        "clat_ns" : {
          "min" : 2445245,
          "max" : 6735444,
          "mean" : 6447903.298952,
          "stddev" : 272983.875141,
          "N" : 1241,
          "percentile" : {
            "1.000000" : 6127616,
            "5.000000" : 6455296,
            "10.000000" : 6455296,
            "20.000000" : 6455296,
            "30.000000" : 6455296,
            "40.000000" : 6455296,
            "50.000000" : 6455296,
            "60.000000" : 6455296,
            "70.000000" : 6455296,
            "80.000000" : 6520832,
            "90.000000" : 6520832,
            "95.000000" : 6520832,
            "99.000000" : 6520832,
            "99.500000" : 6520832,
            "99.900000" : 6520832,
            "99.950000" : 6717440,
            "99.990000" : 6717440
          }
        },
        "lat_ns" : {
          "min" : 2445279,
          "max" : 6735692,
          "mean" : 6448061.714746,
          "stddev" : 272979.380658,