{
  "fio version" : "fio-3.35",
  "timestamp" : 1702431640,
  "timestamp_ms" : 1702431640247,
  "time" : "Wed Dec 13 01:40:40 2023",
  "global options" : {
    "direct" : "1",
    "zonemode" : "zbd",
    "name" : "diff_bs",
    "iodepth" : "1",
    "size" : "1z",
    "filename" : "/dev/nvme0n1"
  },
  "jobs" : [
    {
      "jobname" : "zone0_read",
      "groupid" : 0,
      "error" : 0,
      "eta" : 0,
      "elapsed" : 9,
      "job options" : {
        "ioengine" : "psync",
        "bs" : "2m",
        "rw" : "read",
        "offset" : "0z",
        "runtime" : "8"
      },
      "read" : {
        "io_bytes" : 5110759424,
        "io_kbytes" : 4990976,
        "bw_bytes" : 638685256,
        "bw" : 623716,
        "iops" : 304.548863,
        "runtime" : 8002,
        "total_ios" : 2437,
        "short_ios" : 0,
        "drop_ios" : 0,
        "slat_ns" : {
          "min" : 0,
          "max" : 0,
          "mean" : 0.000000,
          "stddev" : 0.000000,
          "N" : 0
        },
        "clat_ns" : {
          "min" : 1598458,
          "max" : 3379085,
          "mean" : 3281645.638490,
          "stddev" : 142957.905178,
          "N" : 2437,
          "percentile" : {
            "1.000000" : 2375680,
            "5.000000" : 3260416,
            "10.000000" : 3260416,
            "20.000000" : 3293184,
            "30.000000" : 3293184,
            "40.000000" : 3293184,
            "50.000000" : 3293184,
            "60.000000" : 3293184,
            "70.000000" : 3293184,
            "80.000000" : 3293184,
            "90.000000" : 3325952,
            "95.000000" : 3325952,
            "99.000000" : 3325952,
            "99.500000" : 3325952,
            "99.900000" : 3325952,
            "99.950000" : 3358720,
            "99.990000" : 3391488
          }
        },
        "lat_ns" : {
          "min" : 1598754,
          "max" : 3379200,
          "mean" : 3281829.431678,
          "stddev" : 142955.390717,
          "N" : 2437
        },
        "bw_min" : 618496,
        "bw_max" : 626688,
        "bw_agg" : 50.007689,
        "bw_mean" : 623684.266667,
        "bw_dev" : 3619.697057,
        "bw_samples" : 15,
        "iops_min" : 302,
        "iops_max" : 306,
        "iops_mean" : 304.533333,
        "iops_stddev" : 1.767430,
        "iops_samples" : 15
      },
      "write" : {
        "io_bytes" : 0,
        "io_kbytes" : 0,
        "bw_bytes" : 0,
        "bw" : 0,
        "iops" : 0.000000,
        "runtime" : 0,
        "total_ios" : 0,
        "short_ios" : 0,
        "drop_ios" : 0,
        "slat_ns" : {
          "min" : 0,
          "max" : 0,
          "mean" : 0.000000,
          "stddev" : 0.000000,
          "N" : 0
        },
        "clat_ns" : {
          "min" : 0,
          "max" : 0,
          "mean" : 0.000000,
          "stddev" : 0.000000,
          "N" : 0
        },
        "lat_ns" : {
          "min" : 0,
          "max" : 0,
          "mean" : 0.000000,
          "stddev" : 0.000000,
          "N" : 0
        },
        "bw_min" : 0,
        "bw_max" : 0,
        "bw_agg" : 0.000000,
        "bw_mean" : 0.000000,
        "bw_dev" : 0.000000,
        "bw_samples" : 0,
        "iops_min" : 0,
        "iops_max" : 0,
        "iops_mean" : 0.000000,
        "iops_stddev" : 0.000000,
        "iops_samples" : 0
      },
      "trim" : {
        "io_bytes" : 0,
        "io_kbytes" : 0,
        "bw_bytes" : 0,
        "bw" : 0,
        "iops" : 0.000000,
        "runtime" : 0,
        "total_ios" : 0,
        "short_ios" : 0,
        "drop_ios" : 0,
        "slat_ns" : {
          "min" : 0,
          "max" : 0,
          "mean" : 0.000000,
          "stddev" : 0.000000,
          "N" : 0
        },
        "clat_ns" : {
          "min" : 0,
          "max" : 0,
          "mean" : 0.000000,
          "stddev" : 0.000000,
          "N" : 0
        },
        "lat_ns" : {
          "min" : 0,
          "max" : 0,
          "mean" : 0.000000,
          "stddev" : 0.000000,
          "N" : 0
        },
        "bw_min" : 0,
        "bw_max" : 0,
        "bw_agg" : 0.000000,
        "bw_mean" : 0.000000,
        "bw_dev" : 0.000000,
        "bw_samples" : 0,
        "iops_min" : 0,
        "iops_max" : 0,
        "iops_mean" : 0.000000,
        "iops_stddev" : 0.000000,
        "iops_samples" : 0
      },
      "sync" : {
        "total_ios" : 0,
        "lat_ns" : {
          "min" : 0,
          "max" : 0,
          "mean" : 0.000000,
          "stddev" : 0.000000,
          "N" : 0
        }
      },
      "job_runtime" : 8001,
      "usr_cpu" : 0.000000,
      "sys_cpu" : 1.924759,
      "ctx" : 2437,
      "majf" : 0,
      "minf" : 522,
      "iodepth_level" : {
        "1" : 100.000000,
        "2" : 0.000000,
        "4" : 0.000000,
        "8" : 0.000000,
        "16" : 0.000000,
        "32" : 0.000000,
        ">=64" : 0.000000
      },
      "iodepth_submit" : {
        "0" : 0.000000,
        "4" : 100.000000,
        "8" : 0.000000,
        "16" : 0.000000,
        "32" : 0.000000,
        "64" : 0.000000,
        ">=64" : 0.000000
      },
      "iodepth_complete" : {
        "0" : 0.000000,
        "4" : 100.000000,
        "8" : 0.000000,
        "16" : 0.000000,
        "32" : 0.000000,
        "64" : 0.000000,
        ">=64" : 0.000000
      },
      "latency_ns" : {
        "2" : 0.000000,
        "4" : 0.000000,
        "10" : 0.000000,
        "20" : 0.000000,
        "50" : 0.000000,
        "100" : 0.000000,
        "250" : 0.000000,
        "500" : 0.000000,
        "750" : 0.000000,
        "1000" : 0.000000
      },
      "latency_us" : {
        "2" : 0.000000,
        "4" : 0.000000,
        "10" : 0.000000,
        "20" : 0.000000,
        "50" : 0.000000,
        "100" : 0.000000,
        "250" : 0.000000,
        "500" : 0.000000,
        "750" : 0.000000,
        "1000" : 0.000000
      },
      "latency_ms" : {
        "2" : 0.369307,
        "4" : 99.630693,
        "10" : 0.000000,
        "20" : 0.000000,
        "50" : 0.000000,
        "100" : 0.000000,
        "250" : 0.000000,
        "500" : 0.000000,
        "750" : 0.000000,
        "1000" : 0.000000,
        "2000" : 0.000000,
        ">=2000" : 0.000000
      },
      "latency_depth" : 1,
      "latency_target" : 0,
      "latency_percentile" : 100.000000,
      "latency_window" : 0
    },
    {
      "jobname" : "zone16_read",
      "groupid" : 0,
      "error" : 0,
      "eta" : 0,
      "elapsed" : 9,
      "job options" : {
        "ioengine" : "psync",
        "bs" : "2m",
        "rw" : "read",
        "offset" : "16z",
        "runtime" : "8"
      },
      "read" : {
        "io_bytes" : 5108662272,
        "io_kbytes" : 4988928,
        "bw_bytes" : 638502971,
        "bw" : 623538,
        "iops" : 304.461942,
        "runtime" : 8001,
        "total_ios" : 2436,
        "short_ios" : 0,
        "drop_ios" : 0,
        "slat_ns" : {
          "min" : 0,
          "max" : 0,
          "mean" : 0.000000,
          "stddev" : 0.000000,
          "N" : 0
        },
        "clat_ns" : {
          "min" : 1241020,
          "max" : 3573595,
          "mean" : 3283166.525041,
          "stddev" : 155594.500733,
          "N" : 2436,
          "percentile" : {
            "1.000000" : 2473984,
            "5.000000" : 3293184,
            "10.000000" : 3293184,
            "20.000000" : 3293184,
            "30.000000" : 3293184,
            "40.000000" : 3293184,
            "50.000000" : 3293184,
            "60.000000" : 3293184,
            "70.000000" : 3293184,
            "80.000000" : 3293184,
            "90.000000" : 3293184,
            "95.000000" : 3293184,
            "99.000000" : 3325952,
            "99.500000" : 3325952,
            "99.900000" : 3358720,
            "99.950000" : 3358720,
            "99.990000" : 3588096
          }
        },
        "lat_ns" : {
          "min" : 1241054,
          "max" : 3573854,
          "mean" : 3283263.700328,
          "stddev" : 155595.684108,