{
  "fio version" : "fio-3.35",
  "timestamp" : 1702431602,
  "timestamp_ms" : 1702431602473,
  "time" : "Wed Dec 13 01:40:02 2023",
  "global options" : {
    "direct" : "1",
    "zonemode" : "zbd",
    "name" : "diff_bs",
    "iodepth" : "1",
    "size" : "1z",
    "filename" : "/dev/nvme0n1"
  },
  "jobs" : [
    {
      "jobname" : "zone0_read",
      "groupid" : 0,
      "error" : 0,
      "eta" : 0,
      "elapsed" : 9,
      "job options" : {
        "ioengine" : "psync",
        "bs" : "2m",
        "rw" : "read",
        "offset" : "0z",
        "runtime" : "8"
      },
      "read" : {
        "io_bytes" : 9676259328,
        "io_kbytes" : 9449472,
        "bw_bytes" : 1209230108,
        "bw" : 1180888,
        "iops" : 576.605849,
        "runtime" : 8002,
        "total_ios" : 4614,
        "short_ios" : 0,
        "drop_ios" : 0,
        "slat_ns" : {
          "min" : 0,
          "max" : 0,
          "mean" : 0.000000,
          "stddev" : 0.000000,
          "N" : 0
        },
        "clat_ns" : {
          "min" : 1387338,
          "max" : 2648028,
          "mean" : 1733361.668834,
          "stddev" : 75444.926202,
          "N" : 4614,
          "percentile" : {
            "1.000000" : 1712128,
            "5.000000" : 1712128,
            "10.000000" : 1712128,
            "20.000000" : 1712128,
            "30.000000" : 1712128,
            "40.000000" : 1712128,
            "50.000000" : 1712128,
            "60.000000" : 1728512,
            "70.000000" : 1728512,
            "80.000000" : 1728512,
            "90.000000" : 1744896,
            "95.000000" : 1761280,
            "99.000000" : 2039808,
            "99.500000" : 2375680,
            "99.900000" : 2605056,
            "99.950000" : 2637824,
            "99.990000" : 2637824
          }
        },
        "lat_ns" : {
          "min" : 1387380,
          "max" : 2648102,
          "mean" : 1733450.156914,
          "stddev" : 75457.241647,
          "N" : 4614
        },
        "bw_min" : 1179648,
        "bw_max" : 1187840,
        "bw_agg" : 49.668553,
        "bw_mean" : 1181832.533333,
        "bw_dev" : 2621.196179,
        "bw_samples" : 15,
        "iops_min" : 576,
        "iops_max" : 580,
        "iops_mean" : 577.066667,
        "iops_stddev" : 1.279881,
        "iops_samples" : 15
      },
      "write" : {
        "io_bytes" : 0,
        "io_kbytes" : 0,
        "bw_bytes" : 0,
        "bw" : 0,
        "iops" : 0.000000,
        "runtime" : 0,
        "total_ios" : 0,
        "short_ios" : 0,
        "drop_ios" : 0,
        "slat_ns" : {
          "min" : 0,
          "max" : 0,
          "mean" : 0.000000,
          "stddev" : 0.000000,
          "N" : 0
        },
        "clat_ns" : {
          "min" : 0,
          "max" : 0,
          "mean" : 0.000000,
          "stddev" : 0.000000,
          "N" : 0
        },
        "lat_ns" : {
          "min" : 0,
          "max" : 0,
          "mean" : 0.000000,
          "stddev" : 0.000000,
          "N" : 0
        },
        "bw_min" : 0,
        "bw_max" : 0,
        "bw_agg" : 0.000000,
        "bw_mean" : 0.000000,
        "bw_dev" : 0.000000,
        "bw_samples" : 0,
        "iops_min" : 0,
        "iops_max" : 0,
        "iops_mean" : 0.000000,
        "iops_stddev" : 0.000000,
        "iops_samples" : 0
      },
      "trim" : {
        "io_bytes" : 0,
        "io_kbytes" : 0,
        "bw_bytes" : 0,
        "bw" : 0,
        "iops" : 0.000000,
        "runtime" : 0,
        "total_ios" : 0,
        "short_ios" : 0,
        "drop_ios" : 0,
        "slat_ns" : {
          "min" : 0,
          "max" : 0,
          "mean" : 0.000000,
          "stddev" : 0.000000,
          "N" : 0
        },
        "clat_ns" : {
          "min" : 0,
          "max" : 0,
          "mean" : 0.000000,
          "stddev" : 0.000000,
          "N" : 0
        },
        "lat_ns" : {
          "min" : 0,
          "max" : 0,
          "mean" : 0.000000,
          "stddev" : 0.000000,
          "N" : 0
        },
        "bw_min" : 0,
        "bw_max" : 0,
        "bw_agg" : 0.000000,
        "bw_mean" : 0.000000,
        "bw_dev" : 0.000000,
        "bw_samples" : 0,
        "iops_min" : 0,
        "iops_max" : 0,
        "iops_mean" : 0.000000,
        "iops_stddev" : 0.000000,
        "iops_samples" : 0
      },
      "sync" : {
        "total_ios" : 0,
        "lat_ns" : {
          "min" : 0,
          "max" : 0,
          "mean" : 0.000000,
          "stddev" : 0.000000,
          "N" : 0
        }
      },
      "job_runtime" : 8001,
      "usr_cpu" : 0.112486,
      "sys_cpu" : 2.524684,
      "ctx" : 4614,
      "majf" : 0,
      "minf" : 523,
      "iodepth_level" : {
        "1" : 100.000000,
        "2" : 0.000000,
        "4" : 0.000000,
        "8" : 0.000000,
        "16" : 0.000000,
        "32" : 0.000000,
        ">=64" : 0.000000
      },
      "iodepth_submit" : {
        "0" : 0.000000,
        "4" : 100.000000,
        "8" : 0.000000,
        "16" : 0.000000,
        "32" : 0.000000,
        "64" : 0.000000,
        ">=64" : 0.000000
      },
      "iodepth_complete" : {
        "0" : 0.000000,
        "4" : 100.000000,
        "8" : 0.000000,
        "16" : 0.000000,
        "32" : 0.000000,
        "64" : 0.000000,
        ">=64" : 0.000000
      },
      "latency_ns" : {
        "2" : 0.000000,
        "4" : 0.000000,
        "10" : 0.000000,
        "20" : 0.000000,
        "50" : 0.000000,
        "100" : 0.000000,
        "250" : 0.000000,
        "500" : 0.000000,
        "750" : 0.000000,
        "1000" : 0.000000
      },
      "latency_us" : {
        "2" : 0.000000,
        "4" : 0.000000,
        "10" : 0.000000,
        "20" : 0.000000,
        "50" : 0.000000,
        "100" : 0.000000,
        "250" : 0.000000,
        "500" : 0.000000,
        "750" : 0.000000,
        "1000" : 0.000000
      },
      "latency_ms" : {
        "2" : 98.981361,
        "4" : 1.018639,
        "10" : 0.000000,
        "20" : 0.000000,
        "50" : 0.000000,
        "100" : 0.000000,
        "250" : 0.000000,
        "500" : 0.000000,
        "750" : 0.000000,
        "1000" : 0.000000,
        "2000" : 0.000000,
        ">=2000" : 0.000000
      },
      "latency_depth" : 1,
      "latency_target" : 0,
      "latency_percentile" : 100.000000,
      "latency_window" : 0
    },
    {
      "jobname" : "zone1_read",
      "groupid" : 0,
      "error" : 0,
      "eta" : 0,
      "elapsed" : 9,
      "job options" : {
        "ioengine" : "psync",
        "bs" : "2m",
        "rw" : "read",
        "offset" : "1z",
        "runtime" : "8"
      },
      "read" : {
        "io_bytes" : 9820962816,
        "io_kbytes" : 9590784,
        "bw_bytes" : 1227313523,
        "bw" : 1198548,
        "iops" : 585.228693,
        "runtime" : 8002,
        "total_ios" : 4683,
        "short_ios" : 0,
        "drop_ios" : 0,
        "slat_ns" : {
          "min" : 0,
          "max" : 0,
          "mean" : 0.000000,
          "stddev" : 0.000000,
          "N" : 0
        },
        "clat_ns" : {
          "min" : 970041,
          "max" : 2636992,
          "mean" : 1707541.110186,
          "stddev" : 130980.832614,
          "N" : 4683,
          "percentile" : {
            "1.000000" : 1089536,
            "5.000000" : 1515520,
            "10.000000" : 1695744,
            "20.000000" : 1695744,
            "30.000000" : 1712128,
            "40.000000" : 1728512,
            "50.000000" : 1728512,
            "60.000000" : 1728512,
            "70.000000" : 1728512,
            "80.000000" : 1728512,
            "90.000000" : 1744896,
            "95.000000" : 1761280,
            "99.000000" : 2039808,
            "99.500000" : 2375680,
            "99.900000" : 2637824,
            "99.950000" : 2637824,
            "99.990000" : 2637824
          }
        },
        "lat_ns" : {
          "min" : 970084,
          "max" : 2637060,
          "mean" : 1707663.367072,
          "stddev" : 130984.798398,