{
  "fio version" : "fio-3.35",
  "timestamp" : 1702431611,
  "timestamp_ms" : 1702431611667,
  "time" : "Wed Dec 13 01:40:11 2023",
  "global options" : {
    "direct" : "1",
    "zonemode" : "zbd",
    "name" : "diff_bs",
    "iodepth" : "1",
    "size" : "1z",
    "filename" : "/dev/nvme0n1"
  },
  "jobs" : [
    {
      "jobname" : "zone0_read",
      "groupid" : 0,
      "error" : 0,
      "eta" : 0,
      "elapsed" : 9,
      "job options" : {
        "ioengine" : "psync",
        "bs" : "2m",
        "rw" : "read",
        "offset" : "0z",
        "runtime" : "8"
      },
      "read" : {
        "io_bytes" : 9686745088,
        "io_kbytes" : 9459712,
        "bw_bytes" : 1210691799,
        "bw" : 1182316,
        "iops" : 577.302837,
        "runtime" : 8001,
        "total_ios" : 4619,
        "short_ios" : 0,
        "drop_ios" : 0,
        "slat_ns" : {
          "min" : 0,
          "max" : 0,
          "mean" : 0.000000,
          "stddev" : 0.000000,
          "N" : 0
        },
        "clat_ns" : {
          "min" : 1109394,
          "max" : 2027316,
          "mean" : 1731281.429530,
          "stddev" : 66068.592161,
          "N" : 4619,
          "percentile" : {
            "1.000000" : 1449984,
            "5.000000" : 1712128,
            "10.000000" : 1712128,
            "20.000000" : 1712128,
            "30.000000" : 1712128,
            "40.000000" : 1712128,
            "50.000000" : 1728512,
            "60.000000" : 1728512,
            "70.000000" : 1744896,
            "80.000000" : 1761280,
            "90.000000" : 1794048,
            "95.000000" : 1794048,
            "99.000000" : 1826816,
            "99.500000" : 1826816,
            "99.900000" : 1875968,
            "99.950000" : 1957888,
            "99.990000" : 2023424
          }
        },
        "lat_ns" : {
          "min" : 1109438,
          "max" : 2028212,
          "mean" : 1731366.199177,
          "stddev" : 66074.071511,
          "N" : 4619
        },
        "bw_min" : 1163264,
        "bw_max" : 1196032,
        "bw_agg" : 50.078115,
        "bw_mean" : 1182221.666667,
        "bw_dev" : 9185.617793,
        "bw_samples" : 15,
        "iops_min" : 568,
        "iops_max" : 584,
        "iops_mean" : 577.200000,
        "iops_stddev" : 4.522957,
        "iops_samples" : 15
      },
      "write" : {
        "io_bytes" : 0,
        "io_kbytes" : 0,
        "bw_bytes" : 0,
        "bw" : 0,
        "iops" : 0.000000,
        "runtime" : 0,
        "total_ios" : 0,
        "short_ios" : 0,
        "drop_ios" : 0,
        "slat_ns" : {
          "min" : 0,
          "max" : 0,
          "mean" : 0.000000,
          "stddev" : 0.000000,
          "N" : 0
        },
        "clat_ns" : {
          "min" : 0,
          "max" : 0,
          "mean" : 0.000000,
          "stddev" : 0.000000,
          "N" : 0
        },
        "lat_ns" : {
          "min" : 0,
          "max" : 0,
          "mean" : 0.000000,
          "stddev" : 0.000000,
          "N" : 0
        },
        "bw_min" : 0,
        "bw_max" : 0,
        "bw_agg" : 0.000000,
        "bw_mean" : 0.000000,
        "bw_dev" : 0.000000,
        "bw_samples" : 0,
        "iops_min" : 0,
        "iops_max" : 0,
        "iops_mean" : 0.000000,
        "iops_stddev" : 0.000000,
        "iops_samples" : 0
      },
      "trim" : {
        "io_bytes" : 0,
        "io_kbytes" : 0,
        "bw_bytes" : 0,
        "bw" : 0,
        "iops" : 0.000000,
        "runtime" : 0,
        "total_ios" : 0,
        "short_ios" : 0,
        "drop_ios" : 0,
        "slat_ns" : {
          "min" : 0,
          "max" : 0,
          "mean" : 0.000000,
          "stddev" : 0.000000,
          "N" : 0
        },
        "clat_ns" : {
          "min" : 0,
          "max" : 0,
          "mean" : 0.000000,
          "stddev" : 0.000000,
          "N" : 0
        },
        "lat_ns" : {
          "min" : 0,
          "max" : 0,
          "mean" : 0.000000,
          "stddev" : 0.000000,
          "N" : 0
        },
        "bw_min" : 0,
        "bw_max" : 0,
        "bw_agg" : 0.000000,
        "bw_mean" : 0.000000,
        "bw_dev" : 0.000000,
        "bw_samples" : 0,
        "iops_min" : 0,
        "iops_max" : 0,
        "iops_mean" : 0.000000,
        "iops_stddev" : 0.000000,
        "iops_samples" : 0
      },
      "sync" : {
        "total_ios" : 0,
        "lat_ns" : {
          "min" : 0,
          "max" : 0,
          "mean" : 0.000000,
          "stddev" : 0.000000,
          "N" : 0
        }
      },
      "job_runtime" : 8000,
      "usr_cpu" : 0.150000,
      "sys_cpu" : 2.437500,
      "ctx" : 4620,
      "majf" : 0,
      "minf" : 523,
      "iodepth_level" : {
        "1" : 100.000000,
        "2" : 0.000000,
        "4" : 0.000000,
        "8" : 0.000000,
        "16" : 0.000000,
        "32" : 0.000000,
        ">=64" : 0.000000
      },
      "iodepth_submit" : {
        "0" : 0.000000,
        "4" : 100.000000,
        "8" : 0.000000,
        "16" : 0.000000,
        "32" : 0.000000,
        "64" : 0.000000,
        ">=64" : 0.000000
      },
      "iodepth_complete" : {
        "0" : 0.000000,
        "4" : 100.000000,
        "8" : 0.000000,
        "16" : 0.000000,
        "32" : 0.000000,
        "64" : 0.000000,
        ">=64" : 0.000000
      },
      "latency_ns" : {
        "2" : 0.000000,
        "4" : 0.000000,
        "10" : 0.000000,
        "20" : 0.000000,
        "50" : 0.000000,
        "100" : 0.000000,
        "250" : 0.000000,
        "500" : 0.000000,
        "750" : 0.000000,
        "1000" : 0.000000
      },
      "latency_us" : {
        "2" : 0.000000,
        "4" : 0.000000,
        "10" : 0.000000,
        "20" : 0.000000,
        "50" : 0.000000,
        "100" : 0.000000,
        "250" : 0.000000,
        "500" : 0.000000,
        "750" : 0.000000,
        "1000" : 0.000000
      },
      "latency_ms" : {
        "2" : 99.978350,
        "4" : 0.021650,
        "10" : 0.000000,
        "20" : 0.000000,
        "50" : 0.000000,
        "100" : 0.000000,
        "250" : 0.000000,
        "500" : 0.000000,
        "750" : 0.000000,
        "1000" : 0.000000,
        "2000" : 0.000000,
        ">=2000" : 0.000000
      },
      "latency_depth" : 1,
      "latency_target" : 0,
      "latency_percentile" : 100.000000,
      "latency_window" : 0
    },
    {
      "jobname" : "zone2_read",
      "groupid" : 0,
      "error" : 0,
      "eta" : 0,
      "elapsed" : 9,
      "job options" : {
        "ioengine" : "psync",
        "bs" : "2m",
        "rw" : "read",
        "offset" : "2z",
        "runtime" : "8"
      },
      "read" : {
        "io_bytes" : 9657384960,
        "io_kbytes" : 9431040,
        "bw_bytes" : 1206871402,
        "bw" : 1178585,
        "iops" : 575.481130,
        "runtime" : 8002,
        "total_ios" : 4605,
        "short_ios" : 0,
        "drop_ios" : 0,
        "slat_ns" : {
          "min" : 0,
          "max" : 0,
          "mean" : 0.000000,
          "stddev" : 0.000000,
          "N" : 0
        },
        "clat_ns" : {
          "min" : 1135518,
          "max" : 2056353,
          "mean" : 1736267.275353,
          "stddev" : 58200.428543,
          "N" : 4605,
          "percentile" : {
            "1.000000" : 1515520,
            "5.000000" : 1712128,
            "10.000000" : 1712128,
            "20.000000" : 1712128,
            "30.000000" : 1712128,
            "40.000000" : 1728512,
            "50.000000" : 1744896,
            "60.000000" : 1744896,
            "70.000000" : 1744896,
            "80.000000" : 1761280,
            "90.000000" : 1794048,
            "95.000000" : 1810432,
            "99.000000" : 1826816,
            "99.500000" : 1843200,
            "99.900000" : 1941504,
            "99.950000" : 1957888,
            "99.990000" : 2056192
          }
        },
        "lat_ns" : {
          "min" : 1135585,
          "max" : 2056603,
          "mean" : 1736393.462541,
          "stddev" : 58219.194487,