{
  "fio version" : "fio-3.35",
  "timestamp" : 1702431621,
  "timestamp_ms" : 1702431621191,
  "time" : "Wed Dec 13 01:40:21 2023",
  "global options" : {
    "direct" : "1",
    "zonemode" : "zbd",
    "name" : "diff_bs",
    "iodepth" : "1",
    "size" : "1z",
    "filename" : "/dev/nvme0n1"
  },
  "jobs" : [
    {
      "jobname" : "zone0_read",
      "groupid" : 0,
      "error" : 0,
      "eta" : 0,
      "elapsed" : 9,
      "job options" : {
        "ioengine" : "psync",
        "bs" : "2m",
        "rw" : "read",
        "offset" : "0z",
        "runtime" : "8"
      },
      "read" : {
        "io_bytes" : 5140119552,
        "io_kbytes" : 5019648,
        "bw_bytes" : 642434639,
        "bw" : 627377,
        "iops" : 306.336708,
        "runtime" : 8001,
        "total_ios" : 2451,
        "short_ios" : 0,
        "drop_ios" : 0,
        "slat_ns" : {
          "min" : 0,
          "max" : 0,
          "mean" : 0.000000,
          "stddev" : 0.000000,
          "N" : 0
        },
        "clat_ns" : {
          "min" : 1419881,
          "max" : 8784129,
          "mean" : 3262661.172583,
          "stddev" : 191418.087378,
          "N" : 2451,
          "percentile" : {
            "1.000000" : 2244608,
            "5.000000" : 3227648,
            "10.000000" : 3260416,
            "20.000000" : 3260416,
            "30.000000" : 3260416,
            "40.000000" : 3260416,
            "50.000000" : 3293184,
            "60.000000" : 3293184,
            "70.000000" : 3293184,
            "80.000000" : 3293184,
            "90.000000" : 3293184,
            "95.000000" : 3325952,
            "99.000000" : 3325952,
            "99.500000" : 3325952,
            "99.900000" : 3358720,
            "99.950000" : 3358720,
            "99.990000" : 8847360
          }
        },
        "lat_ns" : {
          "min" : 1419916,
          "max" : 8784467,
          "mean" : 3262832.178295,
          "stddev" : 191413.049797,
          "N" : 2451
        },
        "bw_min" : 618496,
        "bw_max" : 634880,
        "bw_agg" : 50.002415,
        "bw_mean" : 627507.200000,
        "bw_dev" : 4944.370583,
        "bw_samples" : 15,
        "iops_min" : 302,
        "iops_max" : 310,
        "iops_mean" : 306.400000,
        "iops_stddev" : 2.414243,
        "iops_samples" : 15
      },
      "write" : {
        "io_bytes" : 0,
        "io_kbytes" : 0,
        "bw_bytes" : 0,
        "bw" : 0,
        "iops" : 0.000000,
        "runtime" : 0,
        "total_ios" : 0,
        "short_ios" : 0,
        "drop_ios" : 0,
        "slat_ns" : {
          "min" : 0,
          "max" : 0,
          "mean" : 0.000000,
          "stddev" : 0.000000,
          "N" : 0
        },
        "clat_ns" : {
          "min" : 0,
          "max" : 0,
          "mean" : 0.000000,
          "stddev" : 0.000000,
          "N" : 0
        },
        "lat_ns" : {
          "min" : 0,
          "max" : 0,
          "mean" : 0.000000,
          "stddev" : 0.000000,
          "N" : 0
        },
        "bw_min" : 0,
        "bw_max" : 0,
        "bw_agg" : 0.000000,
        "bw_mean" : 0.000000,
        "bw_dev" : 0.000000,
        "bw_samples" : 0,
        "iops_min" : 0,
        "iops_max" : 0,
        "iops_mean" : 0.000000,
        "iops_stddev" : 0.000000,
        "iops_samples" : 0
      },
      "trim" : {
        "io_bytes" : 0,
        "io_kbytes" : 0,
        "bw_bytes" : 0,
        "bw" : 0,
        "iops" : 0.000000,
        "runtime" : 0,
        "total_ios" : 0,
        "short_ios" : 0,
        "drop_ios" : 0,
        "slat_ns" : {
          "min" : 0,
          "max" : 0,
          "mean" : 0.000000,
          "stddev" : 0.000000,
          "N" : 0
        },
        "clat_ns" : {
          "min" : 0,
          "max" : 0,
          "mean" : 0.000000,
          "stddev" : 0.000000,
          "N" : 0
        },
        "lat_ns" : {
          "min" : 0,
          "max" : 0,
          "mean" : 0.000000,
          "stddev" : 0.000000,
          "N" : 0
        },
        "bw_min" : 0,
        "bw_max" : 0,
        "bw_agg" : 0.000000,
        "bw_mean" : 0.000000,
        "bw_dev" : 0.000000,
        "bw_samples" : 0,
        "iops_min" : 0,
        "iops_max" : 0,
        "iops_mean" : 0.000000,
        "iops_stddev" : 0.000000,
        "iops_samples" : 0
      },
      "sync" : {
        "total_ios" : 0,
        "lat_ns" : {
          "min" : 0,
          "max" : 0,
          "mean" : 0.000000,
          "stddev" : 0.000000,
          "N" : 0
        }
      },
      "job_runtime" : 8000,
      "usr_cpu" : 0.000000,
      "sys_cpu" : 1.987500,
      "ctx" : 2451,
      "majf" : 0,
      "minf" : 523,
      "iodepth_level" : {
        "1" : 100.000000,
        "2" : 0.000000,
        "4" : 0.000000,
        "8" : 0.000000,
        "16" : 0.000000,
        "32" : 0.000000,
        ">=64" : 0.000000
      },
      "iodepth_submit" : {
        "0" : 0.000000,
        "4" : 100.000000,
        "8" : 0.000000,
        "16" : 0.000000,
        "32" : 0.000000,
        "64" : 0.000000,
        ">=64" : 0.000000
      },
      "iodepth_complete" : {
        "0" : 0.000000,
        "4" : 100.000000,
        "8" : 0.000000,
        "16" : 0.000000,
        "32" : 0.000000,
        "64" : 0.000000,
        ">=64" : 0.000000
      },
      "latency_ns" : {
        "2" : 0.000000,
        "4" : 0.000000,
        "10" : 0.000000,
        "20" : 0.000000,
        "50" : 0.000000,
        "100" : 0.000000,
        "250" : 0.000000,
        "500" : 0.000000,
        "750" : 0.000000,
        "1000" : 0.000000
      },
      "latency_us" : {
        "2" : 0.000000,
        "4" : 0.000000,
        "10" : 0.000000,
        "20" : 0.000000,
        "50" : 0.000000,
        "100" : 0.000000,
        "250" : 0.000000,
        "500" : 0.000000,
        "750" : 0.000000,
        "1000" : 0.000000
      },
      "latency_ms" : {
        "2" : 0.367197,
        "4" : 99.592003,
        "10" : 0.040800,
        "20" : 0.000000,
        "50" : 0.000000,
        "100" : 0.000000,
        "250" : 0.000000,
        "500" : 0.000000,
        "750" : 0.000000,
        "1000" : 0.000000,
        "2000" : 0.000000,
        ">=2000" : 0.000000
      },
      "latency_depth" : 1,
      "latency_target" : 0,
      "latency_percentile" : 100.000000,
      "latency_window" : 0
    },
    {
      "jobname" : "zone4_read",
      "groupid" : 0,
      "error" : 0,
      "eta" : 0,
      "elapsed" : 9,
      "job options" : {
        "ioengine" : "psync",
        "bs" : "2m",
        "rw" : "read",
        "offset" : "4z",
        "runtime" : "8"
      },
      "read" : {
        "io_bytes" : 5144313856,
        "io_kbytes" : 5023744,
        "bw_bytes" : 642798182,
        "bw" : 627732,
        "iops" : 306.510059,
        "runtime" : 8003,
        "total_ios" : 2453,
        "short_ios" : 0,
        "drop_ios" : 0,
        "slat_ns" : {
          "min" : 0,
          "max" : 0,
          "mean" : 0.000000,
          "stddev" : 0.000000,
          "N" : 0
        },
        "clat_ns" : {
          "min" : 1399986,
          "max" : 4276229,
          "mean" : 3261251.266612,
          "stddev" : 154711.827751,
          "N" : 2453,
          "percentile" : {
            "1.000000" : 2310144,
            "5.000000" : 3260416,
            "10.000000" : 3260416,
            "20.000000" : 3260416,
            "30.000000" : 3260416,
            "40.000000" : 3260416,
            "50.000000" : 3293184,
            "60.000000" : 3293184,
            "70.000000" : 3293184,
            "80.000000" : 3293184,
            "90.000000" : 3293184,
            "95.000000" : 3293184,
            "99.000000" : 3325952,
            "99.500000" : 3325952,
            "99.900000" : 3424256,
            "99.950000" : 3522560,
            "99.990000" : 4292608
          }
        },
        "lat_ns" : {
          "min" : 1400104,
          "max" : 4276450,
          "mean" : 3261367.602528,
          "stddev" : 154705.790059,