{
  "fio version" : "fio-3.35",
  "timestamp" : 1702431630,
  "timestamp_ms" : 1702431630723,
  "time" : "Wed Dec 13 01:40:30 2023",
  "global options" : {
    "direct" : "1",
    "zonemode" : "zbd",
    "name" : "diff_bs",
    "iodepth" : "1",
    "size" : "1z",
    "filename" : "/dev/nvme0n1"
  },
  "jobs" : [
    {
      "jobname" : "zone0_read",
      "groupid" : 0,
      "error" : 0,
      "eta" : 0,
      "elapsed" : 9,
      "job options" : {
        "ioengine" : "psync",
        "bs" : "2m",
        "rw" : "read",
        "offset" : "0z",
        "runtime" : "8"
      },
      "read" : {
        "io_bytes" : 5144313856,
        "io_kbytes" : 5023744,
        "bw_bytes" : 642958862,
        "bw" : 627889,
        "iops" : 306.586677,
        "runtime" : 8001,
        "total_ios" : 2453,
        "short_ios" : 0,
        "drop_ios" : 0,
        "slat_ns" : {
          "min" : 0,
          "max" : 0,
          "mean" : 0.000000,
          "stddev" : 0.000000,
          "N" : 0
        },
        "clat_ns" : {
          "min" : 1306302,
          "max" : 3893513,
          "mean" : 3260431.889931,
          "stddev" : 157593.394881,
          "N" : 2453,
          "percentile" : {
            "1.000000" : 2473984,
            "5.000000" : 3260416,
            "10.000000" : 3260416,
            "20.000000" : 3293184,
            "30.000000" : 3293184,
            "40.000000" : 3293184,
            "50.000000" : 3293184,
            "60.000000" : 3293184,
            "70.000000" : 3293184,
            "80.000000" : 3293184,
            "90.000000" : 3293184,
            "95.000000" : 3293184,
            "99.000000" : 3293184,
            "99.500000" : 3325952,
            "99.900000" : 3489792,
            "99.950000" : 3555328,
            "99.990000" : 3883008
          }
        },
        "lat_ns" : {
          "min" : 1306534,
          "max" : 3893627,
          "mean" : 3260535.383204,
          "stddev" : 157594.301316,
          "N" : 2453
        },
        "bw_min" : 622592,
        "bw_max" : 634880,
        "bw_agg" : 50.030814,
        "bw_mean" : 628326.400000,
        "bw_dev" : 3728.420822,
        "bw_samples" : 15,
        "iops_min" : 304,
        "iops_max" : 310,
        "iops_mean" : 306.800000,
        "iops_stddev" : 1.820518,
        "iops_samples" : 15
      },
      "write" : {
        "io_bytes" : 0,
        "io_kbytes" : 0,
        "bw_bytes" : 0,
        "bw" : 0,
        "iops" : 0.000000,
        "runtime" : 0,
        "total_ios" : 0,
        "short_ios" : 0,
        "drop_ios" : 0,
        "slat_ns" : {
          "min" : 0,
          "max" : 0,
          "mean" : 0.000000,
          "stddev" : 0.000000,
          "N" : 0
        },
        "clat_ns" : {
          "min" : 0,
          "max" : 0,
          "mean" : 0.000000,
          "stddev" : 0.000000,
          "N" : 0
        },
        "lat_ns" : {
          "min" : 0,
          "max" : 0,
          "mean" : 0.000000,
          "stddev" : 0.000000,
          "N" : 0
        },
        "bw_min" : 0,
        "bw_max" : 0,
        "bw_agg" : 0.000000,
        "bw_mean" : 0.000000,
        "bw_dev" : 0.000000,
        "bw_samples" : 0,
        "iops_min" : 0,
        "iops_max" : 0,
        "iops_mean" : 0.000000,
        "iops_stddev" : 0.000000,
        "iops_samples" : 0
      },
      "trim" : {
        "io_bytes" : 0,
        "io_kbytes" : 0,
        "bw_bytes" : 0,
        "bw" : 0,
        "iops" : 0.000000,
        "runtime" : 0,
        "total_ios" : 0,
        "short_ios" : 0,
        "drop_ios" : 0,
        "slat_ns" : {
          "min" : 0,
          "max" : 0,
          "mean" : 0.000000,
          "stddev" : 0.000000,
          "N" : 0
        },
        "clat_ns" : {
          "min" : 0,
          "max" : 0,
          "mean" : 0.000000,
          "stddev" : 0.000000,
          "N" : 0
        },
        "lat_ns" : {
          "min" : 0,
          "max" : 0,
          "mean" : 0.000000,
          "stddev" : 0.000000,
          "N" : 0
        },
        "bw_min" : 0,
        "bw_max" : 0,
        "bw_agg" : 0.000000,
        "bw_mean" : 0.000000,
        "bw_dev" : 0.000000,
        "bw_samples" : 0,
        "iops_min" : 0,
        "iops_max" : 0,
        "iops_mean" : 0.000000,
        "iops_stddev" : 0.000000,
        "iops_samples" : 0
      },
      "sync" : {
        "total_ios" : 0,
        "lat_ns" : {
          "min" : 0,
          "max" : 0,
          "mean" : 0.000000,
          "stddev" : 0.000000,
          "N" : 0
        }
      },
      "job_runtime" : 8000,
      "usr_cpu" : 0.050000,
      "sys_cpu" : 1.250000,
      "ctx" : 2454,
      "majf" : 0,
      "minf" : 527,
      "iodepth_level" : {
        "1" : 100.000000,
        "2" : 0.000000,
        "4" : 0.000000,
        "8" : 0.000000,
        "16" : 0.000000,
        "32" : 0.000000,
        ">=64" : 0.000000
      },
      "iodepth_submit" : {
        "0" : 0.000000,
        "4" : 100.000000,
        "8" : 0.000000,
        "16" : 0.000000,
        "32" : 0.000000,
        "64" : 0.000000,
        ">=64" : 0.000000
      },
      "iodepth_complete" : {
        "0" : 0.000000,
        "4" : 100.000000,
        "8" : 0.000000,
        "16" : 0.000000,
        "32" : 0.000000,
        "64" : 0.000000,
        ">=64" : 0.000000
      },
      "latency_ns" : {
        "2" : 0.000000,
        "4" : 0.000000,
        "10" : 0.000000,
        "20" : 0.000000,
        "50" : 0.000000,
        "100" : 0.000000,
        "250" : 0.000000,
        "500" : 0.000000,
        "750" : 0.000000,
        "1000" : 0.000000
      },
      "latency_us" : {
        "2" : 0.000000,
        "4" : 0.000000,
        "10" : 0.000000,
        "20" : 0.000000,
        "50" : 0.000000,
        "100" : 0.000000,
        "250" : 0.000000,
        "500" : 0.000000,
        "750" : 0.000000,
        "1000" : 0.000000
      },
      "latency_ms" : {
        "2" : 0.733795,
        "4" : 99.266205,
        "10" : 0.000000,
        "20" : 0.000000,
        "50" : 0.000000,
        "100" : 0.000000,
        "250" : 0.000000,
        "500" : 0.000000,
        "750" : 0.000000,
        "1000" : 0.000000,
        "2000" : 0.000000,
        ">=2000" : 0.000000
      },
      "latency_depth" : 1,
      "latency_target" : 0,
      "latency_percentile" : 100.000000,
      "latency_window" : 0
    },
    {
      "jobname" : "zone8_read",
      "groupid" : 0,
      "error" : 0,
      "eta" : 0,
      "elapsed" : 9,
      "job options" : {
        "ioengine" : "psync",
        "bs" : "2m",
        "rw" : "read",
        "offset" : "8z",
        "runtime" : "8"
      },
      "read" : {
        "io_bytes" : 5146411008,
        "io_kbytes" : 5025792,
        "bw_bytes" : 643140590,
        "bw" : 628066,
        "iops" : 306.673332,
        "runtime" : 8002,
        "total_ios" : 2454,
        "short_ios" : 0,
        "drop_ios" : 0,
        "slat_ns" : {
          "min" : 0,
          "max" : 0,
          "mean" : 0.000000,
          "stddev" : 0.000000,
          "N" : 0
        },
        "clat_ns" : {
          "min" : 1542919,
          "max" : 3357291,
          "mean" : 3258929.564385,
          "stddev" : 150901.498484,
          "N" : 2454,
          "percentile" : {
            "1.000000" : 2211840,
            "5.000000" : 3260416,
            "10.000000" : 3260416,
            "20.000000" : 3260416,
            "30.000000" : 3260416,
            "40.000000" : 3293184,
            "50.000000" : 3293184,
            "60.000000" : 3293184,
            "70.000000" : 3293184,
            "80.000000" : 3293184,
            "90.000000" : 3293184,
            "95.000000" : 3325952,
            "99.000000" : 3325952,
            "99.500000" : 3325952,
            "99.900000" : 3325952,
            "99.950000" : 3358720,
            "99.990000" : 3358720
          }
        },
        "lat_ns" : {
          "min" : 1543082,
          "max" : 3357564,
          "mean" : 3259115.287286,
          "stddev" : 150906.119119,