{
  "fio version" : "fio-3.35",
  "timestamp" : 1702432681,
  "timestamp_ms" : 1702432681890,
  "time" : "Wed Dec 13 01:58:01 2023",
  "global options" : {
    "direct" : "1",
    "zonemode" : "zbd",
    "name" : "diff_bs",
    "iodepth" : "1",
    "size" : "1z",
    "filename" : "/dev/nvme0n1"
  },
  "jobs" : [
    {
      "jobname" : "zone0_read",
      "groupid" : 0,
      "error" : 0,
      "eta" : 0,
      "elapsed" : 9,
      "job options" : {
        "ioengine" : "psync",
        "bs" : "2m",
        "rw" : "read",
        "offset" : "0z",
        "runtime" : "8"
      },
      "read" : {
        "io_bytes" : 9927917568,
        "io_kbytes" : 9695232,
        "bw_bytes" : 1240834591,
        "bw" : 1211752,
        "iops" : 591.676040,
        "runtime" : 8001,
        "total_ios" : 4734,
        "short_ios" : 0,
        "drop_ios" : 0,
        "slat_ns" : {
          "min" : 0,
          "max" : 0,
          "mean" : 0.000000,
          "stddev" : 0.000000,
          "N" : 0
        },
        "clat_ns" : {
          "min" : 685276,
          "max" : 2027010,
          "mean" : 1689417.661174,
          "stddev" : 86173.520335,
          "N" : 4734,
          "percentile" : {
            "1.000000" : 1122304,
            "5.000000" : 1695744,
            "10.000000" : 1695744,
            "20.000000" : 1695744,
            "30.000000" : 1695744,
            "40.000000" : 1695744,
            "50.000000" : 1695744,
            "60.000000" : 1695744,
            "70.000000" : 1695744,
            "80.000000" : 1695744,
            "90.000000" : 1695744,
            "95.000000" : 1695744,
            "99.000000" : 1712128,
            "99.500000" : 1728512,
            "99.900000" : 1761280,
            "99.950000" : 1761280,
            "99.990000" : 2023424
          }
        },
        "lat_ns" : {
          "min" : 685345,
          "max" : 2027261,
          "mean" : 1689486.119561,
          "stddev" : 86173.585205,
          "N" : 4734
        },
        "bw_min" : 1208320,
        "bw_max" : 1220608,
        "bw_agg" : 50.016070,
        "bw_mean" : 1212142.933333,
        "bw_dev" : 3271.920176,
        "bw_samples" : 15,
        "iops_min" : 590,
        "iops_max" : 596,
        "iops_mean" : 591.866667,
        "iops_stddev" : 1.597617,
        "iops_samples" : 15
      },
      "write" : {
        "io_bytes" : 0,
        "io_kbytes" : 0,
        "bw_bytes" : 0,
        "bw" : 0,
        "iops" : 0.000000,
        "runtime" : 0,
        "total_ios" : 0,
        "short_ios" : 0,
        "drop_ios" : 0,
        "slat_ns" : {
          "min" : 0,
          "max" : 0,
          "mean" : 0.000000,
          "stddev" : 0.000000,
          "N" : 0
        },
        "clat_ns" : {
          "min" : 0,
          "max" : 0,
          "mean" : 0.000000,
          "stddev" : 0.000000,
          "N" : 0
        },
        "lat_ns" : {
          "min" : 0,
          "max" : 0,
          "mean" : 0.000000,
          "stddev" : 0.000000,
          "N" : 0
        },
        "bw_min" : 0,
        "bw_max" : 0,
        "bw_agg" : 0.000000,
        "bw_mean" : 0.000000,
        "bw_dev" : 0.000000,
        "bw_samples" : 0,
        "iops_min" : 0,
        "iops_max" : 0,
        "iops_mean" : 0.000000,
        "iops_stddev" : 0.000000,
        "iops_samples" : 0
      },
      "trim" : {
        "io_bytes" : 0,
        "io_kbytes" : 0,
        "bw_bytes" : 0,
        "bw" : 0,
        "iops" : 0.000000,
        "runtime" : 0,
        "total_ios" : 0,
        "short_ios" : 0,
        "drop_ios" : 0,
        "slat_ns" : {
          "min" : 0,
          "max" : 0,
          "mean" : 0.000000,
          "stddev" : 0.000000,
          "N" : 0
        },
        "clat_ns" : {
          "min" : 0,
          "max" : 0,
          "mean" : 0.000000,
          "stddev" : 0.000000,
          "N" : 0
        },
        "lat_ns" : {
          "min" : 0,
          "max" : 0,
          "mean" : 0.000000,
          "stddev" : 0.000000,
          "N" : 0
        },
        "bw_min" : 0,
        "bw_max" : 0,
        "bw_agg" : 0.000000,
        "bw_mean" : 0.000000,
        "bw_dev" : 0.000000,
        "bw_samples" : 0,
        "iops_min" : 0,
        "iops_max" : 0,
        "iops_mean" : 0.000000,
        "iops_stddev" : 0.000000,
        "iops_samples" : 0
      },
      "sync" : {
        "total_ios" : 0,
        "lat_ns" : {
          "min" : 0,
          "max" : 0,
          "mean" : 0.000000,
          "stddev" : 0.000000,
          "N" : 0
        }
      },
      "job_runtime" : 8000,
      "usr_cpu" : 0.100000,
      "sys_cpu" : 2.300000,
      "ctx" : 4739,
      "majf" : 0,
      "minf" : 524,
      "iodepth_level" : {
        "1" : 100.000000,
        "2" : 0.000000,
        "4" : 0.000000,
        "8" : 0.000000,
        "16" : 0.000000,
        "32" : 0.000000,
        ">=64" : 0.000000
      },
      "iodepth_submit" : {
        "0" : 0.000000,
        "4" : 100.000000,
        "8" : 0.000000,
        "16" : 0.000000,
        "32" : 0.000000,
        "64" : 0.000000,
        ">=64" : 0.000000
      },
      "iodepth_complete" : {
        "0" : 0.000000,
        "4" : 100.000000,
        "8" : 0.000000,
        "16" : 0.000000,
        "32" : 0.000000,
        "64" : 0.000000,
        ">=64" : 0.000000
      },
      "latency_ns" : {
        "2" : 0.000000,
        "4" : 0.000000,
        "10" : 0.000000,
        "20" : 0.000000,
        "50" : 0.000000,
        "100" : 0.000000,
        "250" : 0.000000,
        "500" : 0.000000,
        "750" : 0.000000,
        "1000" : 0.000000
      },
      "latency_us" : {
        "2" : 0.000000,
        "4" : 0.000000,
        "10" : 0.000000,
        "20" : 0.000000,
        "50" : 0.000000,
        "100" : 0.000000,
        "250" : 0.000000,
        "500" : 0.000000,
        "750" : 0.380228,
        "1000" : 0.380228
      },
      "latency_ms" : {
        "2" : 99.218420,
        "4" : 0.021124,
        "10" : 0.000000,
        "20" : 0.000000,
        "50" : 0.000000,
        "100" : 0.000000,
        "250" : 0.000000,
        "500" : 0.000000,
        "750" : 0.000000,
        "1000" : 0.000000,
        "2000" : 0.000000,
        ">=2000" : 0.000000
      },
      "latency_depth" : 1,
      "latency_target" : 0,
      "latency_percentile" : 100.000000,
      "latency_window" : 0
    },
    {
      "jobname" : "zone16_read",
      "groupid" : 0,
      "error" : 0,
      "eta" : 0,
      "elapsed" : 9,
      "job options" : {
        "ioengine" : "psync",
        "bs" : "2m",
        "rw" : "read",
        "offset" : "16z",
        "runtime" : "8"
      },
      "read" : {
        "io_bytes" : 9927917568,
        "io_kbytes" : 9695232,
        "bw_bytes" : 1240834591,
        "bw" : 1211752,
        "iops" : 591.676040,
        "runtime" : 8001,
        "total_ios" : 4734,
        "short_ios" : 0,
        "drop_ios" : 0,
        "slat_ns" : {
          "min" : 0,
          "max" : 0,
          "mean" : 0.000000,
          "stddev" : 0.000000,
          "N" : 0
        },
        "clat_ns" : {
          "min" : 822813,
          "max" : 1788320,
          "mean" : 1689174.134981,
          "stddev" : 80293.133370,
          "N" : 4734,
          "percentile" : {
            "1.000000" : 1122304,
            "5.000000" : 1662976,
            "10.000000" : 1695744,
            "20.000000" : 1695744,
            "30.000000" : 1695744,
            "40.000000" : 1695744,
            "50.000000" : 1695744,
            "60.000000" : 1695744,
            "70.000000" : 1695744,
            "80.000000" : 1695744,
            "90.000000" : 1695744,
            "95.000000" : 1712128,
            "99.000000" : 1728512,
            "99.500000" : 1728512,
            "99.900000" : 1761280,
            "99.950000" : 1761280,
            "99.990000" : 1794048
          }
        },
        "lat_ns" : {
          "min" : 822848,
          "max" : 1788367,
          "mean" : 1689248.213984,
          "stddev" : 80290.678336,