{
  "fio version" : "fio-3.35",
  "timestamp" : 1702432645,
  "timestamp_ms" : 1702432645847,
  "time" : "Wed Dec 13 01:57:25 2023",
  "global options" : {
    "direct" : "1",
    "zonemode" : "zbd",
    "name" : "diff_bs",
    "iodepth" : "1",
    "size" : "1z",
    "filename" : "/dev/nvme0n1"
  },
  "jobs" : [
    {
      "jobname" : "zone0_read",
      "groupid" : 0,
      "error" : 0,
      "eta" : 0,
      "elapsed" : 9,
      "job options" : {
        "ioengine" : "psync",
        "bs" : "2m",
        "rw" : "read",
        "offset" : "0z",
        "runtime" : "8"
      },
      "read" : {
        "io_bytes" : 15044968448,
        "io_kbytes" : 14692352,
        "bw_bytes" : 1880386007,
        "bw" : 1836314,
        "iops" : 896.637920,
        "runtime" : 8001,
        "total_ios" : 7174,
        "short_ios" : 0,
        "drop_ios" : 0,
        "slat_ns" : {
          "min" : 0,
          "max" : 0,
          "mean" : 0.000000,
          "stddev" : 0.000000,
          "N" : 0
        },
        "clat_ns" : {
          "min" : 572106,
          "max" : 3682119,
          "mean" : 1114484.729858,
          "stddev" : 168653.877111,
          "N" : 7174,
          "percentile" : {
            "1.000000" : 921600,
            "5.000000" : 970752,
            "10.000000" : 970752,
            "20.000000" : 970752,
            "30.000000" : 970752,
            "40.000000" : 987136,
            "50.000000" : 1003520,
            "60.000000" : 1171456,
            "70.000000" : 1269760,
            "80.000000" : 1318912,
            "90.000000" : 1335296,
            "95.000000" : 1351680,
            "99.000000" : 1433600,
            "99.500000" : 1597440,
            "99.900000" : 1875968,
            "99.950000" : 1908736,
            "99.990000" : 3686400
          }
        },
        "lat_ns" : {
          "min" : 572222,
          "max" : 3682169,
          "mean" : 1114572.852384,
          "stddev" : 168651.983843,
          "N" : 7174
        },
        "bw_min" : 1810432,
        "bw_max" : 1884160,
        "bw_agg" : 50.017223,
        "bw_mean" : 1836947.800000,
        "bw_dev" : 23924.851336,
        "bw_samples" : 15,
        "iops_min" : 884,
        "iops_max" : 920,
        "iops_mean" : 896.933333,
        "iops_stddev" : 11.683118,
        "iops_samples" : 15
      },
      "write" : {
        "io_bytes" : 0,
        "io_kbytes" : 0,
        "bw_bytes" : 0,
        "bw" : 0,
        "iops" : 0.000000,
        "runtime" : 0,
        "total_ios" : 0,
        "short_ios" : 0,
        "drop_ios" : 0,
        "slat_ns" : {
          "min" : 0,
          "max" : 0,
          "mean" : 0.000000,
          "stddev" : 0.000000,
          "N" : 0
        },
        "clat_ns" : {
          "min" : 0,
          "max" : 0,
          "mean" : 0.000000,
          "stddev" : 0.000000,
          "N" : 0
        },
        "lat_ns" : {
          "min" : 0,
          "max" : 0,
          "mean" : 0.000000,
          "stddev" : 0.000000,
          "N" : 0
        },
        "bw_min" : 0,
        "bw_max" : 0,
        "bw_agg" : 0.000000,
        "bw_mean" : 0.000000,
        "bw_dev" : 0.000000,
        "bw_samples" : 0,
        "iops_min" : 0,
        "iops_max" : 0,
        "iops_mean" : 0.000000,
        "iops_stddev" : 0.000000,
        "iops_samples" : 0
      },
      "trim" : {
        "io_bytes" : 0,
        "io_kbytes" : 0,
        "bw_bytes" : 0,
        "bw" : 0,
        "iops" : 0.000000,
        "runtime" : 0,
        "total_ios" : 0,
        "short_ios" : 0,
        "drop_ios" : 0,
        "slat_ns" : {
          "min" : 0,
          "max" : 0,
          "mean" : 0.000000,
          "stddev" : 0.000000,
          "N" : 0
        },
        "clat_ns" : {
          "min" : 0,
          "max" : 0,
          "mean" : 0.000000,
          "stddev" : 0.000000,
          "N" : 0
        },
        "lat_ns" : {
          "min" : 0,
          "max" : 0,
          "mean" : 0.000000,
          "stddev" : 0.000000,
          "N" : 0
        },
        "bw_min" : 0,
        "bw_max" : 0,
        "bw_agg" : 0.000000,
        "bw_mean" : 0.000000,
        "bw_dev" : 0.000000,
        "bw_samples" : 0,
        "iops_min" : 0,
        "iops_max" : 0,
        "iops_mean" : 0.000000,
        "iops_stddev" : 0.000000,
        "iops_samples" : 0
      },
      "sync" : {
        "total_ios" : 0,
        "lat_ns" : {
          "min" : 0,
          "max" : 0,
          "mean" : 0.000000,
          "stddev" : 0.000000,
          "N" : 0
        }
      },
      "job_runtime" : 8000,
      "usr_cpu" : 0.175000,
      "sys_cpu" : 3.325000,
      "ctx" : 7179,
      "majf" : 0,
      "minf" : 523,
      "iodepth_level" : {
        "1" : 100.000000,
        "2" : 0.000000,
        "4" : 0.000000,
        "8" : 0.000000,
        "16" : 0.000000,
        "32" : 0.000000,
        ">=64" : 0.000000
      },
      "iodepth_submit" : {
        "0" : 0.000000,
        "4" : 100.000000,
        "8" : 0.000000,
        "16" : 0.000000,
        "32" : 0.000000,
        "64" : 0.000000,
        ">=64" : 0.000000
      },
      "iodepth_complete" : {
        "0" : 0.000000,
        "4" : 100.000000,
        "8" : 0.000000,
        "16" : 0.000000,
        "32" : 0.000000,
        "64" : 0.000000,
        ">=64" : 0.000000
      },
      "latency_ns" : {
        "2" : 0.000000,
        "4" : 0.000000,
        "10" : 0.000000,
        "20" : 0.000000,
        "50" : 0.000000,
        "100" : 0.000000,
        "250" : 0.000000,
        "500" : 0.000000,
        "750" : 0.000000,
        "1000" : 0.000000
      },
      "latency_us" : {
        "2" : 0.000000,
        "4" : 0.000000,
        "10" : 0.000000,
        "20" : 0.000000,
        "50" : 0.000000,
        "100" : 0.000000,
        "250" : 0.000000,
        "500" : 0.000000,
        "750" : 0.069696,
        "1000" : 48.843044
      },
      "latency_ms" : {
        "2" : 51.045442,
        "4" : 0.041818,
        "10" : 0.000000,
        "20" : 0.000000,
        "50" : 0.000000,
        "100" : 0.000000,
        "250" : 0.000000,
        "500" : 0.000000,
        "750" : 0.000000,
        "1000" : 0.000000,
        "2000" : 0.000000,
        ">=2000" : 0.000000
      },
      "latency_depth" : 1,
      "latency_target" : 0,
      "latency_percentile" : 100.000000,
      "latency_window" : 0
    },
    {
      "jobname" : "zone1_read",
      "groupid" : 0,
      "error" : 0,
      "eta" : 0,
      "elapsed" : 9,
      "job options" : {
        "ioengine" : "psync",
        "bs" : "2m",
        "rw" : "read",
        "offset" : "1z",
        "runtime" : "8"
      },
      "read" : {
        "io_bytes" : 15044968448,
        "io_kbytes" : 14692352,
        "bw_bytes" : 1880386007,
        "bw" : 1836314,
        "iops" : 896.637920,
        "runtime" : 8001,
        "total_ios" : 7174,
        "short_ios" : 0,
        "drop_ios" : 0,
        "slat_ns" : {
          "min" : 0,
          "max" : 0,
          "mean" : 0.000000,
          "stddev" : 0.000000,
          "N" : 0
        },
        "clat_ns" : {
          "min" : 623022,
          "max" : 3451706,
          "mean" : 1114395.564539,
          "stddev" : 169406.267474,
          "N" : 7174,
          "percentile" : {
            "1.000000" : 921600,
            "5.000000" : 954368,
            "10.000000" : 962560,
            "20.000000" : 970752,
            "30.000000" : 970752,
            "40.000000" : 987136,
            "50.000000" : 1011712,
            "60.000000" : 1155072,
            "70.000000" : 1253376,
            "80.000000" : 1302528,
            "90.000000" : 1335296,
            "95.000000" : 1351680,
            "99.000000" : 1433600,
            "99.500000" : 1613824,
            "99.900000" : 1892352,
            "99.950000" : 1925120,
            "99.990000" : 3457024
          }
        },
        "lat_ns" : {
          "min" : 623062,
          "max" : 3451775,
          "mean" : 1114503.793421,
          "stddev" : 169406.856403,