{
  "fio version" : "fio-3.35",
  "timestamp" : 1702432654,
  "timestamp_ms" : 1702432654794,
  "time" : "Wed Dec 13 01:57:34 2023",
  "global options" : {
    "direct" : "1",
    "zonemode" : "zbd",
    "name" : "diff_bs",
    "iodepth" : "1",
    "size" : "1z",
    "filename" : "/dev/nvme0n1"
  },
  "jobs" : [
    {
      "jobname" : "zone0_read",
      "groupid" : 0,
      "error" : 0,
      "eta" : 0,
      "elapsed" : 9,
      "job options" : {
        "ioengine" : "psync",
        "bs" : "2m",
        "rw" : "read",
        "offset" : "0z",
        "runtime" : "8"
      },
      "read" : {
        "io_bytes" : 10179575808,
        "io_kbytes" : 9940992,
        "bw_bytes" : 1272128943,
        "bw" : 1242313,
        "iops" : 606.598350,
        "runtime" : 8002,
        "total_ios" : 4854,
        "short_ios" : 0,
        "drop_ios" : 0,
        "slat_ns" : {
          "min" : 0,
          "max" : 0,
          "mean" : 0.000000,
          "stddev" : 0.000000,
          "N" : 0
        },
        "clat_ns" : {
          "min" : 717102,
          "max" : 1870389,
          "mean" : 1647613.294396,
          "stddev" : 116679.937923,
          "N" : 4854,
          "percentile" : {
            "1.000000" : 1028096,
            "5.000000" : 1466368,
            "10.000000" : 1646592,
            "20.000000" : 1679360,
            "30.000000" : 1679360,
            "40.000000" : 1679360,
            "50.000000" : 1679360,
            "60.000000" : 1679360,
            "70.000000" : 1679360,
            "80.000000" : 1679360,
            "90.000000" : 1679360,
            "95.000000" : 1679360,
            "99.000000" : 1712128,
            "99.500000" : 1712128,
            "99.900000" : 1728512,
            "99.950000" : 1810432,
            "99.990000" : 1875968
          }
        },
        "lat_ns" : {
          "min" : 717272,
          "max" : 1870478,
          "mean" : 1647698.906469,
          "stddev" : 116679.699453,
          "N" : 4854
        },
        "bw_min" : 1236992,
        "bw_max" : 1257472,
        "bw_agg" : 50.021758,
        "bw_mean" : 1242726.400000,
        "bw_dev" : 6153.744653,
        "bw_samples" : 15,
        "iops_min" : 604,
        "iops_max" : 614,
        "iops_mean" : 606.800000,
        "iops_stddev" : 3.004758,
        "iops_samples" : 15
      },
      "write" : {
        "io_bytes" : 0,
        "io_kbytes" : 0,
        "bw_bytes" : 0,
        "bw" : 0,
        "iops" : 0.000000,
        "runtime" : 0,
        "total_ios" : 0,
        "short_ios" : 0,
        "drop_ios" : 0,
        "slat_ns" : {
          "min" : 0,
          "max" : 0,
          "mean" : 0.000000,
          "stddev" : 0.000000,
          "N" : 0
        },
        "clat_ns" : {
          "min" : 0,
          "max" : 0,
          "mean" : 0.000000,
          "stddev" : 0.000000,
          "N" : 0
        },
        "lat_ns" : {
          "min" : 0,
          "max" : 0,
          "mean" : 0.000000,
          "stddev" : 0.000000,
          "N" : 0
        },
        "bw_min" : 0,
        "bw_max" : 0,
        "bw_agg" : 0.000000,
        "bw_mean" : 0.000000,
        "bw_dev" : 0.000000,
        "bw_samples" : 0,
        "iops_min" : 0,
        "iops_max" : 0,
        "iops_mean" : 0.000000,
        "iops_stddev" : 0.000000,
        "iops_samples" : 0
      },
      "trim" : {
        "io_bytes" : 0,
        "io_kbytes" : 0,
        "bw_bytes" : 0,
        "bw" : 0,
        "iops" : 0.000000,
        "runtime" : 0,
        "total_ios" : 0,
        "short_ios" : 0,
        "drop_ios" : 0,
        "slat_ns" : {
          "min" : 0,
          "max" : 0,
          "mean" : 0.000000,
          "stddev" : 0.000000,
          "N" : 0
        },
        "clat_ns" : {
          "min" : 0,
          "max" : 0,
          "mean" : 0.000000,
          "stddev" : 0.000000,
          "N" : 0
        },
        "lat_ns" : {
          "min" : 0,
          "max" : 0,
          "mean" : 0.000000,
          "stddev" : 0.000000,
          "N" : 0
        },
        "bw_min" : 0,
        "bw_max" : 0,
        "bw_agg" : 0.000000,
        "bw_mean" : 0.000000,
        "bw_dev" : 0.000000,
        "bw_samples" : 0,
        "iops_min" : 0,
        "iops_max" : 0,
        "iops_mean" : 0.000000,
        "iops_stddev" : 0.000000,
        "iops_samples" : 0
      },
      "sync" : {
        "total_ios" : 0,
        "lat_ns" : {
          "min" : 0,
          "max" : 0,
          "mean" : 0.000000,
          "stddev" : 0.000000,
          "N" : 0
        }
      },
      "job_runtime" : 8001,
      "usr_cpu" : 0.049994,
      "sys_cpu" : 2.624672,
      "ctx" : 4856,
      "majf" : 0,
      "minf" : 524,
      "iodepth_level" : {
        "1" : 100.000000,
        "2" : 0.000000,
        "4" : 0.000000,
        "8" : 0.000000,
        "16" : 0.000000,
        "32" : 0.000000,
        ">=64" : 0.000000
      },
      "iodepth_submit" : {
        "0" : 0.000000,
        "4" : 100.000000,
        "8" : 0.000000,
        "16" : 0.000000,
        "32" : 0.000000,
        "64" : 0.000000,
        ">=64" : 0.000000
      },
      "iodepth_complete" : {
        "0" : 0.000000,
        "4" : 100.000000,
        "8" : 0.000000,
        "16" : 0.000000,
        "32" : 0.000000,
        "64" : 0.000000,
        ">=64" : 0.000000
      },
      "latency_ns" : {
        "2" : 0.000000,
        "4" : 0.000000,
        "10" : 0.000000,
        "20" : 0.000000,
        "50" : 0.000000,
        "100" : 0.000000,
        "250" : 0.000000,
        "500" : 0.000000,
        "750" : 0.000000,
        "1000" : 0.000000
      },
      "latency_us" : {
        "2" : 0.000000,
        "4" : 0.000000,
        "10" : 0.000000,
        "20" : 0.000000,
        "50" : 0.000000,
        "100" : 0.000000,
        "250" : 0.000000,
        "500" : 0.000000,
        "750" : 0.370828,
        "1000" : 0.391430
      },
      "latency_ms" : {
        "2" : 99.237742,
        "4" : 0.000000,
        "10" : 0.000000,
        "20" : 0.000000,
        "50" : 0.000000,
        "100" : 0.000000,
        "250" : 0.000000,
        "500" : 0.000000,
        "750" : 0.000000,
        "1000" : 0.000000,
        "2000" : 0.000000,
        ">=2000" : 0.000000
      },
      "latency_depth" : 1,
      "latency_target" : 0,
      "latency_percentile" : 100.000000,
      "latency_window" : 0
    },
    {
      "jobname" : "zone2_read",
      "groupid" : 0,
      "error" : 0,
      "eta" : 0,
      "elapsed" : 9,
      "job options" : {
        "ioengine" : "psync",
        "bs" : "2m",
        "rw" : "read",
        "offset" : "2z",
        "runtime" : "8"
      },
      "read" : {
        "io_bytes" : 10177478656,
        "io_kbytes" : 9938944,
        "bw_bytes" : 1272025828,
        "bw" : 1242212,
        "iops" : 606.549181,
        "runtime" : 8001,
        "total_ios" : 4853,
        "short_ios" : 0,
        "drop_ios" : 0,
        "slat_ns" : {
          "min" : 0,
          "max" : 0,
          "mean" : 0.000000,
          "stddev" : 0.000000,
          "N" : 0
        },
        "clat_ns" : {
          "min" : 767214,
          "max" : 2019217,
          "mean" : 1647859.015248,
          "stddev" : 112697.005436,
          "N" : 4853,
          "percentile" : {
            "1.000000" : 987136,
            "5.000000" : 1466368,
            "10.000000" : 1662976,
            "20.000000" : 1662976,
            "30.000000" : 1662976,
            "40.000000" : 1679360,
            "50.000000" : 1679360,
            "60.000000" : 1679360,
            "70.000000" : 1679360,
            "80.000000" : 1679360,
            "90.000000" : 1679360,
            "95.000000" : 1695744,
            "99.000000" : 1695744,
            "99.500000" : 1695744,
            "99.900000" : 1728512,
            "99.950000" : 1744896,
            "99.990000" : 2023424
          }
        },
        "lat_ns" : {
          "min" : 767325,
          "max" : 2019405,
          "mean" : 1647936.949928,
          "stddev" : 112694.902544,