{
  "fio version" : "fio-3.35",
  "timestamp" : 1702432663,
  "timestamp_ms" : 1702432663864,
  "time" : "Wed Dec 13 01:57:43 2023",
  "global options" : {
    "direct" : "1",
    "zonemode" : "zbd",
    "name" : "diff_bs",
    "iodepth" : "1",
    "size" : "1z",
    "filename" : "/dev/nvme0n1"
  },
  "jobs" : [
    {
      "jobname" : "zone0_read",
      "groupid" : 0,
      "error" : 0,
      "eta" : 0,
      "elapsed" : 9,
      "job options" : {
        "ioengine" : "psync",
        "bs" : "2m",
        "rw" : "read",
        "offset" : "0z",
        "runtime" : "8"
      },
      "read" : {
        "io_bytes" : 9795796992,
        "io_kbytes" : 9566208,
        "bw_bytes" : 1224321583,
        "bw" : 1195626,
        "iops" : 583.802025,
        "runtime" : 8001,
        "total_ios" : 4671,
        "short_ios" : 0,
        "drop_ios" : 0,
        "slat_ns" : {
          "min" : 0,
          "max" : 0,
          "mean" : 0.000000,
          "stddev" : 0.000000,
          "N" : 0
        },
        "clat_ns" : {
          "min" : 783378,
          "max" : 2049090,
          "mean" : 1711874.932991,
          "stddev" : 91804.207302,
          "N" : 4671,
          "percentile" : {
            "1.000000" : 1171456,
            "5.000000" : 1662976,
            "10.000000" : 1679360,
            "20.000000" : 1712128,
            "30.000000" : 1728512,
            "40.000000" : 1728512,
            "50.000000" : 1728512,
            "60.000000" : 1728512,
            "70.000000" : 1728512,
            "80.000000" : 1728512,
            "90.000000" : 1744896,
            "95.000000" : 1777664,
            "99.000000" : 1794048,
            "99.500000" : 1794048,
            "99.900000" : 1810432,
            "99.950000" : 1810432,
            "99.990000" : 2056192
          }
        },
        "lat_ns" : {
          "min" : 783509,
          "max" : 2049414,
          "mean" : 1711972.469064,
          "stddev" : 91801.486976,
          "N" : 4671
        },
        "bw_min" : 1191936,
        "bw_max" : 1204224,
        "bw_agg" : 50.029270,
        "bw_mean" : 1196305.066667,
        "bw_dev" : 2882.484431,
        "bw_samples" : 15,
        "iops_min" : 582,
        "iops_max" : 588,
        "iops_mean" : 584.133333,
        "iops_stddev" : 1.407463,
        "iops_samples" : 15
      },
      "write" : {
        "io_bytes" : 0,
        "io_kbytes" : 0,
        "bw_bytes" : 0,
        "bw" : 0,
        "iops" : 0.000000,
        "runtime" : 0,
        "total_ios" : 0,
        "short_ios" : 0,
        "drop_ios" : 0,
        "slat_ns" : {
          "min" : 0,
          "max" : 0,
          "mean" : 0.000000,
          "stddev" : 0.000000,
          "N" : 0
        },
        "clat_ns" : {
          "min" : 0,
          "max" : 0,
          "mean" : 0.000000,
          "stddev" : 0.000000,
          "N" : 0
        },
        "lat_ns" : {
          "min" : 0,
          "max" : 0,
          "mean" : 0.000000,
          "stddev" : 0.000000,
          "N" : 0
        },
        "bw_min" : 0,
        "bw_max" : 0,
        "bw_agg" : 0.000000,
        "bw_mean" : 0.000000,
        "bw_dev" : 0.000000,
        "bw_samples" : 0,
        "iops_min" : 0,
        "iops_max" : 0,
        "iops_mean" : 0.000000,
        "iops_stddev" : 0.000000,
        "iops_samples" : 0
      },
      "trim" : {
        "io_bytes" : 0,
        "io_kbytes" : 0,
        "bw_bytes" : 0,
        "bw" : 0,
        "iops" : 0.000000,
        "runtime" : 0,
        "total_ios" : 0,
        "short_ios" : 0,
        "drop_ios" : 0,
        "slat_ns" : {
          "min" : 0,
          "max" : 0,
          "mean" : 0.000000,
          "stddev" : 0.000000,
          "N" : 0
        },
        "clat_ns" : {
          "min" : 0,
          "max" : 0,
          "mean" : 0.000000,
          "stddev" : 0.000000,
          "N" : 0
        },
        "lat_ns" : {
          "min" : 0,
          "max" : 0,
          "mean" : 0.000000,
          "stddev" : 0.000000,
          "N" : 0
        },
        "bw_min" : 0,
        "bw_max" : 0,
        "bw_agg" : 0.000000,
        "bw_mean" : 0.000000,
        "bw_dev" : 0.000000,
        "bw_samples" : 0,
        "iops_min" : 0,
        "iops_max" : 0,
        "iops_mean" : 0.000000,
        "iops_stddev" : 0.000000,
        "iops_samples" : 0
      },
      "sync" : {
        "total_ios" : 0,
        "lat_ns" : {
          "min" : 0,
          "max" : 0,
          "mean" : 0.000000,
          "stddev" : 0.000000,
          "N" : 0
        }
      },
      "job_runtime" : 8000,
      "usr_cpu" : 0.275000,
      "sys_cpu" : 2.412500,
      "ctx" : 4677,
      "majf" : 0,
      "minf" : 522,
      "iodepth_level" : {
        "1" : 100.000000,
        "2" : 0.000000,
        "4" : 0.000000,
        "8" : 0.000000,
        "16" : 0.000000,
        "32" : 0.000000,
        ">=64" : 0.000000
      },
      "iodepth_submit" : {
        "0" : 0.000000,
        "4" : 100.000000,
        "8" : 0.000000,
        "16" : 0.000000,
        "32" : 0.000000,
        "64" : 0.000000,
        ">=64" : 0.000000
      },
      "iodepth_complete" : {
        "0" : 0.000000,
        "4" : 100.000000,
        "8" : 0.000000,
        "16" : 0.000000,
        "32" : 0.000000,
        "64" : 0.000000,
        ">=64" : 0.000000
      },
      "latency_ns" : {
        "2" : 0.000000,
        "4" : 0.000000,
        "10" : 0.000000,
        "20" : 0.000000,
        "50" : 0.000000,
        "100" : 0.000000,
        "250" : 0.000000,
        "500" : 0.000000,
        "750" : 0.000000,
        "1000" : 0.000000
      },
      "latency_us" : {
        "2" : 0.000000,
        "4" : 0.000000,
        "10" : 0.000000,
        "20" : 0.000000,
        "50" : 0.000000,
        "100" : 0.000000,
        "250" : 0.000000,
        "500" : 0.000000,
        "750" : 0.000000,
        "1000" : 0.770713
      },
      "latency_ms" : {
        "2" : 99.207878,
        "4" : 0.021409,
        "10" : 0.000000,
        "20" : 0.000000,
        "50" : 0.000000,
        "100" : 0.000000,
        "250" : 0.000000,
        "500" : 0.000000,
        "750" : 0.000000,
        "1000" : 0.000000,
        "2000" : 0.000000,
        ">=2000" : 0.000000
      },
      "latency_depth" : 1,
      "latency_target" : 0,
      "latency_percentile" : 100.000000,
      "latency_window" : 0
    },
    {
      "jobname" : "zone4_read",
      "groupid" : 0,
      "error" : 0,
      "eta" : 0,
      "elapsed" : 9,
      "job options" : {
        "ioengine" : "psync",
        "bs" : "2m",
        "rw" : "read",
        "offset" : "4z",
        "runtime" : "8"
      },
      "read" : {
        "io_bytes" : 9797894144,
        "io_kbytes" : 9568256,
        "bw_bytes" : 1224430660,
        "bw" : 1195733,
        "iops" : 583.854036,
        "runtime" : 8002,
        "total_ios" : 4672,
        "short_ios" : 0,
        "drop_ios" : 0,
        "slat_ns" : {
          "min" : 0,
          "max" : 0,
          "mean" : 0.000000,
          "stddev" : 0.000000,
          "N" : 0
        },
        "clat_ns" : {
          "min" : 736872,
          "max" : 2148645,
          "mean" : 1711611.894050,
          "stddev" : 91192.542375,
          "N" : 4672,
          "percentile" : {
            "1.000000" : 1204224,
            "5.000000" : 1662976,
            "10.000000" : 1695744,
            "20.000000" : 1712128,
            "30.000000" : 1728512,
            "40.000000" : 1728512,
            "50.000000" : 1728512,
            "60.000000" : 1728512,
            "70.000000" : 1728512,
            "80.000000" : 1728512,
            "90.000000" : 1744896,
            "95.000000" : 1777664,
            "99.000000" : 1794048,
            "99.500000" : 1794048,
            "99.900000" : 1810432,
            "99.950000" : 1826816,
            "99.990000" : 2146304
          }
        },
        "lat_ns" : {
          "min" : 736909,
          "max" : 2148712,
          "mean" : 1711716.973245,
          "stddev" : 91186.419852,