{
  "fio version" : "fio-3.35",
  "timestamp" : 1702432672,
  "timestamp_ms" : 1702432672931,
  "time" : "Wed Dec 13 01:57:52 2023",
  "global options" : {
    "direct" : "1",
    "zonemode" : "zbd",
    "name" : "diff_bs",
    "iodepth" : "1",
    "size" : "1z",
    "filename" : "/dev/nvme0n1"
  },
  "jobs" : [
    {
      "jobname" : "zone0_read",
      "groupid" : 0,
      "error" : 0,
      "eta" : 0,
      "elapsed" : 9,
      "job options" : {
        "ioengine" : "psync",
        "bs" : "2m",
        "rw" : "read",
        "offset" : "0z",
        "runtime" : "8"
      },
      "read" : {
        "io_bytes" : 10227810304,
        "io_kbytes" : 9988096,
        "bw_bytes" : 1278316498,
        "bw" : 1248355,
        "iops" : 609.548806,
        "runtime" : 8001,
        "total_ios" : 4877,
        "short_ios" : 0,
        "drop_ios" : 0,
        "slat_ns" : {
          "min" : 0,
          "max" : 0,
          "mean" : 0.000000,
          "stddev" : 0.000000,
          "N" : 0
        },
        "clat_ns" : {
          "min" : 661315,
          "max" : 1970689,
          "mean" : 1639839.504203,
          "stddev" : 82673.017544,
          "N" : 4877,
          "percentile" : {
            "1.000000" : 1155072,
            "5.000000" : 1646592,
            "10.000000" : 1646592,
            "20.000000" : 1646592,
            "30.000000" : 1646592,
            "40.000000" : 1646592,
            "50.000000" : 1646592,
            "60.000000" : 1646592,
            "70.000000" : 1646592,
            "80.000000" : 1646592,
            "90.000000" : 1646592,
            "95.000000" : 1646592,
            "99.000000" : 1662976,
            "99.500000" : 1662976,
            "99.900000" : 1695744,
            "99.950000" : 1695744,
            "99.990000" : 1974272
          }
        },
        "lat_ns" : {
          "min" : 661366,
          "max" : 1970928,
          "mean" : 1639918.589092,
          "stddev" : 82672.470669,
          "N" : 4877
        },
        "bw_min" : 1245184,
        "bw_max" : 1257472,
        "bw_agg" : 50.004167,
        "bw_mean" : 1248460.800000,
        "bw_dev" : 3530.308024,
        "bw_samples" : 15,
        "iops_min" : 608,
        "iops_max" : 614,
        "iops_mean" : 609.600000,
        "iops_stddev" : 1.723783,
        "iops_samples" : 15
      },
      "write" : {
        "io_bytes" : 0,
        "io_kbytes" : 0,
        "bw_bytes" : 0,
        "bw" : 0,
        "iops" : 0.000000,
        "runtime" : 0,
        "total_ios" : 0,
        "short_ios" : 0,
        "drop_ios" : 0,
        "slat_ns" : {
          "min" : 0,
          "max" : 0,
          "mean" : 0.000000,
          "stddev" : 0.000000,
          "N" : 0
        },
        "clat_ns" : {
          "min" : 0,
          "max" : 0,
          "mean" : 0.000000,
          "stddev" : 0.000000,
          "N" : 0
        },
        "lat_ns" : {
          "min" : 0,
          "max" : 0,
          "mean" : 0.000000,
          "stddev" : 0.000000,
          "N" : 0
        },
        "bw_min" : 0,
        "bw_max" : 0,
        "bw_agg" : 0.000000,
        "bw_mean" : 0.000000,
        "bw_dev" : 0.000000,
        "bw_samples" : 0,
        "iops_min" : 0,
        "iops_max" : 0,
        "iops_mean" : 0.000000,
        "iops_stddev" : 0.000000,
        "iops_samples" : 0
      },
      "trim" : {
        "io_bytes" : 0,
        "io_kbytes" : 0,
        "bw_bytes" : 0,
        "bw" : 0,
        "iops" : 0.000000,
        "runtime" : 0,
        "total_ios" : 0,
        "short_ios" : 0,
        "drop_ios" : 0,
        "slat_ns" : {
          "min" : 0,
          "max" : 0,
          "mean" : 0.000000,
          "stddev" : 0.000000,
          "N" : 0
        },
        "clat_ns" : {
          "min" : 0,
          "max" : 0,
          "mean" : 0.000000,
          "stddev" : 0.000000,
          "N" : 0
        },
        "lat_ns" : {
          "min" : 0,
          "max" : 0,
          "mean" : 0.000000,
          "stddev" : 0.000000,
          "N" : 0
        },
        "bw_min" : 0,
        "bw_max" : 0,
        "bw_agg" : 0.000000,
        "bw_mean" : 0.000000,
        "bw_dev" : 0.000000,
        "bw_samples" : 0,
        "iops_min" : 0,
        "iops_max" : 0,
        "iops_mean" : 0.000000,
        "iops_stddev" : 0.000000,
        "iops_samples" : 0
      },
      "sync" : {
        "total_ios" : 0,
        "lat_ns" : {
          "min" : 0,
          "max" : 0,
          "mean" : 0.000000,
          "stddev" : 0.000000,
          "N" : 0
        }
      },
      "job_runtime" : 8000,
      "usr_cpu" : 0.050000,
      "sys_cpu" : 2.475000,
      "ctx" : 4878,
      "majf" : 0,
      "minf" : 523,
      "iodepth_level" : {
        "1" : 100.000000,
        "2" : 0.000000,
        "4" : 0.000000,
        "8" : 0.000000,
        "16" : 0.000000,
        "32" : 0.000000,
        ">=64" : 0.000000
      },
      "iodepth_submit" : {
        "0" : 0.000000,
        "4" : 100.000000,
        "8" : 0.000000,
        "16" : 0.000000,
        "32" : 0.000000,
        "64" : 0.000000,
        ">=64" : 0.000000
      },
      "iodepth_complete" : {
        "0" : 0.000000,
        "4" : 100.000000,
        "8" : 0.000000,
        "16" : 0.000000,
        "32" : 0.000000,
        "64" : 0.000000,
        ">=64" : 0.000000
      },
      "latency_ns" : {
        "2" : 0.000000,
        "4" : 0.000000,
        "10" : 0.000000,
        "20" : 0.000000,
        "50" : 0.000000,
        "100" : 0.000000,
        "250" : 0.000000,
        "500" : 0.000000,
        "750" : 0.000000,
        "1000" : 0.000000
      },
      "latency_us" : {
        "2" : 0.000000,
        "4" : 0.000000,
        "10" : 0.000000,
        "20" : 0.000000,
        "50" : 0.000000,
        "100" : 0.000000,
        "250" : 0.000000,
        "500" : 0.000000,
        "750" : 0.389584,
        "1000" : 0.389584
      },
      "latency_ms" : {
        "2" : 99.220832,
        "4" : 0.000000,
        "10" : 0.000000,
        "20" : 0.000000,
        "50" : 0.000000,
        "100" : 0.000000,
        "250" : 0.000000,
        "500" : 0.000000,
        "750" : 0.000000,
        "1000" : 0.000000,
        "2000" : 0.000000,
        ">=2000" : 0.000000
      },
      "latency_depth" : 1,
      "latency_target" : 0,
      "latency_percentile" : 100.000000,
      "latency_window" : 0
    },
    {
      "jobname" : "zone8_read",
      "groupid" : 0,
      "error" : 0,
      "eta" : 0,
      "elapsed" : 9,
      "job options" : {
        "ioengine" : "psync",
        "bs" : "2m",
        "rw" : "read",
        "offset" : "8z",
        "runtime" : "8"
      },
      "read" : {
        "io_bytes" : 10227810304,
        "io_kbytes" : 9988096,
        "bw_bytes" : 1278316498,
        "bw" : 1248355,
        "iops" : 609.548806,
        "runtime" : 8001,
        "total_ios" : 4877,
        "short_ios" : 0,
        "drop_ios" : 0,
        "slat_ns" : {
          "min" : 0,
          "max" : 0,
          "mean" : 0.000000,
          "stddev" : 0.000000,
          "N" : 0
        },
        "clat_ns" : {
          "min" : 779623,
          "max" : 1710504,
          "mean" : 1639612.941562,
          "stddev" : 76122.107411,
          "N" : 4877,
          "percentile" : {
            "1.000000" : 1073152,
            "5.000000" : 1613824,
            "10.000000" : 1646592,
            "20.000000" : 1646592,
            "30.000000" : 1646592,
            "40.000000" : 1646592,
            "50.000000" : 1646592,
            "60.000000" : 1646592,
            "70.000000" : 1646592,
            "80.000000" : 1646592,
            "90.000000" : 1646592,
            "95.000000" : 1662976,
            "99.000000" : 1679360,
            "99.500000" : 1679360,
            "99.900000" : 1695744,
            "99.950000" : 1712128,
            "99.990000" : 1712128
          }
        },
        "lat_ns" : {
          "min" : 779786,
          "max" : 1710549,
          "mean" : 1639703.551569,
          "stddev" : 76118.326820,