{
  "fio version" : "fio-3.35",
  "timestamp" : 1712286900,
  "timestamp_ms" : 1712286900457,
  "time" : "Fri Apr  5 03:15:00 2024",
  "global options" : {
    "direct" : "1",
    "zonemode" : "zbd",
    "name" : "diff_bs",
    "iodepth" : "1",
    "size" : "1z",
    "filename" : "/dev/nvme0n1"
  },
  "jobs" : [
    {
      "jobname" : "zone0_read",
      "groupid" : 0,
      "error" : 0,
      "eta" : 0,
      "elapsed" : 17,
      "job options" : {
        "ioengine" : "psync",
        "bs" : "256k",
        "rw" : "read",
        "offset" : "0z",
        "runtime" : "16"
      },
      "read" : {
        "io_bytes" : 3352821760,
        "io_kbytes" : 3274240,
        "bw_bytes" : 209538263,
        "bw" : 204627,
        "iops" : 799.325042,
        "runtime" : 16001,
        "total_ios" : 12790,
        "short_ios" : 0,
        "drop_ios" : 0,
        "slat_ns" : {
          "min" : 0,
          "max" : 0,
          "mean" : 0.000000,
          "stddev" : 0.000000,
          "N" : 0
        },
        "clat_ns" : {
          "min" : 730428,
          "max" : 23148271,
          "mean" : 1245323.857389,
          "stddev" : 739914.598768,
          "N" : 12790,
          "percentile" : {
            "1.000000" : 1089536,
            "5.000000" : 1122304,
            "10.000000" : 1138688,
            "20.000000" : 1155072,
            "30.000000" : 1171456,
            "40.000000" : 1187840,
            "50.000000" : 1187840,
            "60.000000" : 1187840,
            "70.000000" : 1187840,
            "80.000000" : 1204224,
            "90.000000" : 1204224,
            "95.000000" : 1220608,
            "99.000000" : 2572288,
            "99.500000" : 6455296,
            "99.900000" : 11599872,
            "99.950000" : 14614528,
            "99.990000" : 22937600
          }
        },
        "lat_ns" : {
          "min" : 730852,
          "max" : 23149772,
          "mean" : 1245891.521267,
          "stddev" : 739927.287259,
          "N" : 12790
        },
        "bw_min" : 187904,
        "bw_max" : 216576,
        "bw_agg" : 100.000000,
        "bw_mean" : 204733.935484,
        "bw_dev" : 5976.368384,
        "bw_samples" : 31,
        "iops_min" : 734,
        "iops_max" : 846,
        "iops_mean" : 799.741935,
        "iops_stddev" : 23.345189,
        "iops_samples" : 31
      },
      "write" : {
        "io_bytes" : 0,
        "io_kbytes" : 0,
        "bw_bytes" : 0,
        "bw" : 0,
        "iops" : 0.000000,
        "runtime" : 0,
        "total_ios" : 0,
        "short_ios" : 0,
        "drop_ios" : 0,
        "slat_ns" : {
          "min" : 0,
          "max" : 0,
          "mean" : 0.000000,
          "stddev" : 0.000000,
          "N" : 0
        },
        "clat_ns" : {
          "min" : 0,
          "max" : 0,
          "mean" : 0.000000,
          "stddev" : 0.000000,
          "N" : 0
        },
        "lat_ns" : {
          "min" : 0,
          "max" : 0,
          "mean" : 0.000000,
          "stddev" : 0.000000,
          "N" : 0
        },
        "bw_min" : 0,
        "bw_max" : 0,
        "bw_agg" : 0.000000,
        "bw_mean" : 0.000000,
        "bw_dev" : 0.000000,
        "bw_samples" : 0,
        "iops_min" : 0,
        "iops_max" : 0,
        "iops_mean" : 0.000000,
        "iops_stddev" : 0.000000,
        "iops_samples" : 0
      },
      "trim" : {
        "io_bytes" : 0,
        "io_kbytes" : 0,
        "bw_bytes" : 0,
        "bw" : 0,
        "iops" : 0.000000,
        "runtime" : 0,
        "total_ios" : 0,
        "short_ios" : 0,
        "drop_ios" : 0,
        "slat_ns" : {
          "min" : 0,
          "max" : 0,
          "mean" : 0.000000,
          "stddev" : 0.000000,
          "N" : 0
        },
        "clat_ns" : {
          "min" : 0,
          "max" : 0,
          "mean" : 0.000000,
          "stddev" : 0.000000,
          "N" : 0
        },
        "lat_ns" : {
          "min" : 0,
          "max" : 0,
          "mean" : 0.000000,
          "stddev" : 0.000000,
          "N" : 0
        },
        "bw_min" : 0,
        "bw_max" : 0,
        "bw_agg" : 0.000000,
        "bw_mean" : 0.000000,
        "bw_dev" : 0.000000,
        "bw_samples" : 0,
        "iops_min" : 0,
        "iops_max" : 0,
        "iops_mean" : 0.000000,
        "iops_stddev" : 0.000000,
        "iops_samples" : 0
      },
      "sync" : {
        "total_ios" : 0,
        "lat_ns" : {
          "min" : 0,
          "max" : 0,
          "mean" : 0.000000,
          "stddev" : 0.000000,
          "N" : 0
        }
      },
      "job_runtime" : 16000,
      "usr_cpu" : 1.131250,
      "sys_cpu" : 9.018750,
      "ctx" : 12778,
      "majf" : 0,
      "minf" : 76,
      "iodepth_level" : {
        "1" : 100.000000,
        "2" : 0.000000,
        "4" : 0.000000,
        "8" : 0.000000,
        "16" : 0.000000,
        "32" : 0.000000,
        ">=64" : 0.000000
      },
      "iodepth_submit" : {
        "0" : 0.000000,
        "4" : 100.000000,
        "8" : 0.000000,
        "16" : 0.000000,
        "32" : 0.000000,
        "64" : 0.000000,
        ">=64" : 0.000000
      },
      "iodepth_complete" : {
        "0" : 0.000000,
        "4" : 100.000000,
        "8" : 0.000000,
        "16" : 0.000000,
        "32" : 0.000000,
        "64" : 0.000000,
        ">=64" : 0.000000
      },
      "latency_ns" : {
        "2" : 0.000000,
        "4" : 0.000000,
        "10" : 0.000000,
        "20" : 0.000000,
        "50" : 0.000000,
        "100" : 0.000000,
        "250" : 0.000000,
        "500" : 0.000000,
        "750" : 0.000000,
        "1000" : 0.000000
      },
      "latency_us" : {
        "2" : 0.000000,
        "4" : 0.000000,
        "10" : 0.000000,
        "20" : 0.000000,
        "50" : 0.000000,
        "100" : 0.000000,
        "250" : 0.000000,
        "500" : 0.000000,
        "750" : 0.010000,
        "1000" : 0.086005
      },
      "latency_ms" : {
        "2" : 98.842846,
        "4" : 0.172009,
        "10" : 0.719312,
        "20" : 0.140735,
        "50" : 0.031274,
        "100" : 0.000000,
        "250" : 0.000000,
        "500" : 0.000000,
        "750" : 0.000000,
        "1000" : 0.000000,
        "2000" : 0.000000,
        ">=2000" : 0.000000
      },
      "latency_depth" : 1,
      "latency_target" : 0,
      "latency_percentile" : 100.000000,
      "latency_window" : 0
    }
  ],
  "disk_util" : [
    {
      "name" : "nvme0n1",
      "read_ios" : 12706,
      "write_ios" : 0,
      "read_merges" : 0,
      "write_merges" : 0,
      "read_ticks" : 14944,
      "write_ticks" : 0,
      "in_queue" : 14944,
      "util" : 98.823529
    }
  ]
}
