{
  "fio version" : "fio-3.35",
  "timestamp" : 1702431265,
  "timestamp_ms" : 1702431265169,
  "time" : "Wed Dec 13 01:34:25 2023",
  "global options" : {
    "direct" : "1",
    "zonemode" : "zbd",
    "name" : "diff_bs",
    "iodepth" : "1",
    "size" : "1z",
    "filename" : "/dev/nvme0n1"
  },
  "jobs" : [
    {
      "jobname" : "zone0_read",
      "groupid" : 0,
      "error" : 0,
      "eta" : 0,
      "elapsed" : 9,
      "job options" : {
        "ioengine" : "psync",
        "bs" : "2m",
        "rw" : "read",
        "offset" : "0z",
        "runtime" : "8"
      },
      "read" : {
        "io_bytes" : 5213519872,
        "io_kbytes" : 5091328,
        "bw_bytes" : 651527102,
        "bw" : 636256,
        "iops" : 310.672332,
        "runtime" : 8002,
        "total_ios" : 2486,
        "short_ios" : 0,
        "drop_ios" : 0,
        "slat_ns" : {
          "min" : 0,
          "max" : 0,
          "mean" : 0.000000,
          "stddev" : 0.000000,
          "N" : 0
        },
        "clat_ns" : {
          "min" : 1337769,
          "max" : 3502158,
          "mean" : 3217594.007241,
          "stddev" : 140785.638711,
          "N" : 2486,
          "percentile" : {
            "1.000000" : 2768896,
            "5.000000" : 3227648,
            "10.000000" : 3227648,
            "20.000000" : 3227648,
            "30.000000" : 3227648,
            "40.000000" : 3227648,
            "50.000000" : 3227648,
            "60.000000" : 3227648,
            "70.000000" : 3227648,
            "80.000000" : 3227648,
            "90.000000" : 3227648,
            "95.000000" : 3260416,
            "99.000000" : 3260416,
            "99.500000" : 3260416,
            "99.900000" : 3260416,
            "99.950000" : 3293184,
            "99.990000" : 3489792
          }
        },
        "lat_ns" : {
          "min" : 1337823,
          "max" : 3502379,
          "mean" : 3217676.653661,
          "stddev" : 140785.064136,
          "N" : 2486
        },
        "bw_min" : 630784,
        "bw_max" : 638976,
        "bw_agg" : 50.016707,
        "bw_mean" : 636518.400000,
        "bw_dev" : 3017.885277,
        "bw_samples" : 15,
        "iops_min" : 308,
        "iops_max" : 312,
        "iops_mean" : 310.800000,
        "iops_stddev" : 1.473577,
        "iops_samples" : 15
      },
      "write" : {
        "io_bytes" : 0,
        "io_kbytes" : 0,
        "bw_bytes" : 0,
        "bw" : 0,
        "iops" : 0.000000,
        "runtime" : 0,
        "total_ios" : 0,
        "short_ios" : 0,
        "drop_ios" : 0,
        "slat_ns" : {
          "min" : 0,
          "max" : 0,
          "mean" : 0.000000,
          "stddev" : 0.000000,
          "N" : 0
        },
        "clat_ns" : {
          "min" : 0,
          "max" : 0,
          "mean" : 0.000000,
          "stddev" : 0.000000,
          "N" : 0
        },
        "lat_ns" : {
          "min" : 0,
          "max" : 0,
          "mean" : 0.000000,
          "stddev" : 0.000000,
          "N" : 0
        },
        "bw_min" : 0,
        "bw_max" : 0,
        "bw_agg" : 0.000000,
        "bw_mean" : 0.000000,
        "bw_dev" : 0.000000,
        "bw_samples" : 0,
        "iops_min" : 0,
        "iops_max" : 0,
        "iops_mean" : 0.000000,
        "iops_stddev" : 0.000000,
        "iops_samples" : 0
      },
      "trim" : {
        "io_bytes" : 0,
        "io_kbytes" : 0,
        "bw_bytes" : 0,
        "bw" : 0,
        "iops" : 0.000000,
        "runtime" : 0,
        "total_ios" : 0,
        "short_ios" : 0,
        "drop_ios" : 0,
        "slat_ns" : {
          "min" : 0,
          "max" : 0,
          "mean" : 0.000000,
          "stddev" : 0.000000,
          "N" : 0
        },
        "clat_ns" : {
          "min" : 0,
          "max" : 0,
          "mean" : 0.000000,
          "stddev" : 0.000000,
          "N" : 0
        },
        "lat_ns" : {
          "min" : 0,
          "max" : 0,
          "mean" : 0.000000,
          "stddev" : 0.000000,
          "N" : 0
        },
        "bw_min" : 0,
        "bw_max" : 0,
        "bw_agg" : 0.000000,
        "bw_mean" : 0.000000,
        "bw_dev" : 0.000000,
        "bw_samples" : 0,
        "iops_min" : 0,
        "iops_max" : 0,
        "iops_mean" : 0.000000,
        "iops_stddev" : 0.000000,
        "iops_samples" : 0
      },
      "sync" : {
        "total_ios" : 0,
        "lat_ns" : {
          "min" : 0,
          "max" : 0,
          "mean" : 0.000000,
          "stddev" : 0.000000,
          "N" : 0
        }
      },
      "job_runtime" : 8001,
      "usr_cpu" : 0.000000,
      "sys_cpu" : 1.537308,
      "ctx" : 2487,
      "majf" : 0,
      "minf" : 525,
      "iodepth_level" : {
        "1" : 100.000000,
        "2" : 0.000000,
        "4" : 0.000000,
        "8" : 0.000000,
        "16" : 0.000000,
        "32" : 0.000000,
        ">=64" : 0.000000
      },
      "iodepth_submit" : {
        "0" : 0.000000,
        "4" : 100.000000,
        "8" : 0.000000,
        "16" : 0.000000,
        "32" : 0.000000,
        "64" : 0.000000,
        ">=64" : 0.000000
      },
      "iodepth_complete" : {
        "0" : 0.000000,
        "4" : 100.000000,
        "8" : 0.000000,
        "16" : 0.000000,
        "32" : 0.000000,
        "64" : 0.000000,
        ">=64" : 0.000000
      },
      "latency_ns" : {
        "2" : 0.000000,
        "4" : 0.000000,
        "10" : 0.000000,
        "20" : 0.000000,
        "50" : 0.000000,
        "100" : 0.000000,
        "250" : 0.000000,
        "500" : 0.000000,
        "750" : 0.000000,
        "1000" : 0.000000
      },
      "latency_us" : {
        "2" : 0.000000,
        "4" : 0.000000,
        "10" : 0.000000,
        "20" : 0.000000,
        "50" : 0.000000,
        "100" : 0.000000,
        "250" : 0.000000,
        "500" : 0.000000,
        "750" : 0.000000,
        "1000" : 0.000000
      },
      "latency_ms" : {
        "2" : 0.724055,
        "4" : 99.275945,
        "10" : 0.000000,
        "20" : 0.000000,
        "50" : 0.000000,
        "100" : 0.000000,
        "250" : 0.000000,
        "500" : 0.000000,
        "750" : 0.000000,
        "1000" : 0.000000,
        "2000" : 0.000000,
        ">=2000" : 0.000000
      },
      "latency_depth" : 1,
      "latency_target" : 0,
      "latency_percentile" : 100.000000,
      "latency_window" : 0
    },
    {
      "jobname" : "zone16_read",
      "groupid" : 0,
      "error" : 0,
      "eta" : 0,
      "elapsed" : 9,
      "job options" : {
        "ioengine" : "psync",
        "bs" : "2m",
        "rw" : "read",
        "offset" : "16z",
        "runtime" : "8"
      },
      "read" : {
        "io_bytes" : 5215617024,
        "io_kbytes" : 5093376,
        "bw_bytes" : 651707737,
        "bw" : 636433,
        "iops" : 310.758466,
        "runtime" : 8003,
        "total_ios" : 2487,
        "short_ios" : 0,
        "drop_ios" : 0,
        "slat_ns" : {
          "min" : 0,
          "max" : 0,
          "mean" : 0.000000,
          "stddev" : 0.000000,
          "N" : 0
        },
        "clat_ns" : {
          "min" : 1630651,
          "max" : 3291626,
          "mean" : 3216147.886208,
          "stddev" : 125884.525478,
          "N" : 2487,
          "percentile" : {
            "1.000000" : 2342912,
            "5.000000" : 3194880,
            "10.000000" : 3194880,
            "20.000000" : 3227648,
            "30.000000" : 3227648,
            "40.000000" : 3227648,
            "50.000000" : 3227648,
            "60.000000" : 3227648,
            "70.000000" : 3227648,
            "80.000000" : 3227648,
            "90.000000" : 3260416,
            "95.000000" : 3260416,
            "99.000000" : 3260416,
            "99.500000" : 3260416,
            "99.900000" : 3293184,
            "99.950000" : 3293184,
            "99.990000" : 3293184
          }
        },
        "lat_ns" : {
          "min" : 1630795,
          "max" : 3291664,
          "mean" : 3216269.833132,
          "stddev" : 125884.313246,