{
  "fio version" : "fio-3.35",
  "timestamp" : 1702431225,
  "timestamp_ms" : 1702431225050,
  "time" : "Wed Dec 13 01:33:45 2023",
  "global options" : {
    "direct" : "1",
    "zonemode" : "zbd",
    "name" : "diff_bs",
    "iodepth" : "1",
    "size" : "1z",
    "filename" : "/dev/nvme0n1"
  },
  "jobs" : [
    {
      "jobname" : "zone0_read",
      "groupid" : 0,
      "error" : 0,
      "eta" : 0,
      "elapsed" : 9,
      "job options" : {
        "ioengine" : "psync",
        "bs" : "2m",
        "rw" : "read",
        "offset" : "0z",
        "runtime" : "8"
      },
      "read" : {
        "io_bytes" : 9367977984,
        "io_kbytes" : 9148416,
        "bw_bytes" : 1170704571,
        "bw" : 1143266,
        "iops" : 558.235441,
        "runtime" : 8002,
        "total_ios" : 4467,
        "short_ios" : 0,
        "drop_ios" : 0,
        "slat_ns" : {
          "min" : 0,
          "max" : 0,
          "mean" : 0.000000,
          "stddev" : 0.000000,
          "N" : 0
        },
        "clat_ns" : {
          "min" : 1110611,
          "max" : 6021237,
          "mean" : 1789671.533020,
          "stddev" : 106779.030978,
          "N" : 4467,
          "percentile" : {
            "1.000000" : 1646592,
            "5.000000" : 1761280,
            "10.000000" : 1761280,
            "20.000000" : 1761280,
            "30.000000" : 1777664,
            "40.000000" : 1794048,
            "50.000000" : 1794048,
            "60.000000" : 1794048,
            "70.000000" : 1794048,
            "80.000000" : 1794048,
            "90.000000" : 1810432,
            "95.000000" : 1810432,
            "99.000000" : 1859584,
            "99.500000" : 1875968,
            "99.900000" : 3653632,
            "99.950000" : 4079616,
            "99.990000" : 5996544
          }
        },
        "lat_ns" : {
          "min" : 1110657,
          "max" : 6021496,
          "mean" : 1789806.565704,
          "stddev" : 106785.513393,
          "N" : 4467
        },
        "bw_min" : 1134592,
        "bw_max" : 1150976,
        "bw_agg" : 50.014730,
        "bw_mean" : 1143603.200000,
        "bw_dev" : 4154.102193,
        "bw_samples" : 15,
        "iops_min" : 554,
        "iops_max" : 562,
        "iops_mean" : 558.400000,
        "iops_stddev" : 2.028370,
        "iops_samples" : 15
      },
      "write" : {
        "io_bytes" : 0,
        "io_kbytes" : 0,
        "bw_bytes" : 0,
        "bw" : 0,
        "iops" : 0.000000,
        "runtime" : 0,
        "total_ios" : 0,
        "short_ios" : 0,
        "drop_ios" : 0,
        "slat_ns" : {
          "min" : 0,
          "max" : 0,
          "mean" : 0.000000,
          "stddev" : 0.000000,
          "N" : 0
        },
        "clat_ns" : {
          "min" : 0,
          "max" : 0,
          "mean" : 0.000000,
          "stddev" : 0.000000,
          "N" : 0
        },
        "lat_ns" : {
          "min" : 0,
          "max" : 0,
          "mean" : 0.000000,
          "stddev" : 0.000000,
          "N" : 0
        },
        "bw_min" : 0,
        "bw_max" : 0,
        "bw_agg" : 0.000000,
        "bw_mean" : 0.000000,
        "bw_dev" : 0.000000,
        "bw_samples" : 0,
        "iops_min" : 0,
        "iops_max" : 0,
        "iops_mean" : 0.000000,
        "iops_stddev" : 0.000000,
        "iops_samples" : 0
      },
      "trim" : {
        "io_bytes" : 0,
        "io_kbytes" : 0,
        "bw_bytes" : 0,
        "bw" : 0,
        "iops" : 0.000000,
        "runtime" : 0,
        "total_ios" : 0,
        "short_ios" : 0,
        "drop_ios" : 0,
        "slat_ns" : {
          "min" : 0,
          "max" : 0,
          "mean" : 0.000000,
          "stddev" : 0.000000,
          "N" : 0
        },
        "clat_ns" : {
          "min" : 0,
          "max" : 0,
          "mean" : 0.000000,
          "stddev" : 0.000000,
          "N" : 0
        },
        "lat_ns" : {
          "min" : 0,
          "max" : 0,
          "mean" : 0.000000,
          "stddev" : 0.000000,
          "N" : 0
        },
        "bw_min" : 0,
        "bw_max" : 0,
        "bw_agg" : 0.000000,
        "bw_mean" : 0.000000,
        "bw_dev" : 0.000000,
        "bw_samples" : 0,
        "iops_min" : 0,
        "iops_max" : 0,
        "iops_mean" : 0.000000,
        "iops_stddev" : 0.000000,
        "iops_samples" : 0
      },
      "sync" : {
        "total_ios" : 0,
        "lat_ns" : {
          "min" : 0,
          "max" : 0,
          "mean" : 0.000000,
          "stddev" : 0.000000,
          "N" : 0
        }
      },
      "job_runtime" : 8001,
      "usr_cpu" : 0.374953,
      "sys_cpu" : 3.037120,
      "ctx" : 4473,
      "majf" : 0,
      "minf" : 524,
      "iodepth_level" : {
        "1" : 100.000000,
        "2" : 0.000000,
        "4" : 0.000000,
        "8" : 0.000000,
        "16" : 0.000000,
        "32" : 0.000000,
        ">=64" : 0.000000
      },
      "iodepth_submit" : {
        "0" : 0.000000,
        "4" : 100.000000,
        "8" : 0.000000,
        "16" : 0.000000,
        "32" : 0.000000,
        "64" : 0.000000,
        ">=64" : 0.000000
      },
      "iodepth_complete" : {
        "0" : 0.000000,
        "4" : 100.000000,
        "8" : 0.000000,
        "16" : 0.000000,
        "32" : 0.000000,
        "64" : 0.000000,
        ">=64" : 0.000000
      },
      "latency_ns" : {
        "2" : 0.000000,
        "4" : 0.000000,
        "10" : 0.000000,
        "20" : 0.000000,
        "50" : 0.000000,
        "100" : 0.000000,
        "250" : 0.000000,
        "500" : 0.000000,
        "750" : 0.000000,
        "1000" : 0.000000
      },
      "latency_us" : {
        "2" : 0.000000,
        "4" : 0.000000,
        "10" : 0.000000,
        "20" : 0.000000,
        "50" : 0.000000,
        "100" : 0.000000,
        "250" : 0.000000,
        "500" : 0.000000,
        "750" : 0.000000,
        "1000" : 0.000000
      },
      "latency_ms" : {
        "2" : 99.731363,
        "4" : 0.201478,
        "10" : 0.067159,
        "20" : 0.000000,
        "50" : 0.000000,
        "100" : 0.000000,
        "250" : 0.000000,
        "500" : 0.000000,
        "750" : 0.000000,
        "1000" : 0.000000,
        "2000" : 0.000000,
        ">=2000" : 0.000000
      },
      "latency_depth" : 1,
      "latency_target" : 0,
      "latency_percentile" : 100.000000,
      "latency_window" : 0
    },
    {
      "jobname" : "zone1_read",
      "groupid" : 0,
      "error" : 0,
      "eta" : 0,
      "elapsed" : 9,
      "job options" : {
        "ioengine" : "psync",
        "bs" : "2m",
        "rw" : "read",
        "offset" : "1z",
        "runtime" : "8"
      },
      "read" : {
        "io_bytes" : 9367977984,
        "io_kbytes" : 9148416,
        "bw_bytes" : 1170704571,
        "bw" : 1143266,
        "iops" : 558.235441,
        "runtime" : 8002,
        "total_ios" : 4467,
        "short_ios" : 0,
        "drop_ios" : 0,
        "slat_ns" : {
          "min" : 0,
          "max" : 0,
          "mean" : 0.000000,
          "stddev" : 0.000000,
          "N" : 0
        },
        "clat_ns" : {
          "min" : 1281876,
          "max" : 7386502,
          "mean" : 1790394.761361,
          "stddev" : 119593.587936,
          "N" : 4467,
          "percentile" : {
            "1.000000" : 1613824,
            "5.000000" : 1761280,
            "10.000000" : 1761280,
            "20.000000" : 1761280,
            "30.000000" : 1777664,
            "40.000000" : 1777664,
            "50.000000" : 1794048,
            "60.000000" : 1794048,
            "70.000000" : 1794048,
            "80.000000" : 1810432,
            "90.000000" : 1810432,
            "95.000000" : 1826816,
            "99.000000" : 1843200,
            "99.500000" : 1859584,
            "99.900000" : 3096576,
            "99.950000" : 4489216,
            "99.990000" : 7372800
          }
        },
        "lat_ns" : {
          "min" : 1282054,
          "max" : 7386578,
          "mean" : 1790483.462279,