{
  "fio version" : "fio-3.35",
  "timestamp" : 1702431234,
  "timestamp_ms" : 1702431234517,
  "time" : "Wed Dec 13 01:33:54 2023",
  "global options" : {
    "direct" : "1",
    "zonemode" : "zbd",
    "name" : "diff_bs",
    "iodepth" : "1",
    "size" : "1z",
    "filename" : "/dev/nvme0n1"
  },
  "jobs" : [
    {
      "jobname" : "zone0_read",
      "groupid" : 0,
      "error" : 0,
      "eta" : 0,
      "elapsed" : 9,
      "job options" : {
        "ioengine" : "psync",
        "bs" : "2m",
        "rw" : "read",
        "offset" : "0z",
        "runtime" : "8"
      },
      "read" : {
        "io_bytes" : 9359589376,
        "io_kbytes" : 9140224,
        "bw_bytes" : 1169656257,
        "bw" : 1142242,
        "iops" : 557.735566,
        "runtime" : 8002,
        "total_ios" : 4463,
        "short_ios" : 0,
        "drop_ios" : 0,
        "slat_ns" : {
          "min" : 0,
          "max" : 0,
          "mean" : 0.000000,
          "stddev" : 0.000000,
          "N" : 0
        },
        "clat_ns" : {
          "min" : 1135469,
          "max" : 1933402,
          "mean" : 1791170.011875,
          "stddev" : 62134.459187,
          "N" : 4463,
          "percentile" : {
            "1.000000" : 1466368,
            "5.000000" : 1761280,
            "10.000000" : 1761280,
            "20.000000" : 1794048,
            "30.000000" : 1794048,
            "40.000000" : 1794048,
            "50.000000" : 1794048,
            "60.000000" : 1794048,
            "70.000000" : 1810432,
            "80.000000" : 1810432,
            "90.000000" : 1810432,
            "95.000000" : 1826816,
            "99.000000" : 1875968,
            "99.500000" : 1875968,
            "99.900000" : 1908736,
            "99.950000" : 1925120,
            "99.990000" : 1941504
          }
        },
        "lat_ns" : {
          "min" : 1135515,
          "max" : 1933702,
          "mean" : 1791304.620883,
          "stddev" : 62139.944248,
          "N" : 4463
        },
        "bw_min" : 1134592,
        "bw_max" : 1146880,
        "bw_agg" : 49.779120,
        "bw_mean" : 1143057.066667,
        "bw_dev" : 3936.870829,
        "bw_samples" : 15,
        "iops_min" : 554,
        "iops_max" : 560,
        "iops_mean" : 558.133333,
        "iops_stddev" : 1.922300,
        "iops_samples" : 15
      },
      "write" : {
        "io_bytes" : 0,
        "io_kbytes" : 0,
        "bw_bytes" : 0,
        "bw" : 0,
        "iops" : 0.000000,
        "runtime" : 0,
        "total_ios" : 0,
        "short_ios" : 0,
        "drop_ios" : 0,
        "slat_ns" : {
          "min" : 0,
          "max" : 0,
          "mean" : 0.000000,
          "stddev" : 0.000000,
          "N" : 0
        },
        "clat_ns" : {
          "min" : 0,
          "max" : 0,
          "mean" : 0.000000,
          "stddev" : 0.000000,
          "N" : 0
        },
        "lat_ns" : {
          "min" : 0,
          "max" : 0,
          "mean" : 0.000000,
          "stddev" : 0.000000,
          "N" : 0
        },
        "bw_min" : 0,
        "bw_max" : 0,
        "bw_agg" : 0.000000,
        "bw_mean" : 0.000000,
        "bw_dev" : 0.000000,
        "bw_samples" : 0,
        "iops_min" : 0,
        "iops_max" : 0,
        "iops_mean" : 0.000000,
        "iops_stddev" : 0.000000,
        "iops_samples" : 0
      },
      "trim" : {
        "io_bytes" : 0,
        "io_kbytes" : 0,
        "bw_bytes" : 0,
        "bw" : 0,
        "iops" : 0.000000,
        "runtime" : 0,
        "total_ios" : 0,
        "short_ios" : 0,
        "drop_ios" : 0,
        "slat_ns" : {
          "min" : 0,
          "max" : 0,
          "mean" : 0.000000,
          "stddev" : 0.000000,
          "N" : 0
        },
        "clat_ns" : {
          "min" : 0,
          "max" : 0,
          "mean" : 0.000000,
          "stddev" : 0.000000,
          "N" : 0
        },
        "lat_ns" : {
          "min" : 0,
          "max" : 0,
          "mean" : 0.000000,
          "stddev" : 0.000000,
          "N" : 0
        },
        "bw_min" : 0,
        "bw_max" : 0,
        "bw_agg" : 0.000000,
        "bw_mean" : 0.000000,
        "bw_dev" : 0.000000,
        "bw_samples" : 0,
        "iops_min" : 0,
        "iops_max" : 0,
        "iops_mean" : 0.000000,
        "iops_stddev" : 0.000000,
        "iops_samples" : 0
      },
      "sync" : {
        "total_ios" : 0,
        "lat_ns" : {
          "min" : 0,
          "max" : 0,
          "mean" : 0.000000,
          "stddev" : 0.000000,
          "N" : 0
        }
      },
      "job_runtime" : 8001,
      "usr_cpu" : 0.149981,
      "sys_cpu" : 3.562055,
      "ctx" : 4463,
      "majf" : 0,
      "minf" : 523,
      "iodepth_level" : {
        "1" : 100.000000,
        "2" : 0.000000,
        "4" : 0.000000,
        "8" : 0.000000,
        "16" : 0.000000,
        "32" : 0.000000,
        ">=64" : 0.000000
      },
      "iodepth_submit" : {
        "0" : 0.000000,
        "4" : 100.000000,
        "8" : 0.000000,
        "16" : 0.000000,
        "32" : 0.000000,
        "64" : 0.000000,
        ">=64" : 0.000000
      },
      "iodepth_complete" : {
        "0" : 0.000000,
        "4" : 100.000000,
        "8" : 0.000000,
        "16" : 0.000000,
        "32" : 0.000000,
        "64" : 0.000000,
        ">=64" : 0.000000
      },
      "latency_ns" : {
        "2" : 0.000000,
        "4" : 0.000000,
        "10" : 0.000000,
        "20" : 0.000000,
        "50" : 0.000000,
        "100" : 0.000000,
        "250" : 0.000000,
        "500" : 0.000000,
        "750" : 0.000000,
        "1000" : 0.000000
      },
      "latency_us" : {
        "2" : 0.000000,
        "4" : 0.000000,
        "10" : 0.000000,
        "20" : 0.000000,
        "50" : 0.000000,
        "100" : 0.000000,
        "250" : 0.000000,
        "500" : 0.000000,
        "750" : 0.000000,
        "1000" : 0.000000
      },
      "latency_ms" : {
        "2" : 100.000000,
        "4" : 0.000000,
        "10" : 0.000000,
        "20" : 0.000000,
        "50" : 0.000000,
        "100" : 0.000000,
        "250" : 0.000000,
        "500" : 0.000000,
        "750" : 0.000000,
        "1000" : 0.000000,
        "2000" : 0.000000,
        ">=2000" : 0.000000
      },
      "latency_depth" : 1,
      "latency_target" : 0,
      "latency_percentile" : 100.000000,
      "latency_window" : 0
    },
    {
      "jobname" : "zone2_read",
      "groupid" : 0,
      "error" : 0,
      "eta" : 0,
      "elapsed" : 9,
      "job options" : {
        "ioengine" : "psync",
        "bs" : "2m",
        "rw" : "read",
        "offset" : "2z",
        "runtime" : "8"
      },
      "read" : {
        "io_bytes" : 9456058368,
        "io_kbytes" : 9234432,
        "bw_bytes" : 1181859563,
        "bw" : 1154159,
        "iops" : 563.554556,
        "runtime" : 8001,
        "total_ios" : 4509,
        "short_ios" : 0,
        "drop_ios" : 0,
        "slat_ns" : {
          "min" : 0,
          "max" : 0,
          "mean" : 0.000000,
          "stddev" : 0.000000,
          "N" : 0
        },
        "clat_ns" : {
          "min" : 960144,
          "max" : 3456303,
          "mean" : 1773338.429585,
          "stddev" : 115084.963569,
          "N" : 4509,
          "percentile" : {
            "1.000000" : 1122304,
            "5.000000" : 1728512,
            "10.000000" : 1744896,
            "20.000000" : 1777664,
            "30.000000" : 1777664,
            "40.000000" : 1794048,
            "50.000000" : 1794048,
            "60.000000" : 1794048,
            "70.000000" : 1810432,
            "80.000000" : 1810432,
            "90.000000" : 1826816,
            "95.000000" : 1826816,
            "99.000000" : 1875968,
            "99.500000" : 1892352,
            "99.900000" : 2007040,
            "99.950000" : 2023424,
            "99.990000" : 3457024
          }
        },
        "lat_ns" : {
          "min" : 960172,
          "max" : 3456570,
          "mean" : 1773419.837658,
          "stddev" : 115087.054326,