{
  "fio version" : "fio-3.35",
  "timestamp" : 1702431244,
  "timestamp_ms" : 1702431244188,
  "time" : "Wed Dec 13 01:34:04 2023",
  "global options" : {
    "direct" : "1",
    "zonemode" : "zbd",
    "name" : "diff_bs",
    "iodepth" : "1",
    "size" : "1z",
    "filename" : "/dev/nvme0n1"
  },
  "jobs" : [
    {
      "jobname" : "zone0_read",
      "groupid" : 0,
      "error" : 0,
      "eta" : 0,
      "elapsed" : 9,
      "job options" : {
        "ioengine" : "psync",
        "bs" : "2m",
        "rw" : "read",
        "offset" : "0z",
        "runtime" : "8"
      },
      "read" : {
        "io_bytes" : 5135925248,
        "io_kbytes" : 5015552,
        "bw_bytes" : 641749999,
        "bw" : 626708,
        "iops" : 306.010246,
        "runtime" : 8003,
        "total_ios" : 2449,
        "short_ios" : 0,
        "drop_ios" : 0,
        "slat_ns" : {
          "min" : 0,
          "max" : 0,
          "mean" : 0.000000,
          "stddev" : 0.000000,
          "N" : 0
        },
        "clat_ns" : {
          "min" : 1338002,
          "max" : 6266006,
          "mean" : 3265955.626378,
          "stddev" : 196055.017836,
          "N" : 2449,
          "percentile" : {
            "1.000000" : 2072576,
            "5.000000" : 3162112,
            "10.000000" : 3260416,
            "20.000000" : 3293184,
            "30.000000" : 3293184,
            "40.000000" : 3293184,
            "50.000000" : 3293184,
            "60.000000" : 3293184,
            "70.000000" : 3293184,
            "80.000000" : 3293184,
            "90.000000" : 3325952,
            "95.000000" : 3325952,
            "99.000000" : 3325952,
            "99.500000" : 3358720,
            "99.900000" : 3424256,
            "99.950000" : 3457024,
            "99.990000" : 6258688
          }
        },
        "lat_ns" : {
          "min" : 1338202,
          "max" : 6266272,
          "mean" : 3266099.515312,
          "stddev" : 196059.055731,
          "N" : 2449
        },
        "bw_min" : 618496,
        "bw_max" : 630784,
        "bw_agg" : 50.008536,
        "bw_mean" : 626688.000000,
        "bw_dev" : 4378.808187,
        "bw_samples" : 15,
        "iops_min" : 302,
        "iops_max" : 308,
        "iops_mean" : 306.000000,
        "iops_stddev" : 2.138090,
        "iops_samples" : 15
      },
      "write" : {
        "io_bytes" : 0,
        "io_kbytes" : 0,
        "bw_bytes" : 0,
        "bw" : 0,
        "iops" : 0.000000,
        "runtime" : 0,
        "total_ios" : 0,
        "short_ios" : 0,
        "drop_ios" : 0,
        "slat_ns" : {
          "min" : 0,
          "max" : 0,
          "mean" : 0.000000,
          "stddev" : 0.000000,
          "N" : 0
        },
        "clat_ns" : {
          "min" : 0,
          "max" : 0,
          "mean" : 0.000000,
          "stddev" : 0.000000,
          "N" : 0
        },
        "lat_ns" : {
          "min" : 0,
          "max" : 0,
          "mean" : 0.000000,
          "stddev" : 0.000000,
          "N" : 0
        },
        "bw_min" : 0,
        "bw_max" : 0,
        "bw_agg" : 0.000000,
        "bw_mean" : 0.000000,
        "bw_dev" : 0.000000,
        "bw_samples" : 0,
        "iops_min" : 0,
        "iops_max" : 0,
        "iops_mean" : 0.000000,
        "iops_stddev" : 0.000000,
        "iops_samples" : 0
      },
      "trim" : {
        "io_bytes" : 0,
        "io_kbytes" : 0,
        "bw_bytes" : 0,
        "bw" : 0,
        "iops" : 0.000000,
        "runtime" : 0,
        "total_ios" : 0,
        "short_ios" : 0,
        "drop_ios" : 0,
        "slat_ns" : {
          "min" : 0,
          "max" : 0,
          "mean" : 0.000000,
          "stddev" : 0.000000,
          "N" : 0
        },
        "clat_ns" : {
          "min" : 0,
          "max" : 0,
          "mean" : 0.000000,
          "stddev" : 0.000000,
          "N" : 0
        },
        "lat_ns" : {
          "min" : 0,
          "max" : 0,
          "mean" : 0.000000,
          "stddev" : 0.000000,
          "N" : 0
        },
        "bw_min" : 0,
        "bw_max" : 0,
        "bw_agg" : 0.000000,
        "bw_mean" : 0.000000,
        "bw_dev" : 0.000000,
        "bw_samples" : 0,
        "iops_min" : 0,
        "iops_max" : 0,
        "iops_mean" : 0.000000,
        "iops_stddev" : 0.000000,
        "iops_samples" : 0
      },
      "sync" : {
        "total_ios" : 0,
        "lat_ns" : {
          "min" : 0,
          "max" : 0,
          "mean" : 0.000000,
          "stddev" : 0.000000,
          "N" : 0
        }
      },
      "job_runtime" : 8002,
      "usr_cpu" : 0.487378,
      "sys_cpu" : 1.474631,
      "ctx" : 2451,
      "majf" : 0,
      "minf" : 526,
      "iodepth_level" : {
        "1" : 100.000000,
        "2" : 0.000000,
        "4" : 0.000000,
        "8" : 0.000000,
        "16" : 0.000000,
        "32" : 0.000000,
        ">=64" : 0.000000
      },
      "iodepth_submit" : {
        "0" : 0.000000,
        "4" : 100.000000,
        "8" : 0.000000,
        "16" : 0.000000,
        "32" : 0.000000,
        "64" : 0.000000,
        ">=64" : 0.000000
      },
      "iodepth_complete" : {
        "0" : 0.000000,
        "4" : 100.000000,
        "8" : 0.000000,
        "16" : 0.000000,
        "32" : 0.000000,
        "64" : 0.000000,
        ">=64" : 0.000000
      },
      "latency_ns" : {
        "2" : 0.000000,
        "4" : 0.000000,
        "10" : 0.000000,
        "20" : 0.000000,
        "50" : 0.000000,
        "100" : 0.000000,
        "250" : 0.000000,
        "500" : 0.000000,
        "750" : 0.000000,
        "1000" : 0.000000
      },
      "latency_us" : {
        "2" : 0.000000,
        "4" : 0.000000,
        "10" : 0.000000,
        "20" : 0.000000,
        "50" : 0.000000,
        "100" : 0.000000,
        "250" : 0.000000,
        "500" : 0.000000,
        "750" : 0.000000,
        "1000" : 0.000000
      },
      "latency_ms" : {
        "2" : 0.694161,
        "4" : 99.265006,
        "10" : 0.040833,
        "20" : 0.000000,
        "50" : 0.000000,
        "100" : 0.000000,
        "250" : 0.000000,
        "500" : 0.000000,
        "750" : 0.000000,
        "1000" : 0.000000,
        "2000" : 0.000000,
        ">=2000" : 0.000000
      },
      "latency_depth" : 1,
      "latency_target" : 0,
      "latency_percentile" : 100.000000,
      "latency_window" : 0
    },
    {
      "jobname" : "zone4_read",
      "groupid" : 0,
      "error" : 0,
      "eta" : 0,
      "elapsed" : 9,
      "job options" : {
        "ioengine" : "psync",
        "bs" : "2m",
        "rw" : "read",
        "offset" : "4z",
        "runtime" : "8"
      },
      "read" : {
        "io_bytes" : 5133828096,
        "io_kbytes" : 5013504,
        "bw_bytes" : 641568119,
        "bw" : 626531,
        "iops" : 305.923519,
        "runtime" : 8002,
        "total_ios" : 2448,
        "short_ios" : 0,
        "drop_ios" : 0,
        "slat_ns" : {
          "min" : 0,
          "max" : 0,
          "mean" : 0.000000,
          "stddev" : 0.000000,
          "N" : 0
        },
        "clat_ns" : {
          "min" : 1349452,
          "max" : 6085898,
          "mean" : 3267328.017974,
          "stddev" : 191600.136819,
          "N" : 2448,
          "percentile" : {
            "1.000000" : 2113536,
            "5.000000" : 3129344,
            "10.000000" : 3293184,
            "20.000000" : 3293184,
            "30.000000" : 3293184,
            "40.000000" : 3293184,
            "50.000000" : 3293184,
            "60.000000" : 3293184,
            "70.000000" : 3293184,
            "80.000000" : 3293184,
            "90.000000" : 3293184,
            "95.000000" : 3293184,
            "99.000000" : 3325952,
            "99.500000" : 3358720,
            "99.900000" : 3817472,
            "99.950000" : 4620288,
            "99.990000" : 6062080
          }
        },
        "lat_ns" : {
          "min" : 1349484,
          "max" : 6086021,
          "mean" : 3267414.957925,
          "stddev" : 191600.725853,