{
  "fio version" : "fio-3.35",
  "timestamp" : 1702431254,
  "timestamp_ms" : 1702431254741,
  "time" : "Wed Dec 13 01:34:14 2023",
  "global options" : {
    "direct" : "1",
    "zonemode" : "zbd",
    "name" : "diff_bs",
    "iodepth" : "1",
    "size" : "1z",
    "filename" : "/dev/nvme0n1"
  },
  "jobs" : [
    {
      "jobname" : "zone0_read",
      "groupid" : 0,
      "error" : 0,
      "eta" : 0,
      "elapsed" : 9,
      "job options" : {
        "ioengine" : "psync",
        "bs" : "2m",
        "rw" : "read",
        "offset" : "0z",
        "runtime" : "8"
      },
      "read" : {
        "io_bytes" : 5200936960,
        "io_kbytes" : 5079040,
        "bw_bytes" : 649873417,
        "bw" : 634642,
        "iops" : 309.883794,
        "runtime" : 8003,
        "total_ios" : 2480,
        "short_ios" : 0,
        "drop_ios" : 0,
        "slat_ns" : {
          "min" : 0,
          "max" : 0,
          "mean" : 0.000000,
          "stddev" : 0.000000,
          "N" : 0
        },
        "clat_ns" : {
          "min" : 1518740,
          "max" : 3516481,
          "mean" : 3225676.321371,
          "stddev" : 159974.558205,
          "N" : 2480,
          "percentile" : {
            "1.000000" : 2375680,
            "5.000000" : 3227648,
            "10.000000" : 3260416,
            "20.000000" : 3260416,
            "30.000000" : 3260416,
            "40.000000" : 3260416,
            "50.000000" : 3260416,
            "60.000000" : 3260416,
            "70.000000" : 3260416,
            "80.000000" : 3260416,
            "90.000000" : 3260416,
            "95.000000" : 3260416,
            "99.000000" : 3260416,
            "99.500000" : 3260416,
            "99.900000" : 3293184,
            "99.950000" : 3293184,
            "99.990000" : 3522560
          }
        },
        "lat_ns" : {
          "min" : 1518944,
          "max" : 3516713,
          "mean" : 3225763.470161,
          "stddev" : 159973.038378,
          "N" : 2480
        },
        "bw_min" : 630784,
        "bw_max" : 638976,
        "bw_agg" : 50.040258,
        "bw_mean" : 635153.066667,
        "bw_dev" : 3936.870829,
        "bw_samples" : 15,
        "iops_min" : 308,
        "iops_max" : 312,
        "iops_mean" : 310.133333,
        "iops_stddev" : 1.922300,
        "iops_samples" : 15
      },
      "write" : {
        "io_bytes" : 0,
        "io_kbytes" : 0,
        "bw_bytes" : 0,
        "bw" : 0,
        "iops" : 0.000000,
        "runtime" : 0,
        "total_ios" : 0,
        "short_ios" : 0,
        "drop_ios" : 0,
        "slat_ns" : {
          "min" : 0,
          "max" : 0,
          "mean" : 0.000000,
          "stddev" : 0.000000,
          "N" : 0
        },
        "clat_ns" : {
          "min" : 0,
          "max" : 0,
          "mean" : 0.000000,
          "stddev" : 0.000000,
          "N" : 0
        },
        "lat_ns" : {
          "min" : 0,
          "max" : 0,
          "mean" : 0.000000,
          "stddev" : 0.000000,
          "N" : 0
        },
        "bw_min" : 0,
        "bw_max" : 0,
        "bw_agg" : 0.000000,
        "bw_mean" : 0.000000,
        "bw_dev" : 0.000000,
        "bw_samples" : 0,
        "iops_min" : 0,
        "iops_max" : 0,
        "iops_mean" : 0.000000,
        "iops_stddev" : 0.000000,
        "iops_samples" : 0
      },
      "trim" : {
        "io_bytes" : 0,
        "io_kbytes" : 0,
        "bw_bytes" : 0,
        "bw" : 0,
        "iops" : 0.000000,
        "runtime" : 0,
        "total_ios" : 0,
        "short_ios" : 0,
        "drop_ios" : 0,
        "slat_ns" : {
          "min" : 0,
          "max" : 0,
          "mean" : 0.000000,
          "stddev" : 0.000000,
          "N" : 0
        },
        "clat_ns" : {
          "min" : 0,
          "max" : 0,
          "mean" : 0.000000,
          "stddev" : 0.000000,
          "N" : 0
        },
        "lat_ns" : {
          "min" : 0,
          "max" : 0,
          "mean" : 0.000000,
          "stddev" : 0.000000,
          "N" : 0
        },
        "bw_min" : 0,
        "bw_max" : 0,
        "bw_agg" : 0.000000,
        "bw_mean" : 0.000000,
        "bw_dev" : 0.000000,
        "bw_samples" : 0,
        "iops_min" : 0,
        "iops_max" : 0,
        "iops_mean" : 0.000000,
        "iops_stddev" : 0.000000,
        "iops_samples" : 0
      },
      "sync" : {
        "total_ios" : 0,
        "lat_ns" : {
          "min" : 0,
          "max" : 0,
          "mean" : 0.000000,
          "stddev" : 0.000000,
          "N" : 0
        }
      },
      "job_runtime" : 8002,
      "usr_cpu" : 0.312422,
      "sys_cpu" : 1.149713,
      "ctx" : 2482,
      "majf" : 0,
      "minf" : 526,
      "iodepth_level" : {
        "1" : 100.000000,
        "2" : 0.000000,
        "4" : 0.000000,
        "8" : 0.000000,
        "16" : 0.000000,
        "32" : 0.000000,
        ">=64" : 0.000000
      },
      "iodepth_submit" : {
        "0" : 0.000000,
        "4" : 100.000000,
        "8" : 0.000000,
        "16" : 0.000000,
        "32" : 0.000000,
        "64" : 0.000000,
        ">=64" : 0.000000
      },
      "iodepth_complete" : {
        "0" : 0.000000,
        "4" : 100.000000,
        "8" : 0.000000,
        "16" : 0.000000,
        "32" : 0.000000,
        "64" : 0.000000,
        ">=64" : 0.000000
      },
      "latency_ns" : {
        "2" : 0.000000,
        "4" : 0.000000,
        "10" : 0.000000,
        "20" : 0.000000,
        "50" : 0.000000,
        "100" : 0.000000,
        "250" : 0.000000,
        "500" : 0.000000,
        "750" : 0.000000,
        "1000" : 0.000000
      },
      "latency_us" : {
        "2" : 0.000000,
        "4" : 0.000000,
        "10" : 0.000000,
        "20" : 0.000000,
        "50" : 0.000000,
        "100" : 0.000000,
        "250" : 0.000000,
        "500" : 0.000000,
        "750" : 0.000000,
        "1000" : 0.000000
      },
      "latency_ms" : {
        "2" : 0.725806,
        "4" : 99.274194,
        "10" : 0.000000,
        "20" : 0.000000,
        "50" : 0.000000,
        "100" : 0.000000,
        "250" : 0.000000,
        "500" : 0.000000,
        "750" : 0.000000,
        "1000" : 0.000000,
        "2000" : 0.000000,
        ">=2000" : 0.000000
      },
      "latency_depth" : 1,
      "latency_target" : 0,
      "latency_percentile" : 100.000000,
      "latency_window" : 0
    },
    {
      "jobname" : "zone8_read",
      "groupid" : 0,
      "error" : 0,
      "eta" : 0,
      "elapsed" : 9,
      "job options" : {
        "ioengine" : "psync",
        "bs" : "2m",
        "rw" : "read",
        "offset" : "8z",
        "runtime" : "8"
      },
      "read" : {
        "io_bytes" : 5200936960,
        "io_kbytes" : 5079040,
        "bw_bytes" : 650035865,
        "bw" : 634800,
        "iops" : 309.961255,
        "runtime" : 8001,
        "total_ios" : 2480,
        "short_ios" : 0,
        "drop_ios" : 0,
        "slat_ns" : {
          "min" : 0,
          "max" : 0,
          "mean" : 0.000000,
          "stddev" : 0.000000,
          "N" : 0
        },
        "clat_ns" : {
          "min" : 1365411,
          "max" : 3299508,
          "mean" : 3224955.161694,
          "stddev" : 162593.941527,
          "N" : 2480,
          "percentile" : {
            "1.000000" : 2211840,
            "5.000000" : 3227648,
            "10.000000" : 3227648,
            "20.000000" : 3260416,
            "30.000000" : 3260416,
            "40.000000" : 3260416,
            "50.000000" : 3260416,
            "60.000000" : 3260416,
            "70.000000" : 3260416,
            "80.000000" : 3260416,
            "90.000000" : 3260416,
            "95.000000" : 3260416,
            "99.000000" : 3293184,
            "99.500000" : 3293184,
            "99.900000" : 3293184,
            "99.950000" : 3293184,
            "99.990000" : 3293184
          }
        },
        "lat_ns" : {
          "min" : 1365473,
          "max" : 3299557,
          "mean" : 3225058.153629,
          "stddev" : 162591.502011,