{
  "fio version" : "fio-3.35",
  "timestamp" : 1702431997,
  "timestamp_ms" : 1702431997653,
  "time" : "Wed Dec 13 01:46:37 2023",
  "global options" : {
    "direct" : "1",
    "zonemode" : "zbd",
    "name" : "diff_bs",
    "iodepth" : "1",
    "size" : "1z",
    "filename" : "/dev/nvme0n1"
  },
  "jobs" : [
    {
      "jobname" : "zone0_read",
      "groupid" : 0,
      "error" : 0,
      "eta" : 0,
      "elapsed" : 9,
      "job options" : {
        "ioengine" : "psync",
        "bs" : "2m",
        "rw" : "read",
        "offset" : "0z",
        "runtime" : "8"
      },
      "read" : {
        "io_bytes" : 9827254272,
        "io_kbytes" : 9596928,
        "bw_bytes" : 1228253252,
        "bw" : 1199466,
        "iops" : 585.676790,
        "runtime" : 8001,
        "total_ios" : 4686,
        "short_ios" : 0,
        "drop_ios" : 0,
        "slat_ns" : {
          "min" : 0,
          "max" : 0,
          "mean" : 0.000000,
          "stddev" : 0.000000,
          "N" : 0
        },
        "clat_ns" : {
          "min" : 710731,
          "max" : 1999197,
          "mean" : 1706324.902475,
          "stddev" : 98077.365266,
          "N" : 4686,
          "percentile" : {
            "1.000000" : 1028096,
            "5.000000" : 1695744,
            "10.000000" : 1712128,
            "20.000000" : 1712128,
            "30.000000" : 1728512,
            "40.000000" : 1728512,
            "50.000000" : 1728512,
            "60.000000" : 1728512,
            "70.000000" : 1728512,
            "80.000000" : 1728512,
            "90.000000" : 1728512,
            "95.000000" : 1728512,
            "99.000000" : 1744896,
            "99.500000" : 1761280,
            "99.900000" : 1875968,
            "99.950000" : 1875968,
            "99.990000" : 2007040
          }
        },
        "lat_ns" : {
          "min" : 710777,
          "max" : 1999269,
          "mean" : 1706419.268459,
          "stddev" : 98077.475962,
          "N" : 4686
        },
        "bw_min" : 1196032,
        "bw_max" : 1208320,
        "bw_agg" : 50.033804,
        "bw_mean" : 1200128.000000,
        "bw_dev" : 3792.159129,
        "bw_samples" : 15,
        "iops_min" : 584,
        "iops_max" : 590,
        "iops_mean" : 586.000000,
        "iops_stddev" : 1.851640,
        "iops_samples" : 15
      },
      "write" : {
        "io_bytes" : 0,
        "io_kbytes" : 0,
        "bw_bytes" : 0,
        "bw" : 0,
        "iops" : 0.000000,
        "runtime" : 0,
        "total_ios" : 0,
        "short_ios" : 0,
        "drop_ios" : 0,
        "slat_ns" : {
          "min" : 0,
          "max" : 0,
          "mean" : 0.000000,
          "stddev" : 0.000000,
          "N" : 0
        },
        "clat_ns" : {
          "min" : 0,
          "max" : 0,
          "mean" : 0.000000,
          "stddev" : 0.000000,
          "N" : 0
        },
        "lat_ns" : {
          "min" : 0,
          "max" : 0,
          "mean" : 0.000000,
          "stddev" : 0.000000,
          "N" : 0
        },
        "bw_min" : 0,
        "bw_max" : 0,
        "bw_agg" : 0.000000,
        "bw_mean" : 0.000000,
        "bw_dev" : 0.000000,
        "bw_samples" : 0,
        "iops_min" : 0,
        "iops_max" : 0,
        "iops_mean" : 0.000000,
        "iops_stddev" : 0.000000,
        "iops_samples" : 0
      },
      "trim" : {
        "io_bytes" : 0,
        "io_kbytes" : 0,
        "bw_bytes" : 0,
        "bw" : 0,
        "iops" : 0.000000,
        "runtime" : 0,
        "total_ios" : 0,
        "short_ios" : 0,
        "drop_ios" : 0,
        "slat_ns" : {
          "min" : 0,
          "max" : 0,
          "mean" : 0.000000,
          "stddev" : 0.000000,
          "N" : 0
        },
        "clat_ns" : {
          "min" : 0,
          "max" : 0,
          "mean" : 0.000000,
          "stddev" : 0.000000,
          "N" : 0
        },
        "lat_ns" : {
          "min" : 0,
          "max" : 0,
          "mean" : 0.000000,
          "stddev" : 0.000000,
          "N" : 0
        },
        "bw_min" : 0,
        "bw_max" : 0,
        "bw_agg" : 0.000000,
        "bw_mean" : 0.000000,
        "bw_dev" : 0.000000,
        "bw_samples" : 0,
        "iops_min" : 0,
        "iops_max" : 0,
        "iops_mean" : 0.000000,
        "iops_stddev" : 0.000000,
        "iops_samples" : 0
      },
      "sync" : {
        "total_ios" : 0,
        "lat_ns" : {
          "min" : 0,
          "max" : 0,
          "mean" : 0.000000,
          "stddev" : 0.000000,
          "N" : 0
        }
      },
      "job_runtime" : 8000,
      "usr_cpu" : 0.125000,
      "sys_cpu" : 2.775000,
      "ctx" : 4688,
      "majf" : 0,
      "minf" : 524,
      "iodepth_level" : {
        "1" : 100.000000,
        "2" : 0.000000,
        "4" : 0.000000,
        "8" : 0.000000,
        "16" : 0.000000,
        "32" : 0.000000,
        ">=64" : 0.000000
      },
      "iodepth_submit" : {
        "0" : 0.000000,
        "4" : 100.000000,
        "8" : 0.000000,
        "16" : 0.000000,
        "32" : 0.000000,
        "64" : 0.000000,
        ">=64" : 0.000000
      },
      "iodepth_complete" : {
        "0" : 0.000000,
        "4" : 100.000000,
        "8" : 0.000000,
        "16" : 0.000000,
        "32" : 0.000000,
        "64" : 0.000000,
        ">=64" : 0.000000
      },
      "latency_ns" : {
        "2" : 0.000000,
        "4" : 0.000000,
        "10" : 0.000000,
        "20" : 0.000000,
        "50" : 0.000000,
        "100" : 0.000000,
        "250" : 0.000000,
        "500" : 0.000000,
        "750" : 0.000000,
        "1000" : 0.000000
      },
      "latency_us" : {
        "2" : 0.000000,
        "4" : 0.000000,
        "10" : 0.000000,
        "20" : 0.000000,
        "50" : 0.000000,
        "100" : 0.000000,
        "250" : 0.000000,
        "500" : 0.000000,
        "750" : 0.320102,
        "1000" : 0.384123
      },
      "latency_ms" : {
        "2" : 99.295775,
        "4" : 0.000000,
        "10" : 0.000000,
        "20" : 0.000000,
        "50" : 0.000000,
        "100" : 0.000000,
        "250" : 0.000000,
        "500" : 0.000000,
        "750" : 0.000000,
        "1000" : 0.000000,
        "2000" : 0.000000,
        ">=2000" : 0.000000
      },
      "latency_depth" : 1,
      "latency_target" : 0,
      "latency_percentile" : 100.000000,
      "latency_window" : 0
    },
    {
      "jobname" : "zone16_read",
      "groupid" : 0,
      "error" : 0,
      "eta" : 0,
      "elapsed" : 9,
      "job options" : {
        "ioengine" : "psync",
        "bs" : "2m",
        "rw" : "read",
        "offset" : "16z",
        "runtime" : "8"
      },
      "read" : {
        "io_bytes" : 9827254272,
        "io_kbytes" : 9596928,
        "bw_bytes" : 1228099759,
        "bw" : 1199316,
        "iops" : 585.603599,
        "runtime" : 8002,
        "total_ios" : 4686,
        "short_ios" : 0,
        "drop_ios" : 0,
        "slat_ns" : {
          "min" : 0,
          "max" : 0,
          "mean" : 0.000000,
          "stddev" : 0.000000,
          "N" : 0
        },
        "clat_ns" : {
          "min" : 935888,
          "max" : 2008519,
          "mean" : 1706577.524114,
          "stddev" : 90440.001801,
          "N" : 4686,
          "percentile" : {
            "1.000000" : 1073152,
            "5.000000" : 1679360,
            "10.000000" : 1712128,
            "20.000000" : 1728512,
            "30.000000" : 1728512,
            "40.000000" : 1728512,
            "50.000000" : 1728512,
            "60.000000" : 1728512,
            "70.000000" : 1728512,
            "80.000000" : 1728512,
            "90.000000" : 1728512,
            "95.000000" : 1728512,
            "99.000000" : 1744896,
            "99.500000" : 1761280,
            "99.900000" : 1875968,
            "99.950000" : 1875968,
            "99.990000" : 2007040
          }
        },
        "lat_ns" : {
          "min" : 936099,
          "max" : 2008836,
          "mean" : 1706662.304524,
          "stddev" : 90437.893561,