{
  "fio version" : "fio-3.35",
  "timestamp" : 1702431957,
  "timestamp_ms" : 1702431957559,
  "time" : "Wed Dec 13 01:45:57 2023",
  "global options" : {
    "direct" : "1",
    "zonemode" : "zbd",
    "name" : "diff_bs",
    "iodepth" : "1",
    "size" : "1z",
    "filename" : "/dev/nvme0n1"
  },
  "jobs" : [
    {
      "jobname" : "zone0_read",
      "groupid" : 0,
      "error" : 0,
      "eta" : 0,
      "elapsed" : 9,
      "job options" : {
        "ioengine" : "psync",
        "bs" : "2m",
        "rw" : "read",
        "offset" : "0z",
        "runtime" : "8"
      },
      "read" : {
        "io_bytes" : 14134804480,
        "io_kbytes" : 13803520,
        "bw_bytes" : 1766629731,
        "bw" : 1725224,
        "iops" : 842.394701,
        "runtime" : 8001,
        "total_ios" : 6740,
        "short_ios" : 0,
        "drop_ios" : 0,
        "slat_ns" : {
          "min" : 0,
          "max" : 0,
          "mean" : 0.000000,
          "stddev" : 0.000000,
          "N" : 0
        },
        "clat_ns" : {
          "min" : 646313,
          "max" : 1944876,
          "mean" : 1186110.414985,
          "stddev" : 263378.964845,
          "N" : 6740,
          "percentile" : {
            "1.000000" : 888832,
            "5.000000" : 921600,
            "10.000000" : 921600,
            "20.000000" : 946176,
            "30.000000" : 954368,
            "40.000000" : 970752,
            "50.000000" : 1073152,
            "60.000000" : 1269760,
            "70.000000" : 1384448,
            "80.000000" : 1466368,
            "90.000000" : 1548288,
            "95.000000" : 1630208,
            "99.000000" : 1810432,
            "99.500000" : 1843200,
            "99.900000" : 1925120,
            "99.950000" : 1941504,
            "99.990000" : 1941504
          }
        },
        "lat_ns" : {
          "min" : 646364,
          "max" : 1944920,
          "mean" : 1186202.997181,
          "stddev" : 263380.395622,
          "N" : 6740
        },
        "bw_min" : 1667072,
        "bw_max" : 1765376,
        "bw_agg" : 49.805539,
        "bw_mean" : 1723869.866667,
        "bw_dev" : 28582.696299,
        "bw_samples" : 15,
        "iops_min" : 814,
        "iops_max" : 862,
        "iops_mean" : 841.733333,
        "iops_stddev" : 13.956395,
        "iops_samples" : 15
      },
      "write" : {
        "io_bytes" : 0,
        "io_kbytes" : 0,
        "bw_bytes" : 0,
        "bw" : 0,
        "iops" : 0.000000,
        "runtime" : 0,
        "total_ios" : 0,
        "short_ios" : 0,
        "drop_ios" : 0,
        "slat_ns" : {
          "min" : 0,
          "max" : 0,
          "mean" : 0.000000,
          "stddev" : 0.000000,
          "N" : 0
        },
        "clat_ns" : {
          "min" : 0,
          "max" : 0,
          "mean" : 0.000000,
          "stddev" : 0.000000,
          "N" : 0
        },
        "lat_ns" : {
          "min" : 0,
          "max" : 0,
          "mean" : 0.000000,
          "stddev" : 0.000000,
          "N" : 0
        },
        "bw_min" : 0,
        "bw_max" : 0,
        "bw_agg" : 0.000000,
        "bw_mean" : 0.000000,
        "bw_dev" : 0.000000,
        "bw_samples" : 0,
        "iops_min" : 0,
        "iops_max" : 0,
        "iops_mean" : 0.000000,
        "iops_stddev" : 0.000000,
        "iops_samples" : 0
      },
      "trim" : {
        "io_bytes" : 0,
        "io_kbytes" : 0,
        "bw_bytes" : 0,
        "bw" : 0,
        "iops" : 0.000000,
        "runtime" : 0,
        "total_ios" : 0,
        "short_ios" : 0,
        "drop_ios" : 0,
        "slat_ns" : {
          "min" : 0,
          "max" : 0,
          "mean" : 0.000000,
          "stddev" : 0.000000,
          "N" : 0
        },
        "clat_ns" : {
          "min" : 0,
          "max" : 0,
          "mean" : 0.000000,
          "stddev" : 0.000000,
          "N" : 0
        },
        "lat_ns" : {
          "min" : 0,
          "max" : 0,
          "mean" : 0.000000,
          "stddev" : 0.000000,
          "N" : 0
        },
        "bw_min" : 0,
        "bw_max" : 0,
        "bw_agg" : 0.000000,
        "bw_mean" : 0.000000,
        "bw_dev" : 0.000000,
        "bw_samples" : 0,
        "iops_min" : 0,
        "iops_max" : 0,
        "iops_mean" : 0.000000,
        "iops_stddev" : 0.000000,
        "iops_samples" : 0
      },
      "sync" : {
        "total_ios" : 0,
        "lat_ns" : {
          "min" : 0,
          "max" : 0,
          "mean" : 0.000000,
          "stddev" : 0.000000,
          "N" : 0
        }
      },
      "job_runtime" : 8000,
      "usr_cpu" : 0.250000,
      "sys_cpu" : 3.975000,
      "ctx" : 6743,
      "majf" : 0,
      "minf" : 524,
      "iodepth_level" : {
        "1" : 100.000000,
        "2" : 0.000000,
        "4" : 0.000000,
        "8" : 0.000000,
        "16" : 0.000000,
        "32" : 0.000000,
        ">=64" : 0.000000
      },
      "iodepth_submit" : {
        "0" : 0.000000,
        "4" : 100.000000,
        "8" : 0.000000,
        "16" : 0.000000,
        "32" : 0.000000,
        "64" : 0.000000,
        ">=64" : 0.000000
      },
      "iodepth_complete" : {
        "0" : 0.000000,
        "4" : 100.000000,
        "8" : 0.000000,
        "16" : 0.000000,
        "32" : 0.000000,
        "64" : 0.000000,
        ">=64" : 0.000000
      },
      "latency_ns" : {
        "2" : 0.000000,
        "4" : 0.000000,
        "10" : 0.000000,
        "20" : 0.000000,
        "50" : 0.000000,
        "100" : 0.000000,
        "250" : 0.000000,
        "500" : 0.000000,
        "750" : 0.000000,
        "1000" : 0.000000
      },
      "latency_us" : {
        "2" : 0.000000,
        "4" : 0.000000,
        "10" : 0.000000,
        "20" : 0.000000,
        "50" : 0.000000,
        "100" : 0.000000,
        "250" : 0.000000,
        "500" : 0.000000,
        "750" : 0.118694,
        "1000" : 44.851632
      },
      "latency_ms" : {
        "2" : 55.029674,
        "4" : 0.000000,
        "10" : 0.000000,
        "20" : 0.000000,
        "50" : 0.000000,
        "100" : 0.000000,
        "250" : 0.000000,
        "500" : 0.000000,
        "750" : 0.000000,
        "1000" : 0.000000,
        "2000" : 0.000000,
        ">=2000" : 0.000000
      },
      "latency_depth" : 1,
      "latency_target" : 0,
      "latency_percentile" : 100.000000,
      "latency_window" : 0
    },
    {
      "jobname" : "zone1_read",
      "groupid" : 0,
      "error" : 0,
      "eta" : 0,
      "elapsed" : 9,
      "job options" : {
        "ioengine" : "psync",
        "bs" : "2m",
        "rw" : "read",
        "offset" : "1z",
        "runtime" : "8"
      },
      "read" : {
        "io_bytes" : 14222884864,
        "io_kbytes" : 13889536,
        "bw_bytes" : 1777638403,
        "bw" : 1735975,
        "iops" : 847.644044,
        "runtime" : 8001,
        "total_ios" : 6782,
        "short_ios" : 0,
        "drop_ios" : 0,
        "slat_ns" : {
          "min" : 0,
          "max" : 0,
          "mean" : 0.000000,
          "stddev" : 0.000000,
          "N" : 0
        },
        "clat_ns" : {
          "min" : 593702,
          "max" : 2118254,
          "mean" : 1178808.265114,
          "stddev" : 261656.869300,
          "N" : 6782,
          "percentile" : {
            "1.000000" : 913408,
            "5.000000" : 913408,
            "10.000000" : 921600,
            "20.000000" : 946176,
            "30.000000" : 954368,
            "40.000000" : 970752,
            "50.000000" : 1056768,
            "60.000000" : 1253376,
            "70.000000" : 1368064,
            "80.000000" : 1449984,
            "90.000000" : 1548288,
            "95.000000" : 1630208,
            "99.000000" : 1810432,
            "99.500000" : 1843200,
            "99.900000" : 1925120,
            "99.950000" : 1941504,
            "99.990000" : 2113536
          }
        },
        "lat_ns" : {
          "min" : 593745,
          "max" : 2118334,
          "mean" : 1178898.262312,
          "stddev" : 261656.172685,