{
  "fio version" : "fio-3.35",
  "timestamp" : 1702431967,
  "timestamp_ms" : 1702431967104,
  "time" : "Wed Dec 13 01:46:07 2023",
  "global options" : {
    "direct" : "1",
    "zonemode" : "zbd",
    "name" : "diff_bs",
    "iodepth" : "1",
    "size" : "1z",
    "filename" : "/dev/nvme0n1"
  },
  "jobs" : [
    {
      "jobname" : "zone0_read",
      "groupid" : 0,
      "error" : 0,
      "eta" : 0,
      "elapsed" : 9,
      "job options" : {
        "ioengine" : "psync",
        "bs" : "2m",
        "rw" : "read",
        "offset" : "0z",
        "runtime" : "8"
      },
      "read" : {
        "io_bytes" : 10007609344,
        "io_kbytes" : 9773056,
        "bw_bytes" : 1250638508,
        "bw" : 1221326,
        "iops" : 596.350912,
        "runtime" : 8002,
        "total_ios" : 4772,
        "short_ios" : 0,
        "drop_ios" : 0,
        "slat_ns" : {
          "min" : 0,
          "max" : 0,
          "mean" : 0.000000,
          "stddev" : 0.000000,
          "N" : 0
        },
        "clat_ns" : {
          "min" : 757501,
          "max" : 2330713,
          "mean" : 1675476.905281,
          "stddev" : 110385.841986,
          "N" : 4772,
          "percentile" : {
            "1.000000" : 970752,
            "5.000000" : 1548288,
            "10.000000" : 1679360,
            "20.000000" : 1695744,
            "30.000000" : 1695744,
            "40.000000" : 1695744,
            "50.000000" : 1695744,
            "60.000000" : 1695744,
            "70.000000" : 1695744,
            "80.000000" : 1695744,
            "90.000000" : 1695744,
            "95.000000" : 1712128,
            "99.000000" : 1728512,
            "99.500000" : 1728512,
            "99.900000" : 1744896,
            "99.950000" : 1974272,
            "99.990000" : 2342912
          }
        },
        "lat_ns" : {
          "min" : 757675,
          "max" : 2330745,
          "mean" : 1675595.371752,
          "stddev" : 110384.171695,
          "N" : 4772
        },
        "bw_min" : 1216512,
        "bw_max" : 1228800,
        "bw_agg" : 50.031702,
        "bw_mean" : 1221973.333333,
        "bw_dev" : 3344.369995,
        "bw_samples" : 15,
        "iops_min" : 594,
        "iops_max" : 600,
        "iops_mean" : 596.666667,
        "iops_stddev" : 1.632993,
        "iops_samples" : 15
      },
      "write" : {
        "io_bytes" : 0,
        "io_kbytes" : 0,
        "bw_bytes" : 0,
        "bw" : 0,
        "iops" : 0.000000,
        "runtime" : 0,
        "total_ios" : 0,
        "short_ios" : 0,
        "drop_ios" : 0,
        "slat_ns" : {
          "min" : 0,
          "max" : 0,
          "mean" : 0.000000,
          "stddev" : 0.000000,
          "N" : 0
        },
        "clat_ns" : {
          "min" : 0,
          "max" : 0,
          "mean" : 0.000000,
          "stddev" : 0.000000,
          "N" : 0
        },
        "lat_ns" : {
          "min" : 0,
          "max" : 0,
          "mean" : 0.000000,
          "stddev" : 0.000000,
          "N" : 0
        },
        "bw_min" : 0,
        "bw_max" : 0,
        "bw_agg" : 0.000000,
        "bw_mean" : 0.000000,
        "bw_dev" : 0.000000,
        "bw_samples" : 0,
        "iops_min" : 0,
        "iops_max" : 0,
        "iops_mean" : 0.000000,
        "iops_stddev" : 0.000000,
        "iops_samples" : 0
      },
      "trim" : {
        "io_bytes" : 0,
        "io_kbytes" : 0,
        "bw_bytes" : 0,
        "bw" : 0,
        "iops" : 0.000000,
        "runtime" : 0,
        "total_ios" : 0,
        "short_ios" : 0,
        "drop_ios" : 0,
        "slat_ns" : {
          "min" : 0,
          "max" : 0,
          "mean" : 0.000000,
          "stddev" : 0.000000,
          "N" : 0
        },
        "clat_ns" : {
          "min" : 0,
          "max" : 0,
          "mean" : 0.000000,
          "stddev" : 0.000000,
          "N" : 0
        },
        "lat_ns" : {
          "min" : 0,
          "max" : 0,
          "mean" : 0.000000,
          "stddev" : 0.000000,
          "N" : 0
        },
        "bw_min" : 0,
        "bw_max" : 0,
        "bw_agg" : 0.000000,
        "bw_mean" : 0.000000,
        "bw_dev" : 0.000000,
        "bw_samples" : 0,
        "iops_min" : 0,
        "iops_max" : 0,
        "iops_mean" : 0.000000,
        "iops_stddev" : 0.000000,
        "iops_samples" : 0
      },
      "sync" : {
        "total_ios" : 0,
        "lat_ns" : {
          "min" : 0,
          "max" : 0,
          "mean" : 0.000000,
          "stddev" : 0.000000,
          "N" : 0
        }
      },
      "job_runtime" : 8001,
      "usr_cpu" : 0.000000,
      "sys_cpu" : 3.087114,
      "ctx" : 4773,
      "majf" : 0,
      "minf" : 523,
      "iodepth_level" : {
        "1" : 100.000000,
        "2" : 0.000000,
        "4" : 0.000000,
        "8" : 0.000000,
        "16" : 0.000000,
        "32" : 0.000000,
        ">=64" : 0.000000
      },
      "iodepth_submit" : {
        "0" : 0.000000,
        "4" : 100.000000,
        "8" : 0.000000,
        "16" : 0.000000,
        "32" : 0.000000,
        "64" : 0.000000,
        ">=64" : 0.000000
      },
      "iodepth_complete" : {
        "0" : 0.000000,
        "4" : 100.000000,
        "8" : 0.000000,
        "16" : 0.000000,
        "32" : 0.000000,
        "64" : 0.000000,
        ">=64" : 0.000000
      },
      "latency_ns" : {
        "2" : 0.000000,
        "4" : 0.000000,
        "10" : 0.000000,
        "20" : 0.000000,
        "50" : 0.000000,
        "100" : 0.000000,
        "250" : 0.000000,
        "500" : 0.000000,
        "750" : 0.000000,
        "1000" : 0.000000
      },
      "latency_us" : {
        "2" : 0.000000,
        "4" : 0.000000,
        "10" : 0.000000,
        "20" : 0.000000,
        "50" : 0.000000,
        "100" : 0.000000,
        "250" : 0.000000,
        "500" : 0.000000,
        "750" : 0.000000,
        "1000" : 1.131601
      },
      "latency_ms" : {
        "2" : 98.826488,
        "4" : 0.041911,
        "10" : 0.000000,
        "20" : 0.000000,
        "50" : 0.000000,
        "100" : 0.000000,
        "250" : 0.000000,
        "500" : 0.000000,
        "750" : 0.000000,
        "1000" : 0.000000,
        "2000" : 0.000000,
        ">=2000" : 0.000000
      },
      "latency_depth" : 1,
      "latency_target" : 0,
      "latency_percentile" : 100.000000,
      "latency_window" : 0
    },
    {
      "jobname" : "zone2_read",
      "groupid" : 0,
      "error" : 0,
      "eta" : 0,
      "elapsed" : 9,
      "job options" : {
        "ioengine" : "psync",
        "bs" : "2m",
        "rw" : "read",
        "offset" : "2z",
        "runtime" : "8"
      },
      "read" : {
        "io_bytes" : 10005512192,
        "io_kbytes" : 9771008,
        "bw_bytes" : 1250532707,
        "bw" : 1221223,
        "iops" : 596.300462,
        "runtime" : 8001,
        "total_ios" : 4771,
        "short_ios" : 0,
        "drop_ios" : 0,
        "slat_ns" : {
          "min" : 0,
          "max" : 0,
          "mean" : 0.000000,
          "stddev" : 0.000000,
          "N" : 0
        },
        "clat_ns" : {
          "min" : 817692,
          "max" : 2306134,
          "mean" : 1675667.289457,
          "stddev" : 104997.195320,
          "N" : 4771,
          "percentile" : {
            "1.000000" : 1011712,
            "5.000000" : 1531904,
            "10.000000" : 1679360,
            "20.000000" : 1695744,
            "30.000000" : 1695744,
            "40.000000" : 1695744,
            "50.000000" : 1695744,
            "60.000000" : 1695744,
            "70.000000" : 1695744,
            "80.000000" : 1695744,
            "90.000000" : 1695744,
            "95.000000" : 1695744,
            "99.000000" : 1712128,
            "99.500000" : 1728512,
            "99.900000" : 1810432,
            "99.950000" : 2007040,
            "99.990000" : 2310144
          }
        },
        "lat_ns" : {
          "min" : 817872,
          "max" : 2306229,
          "mean" : 1675787.641585,
          "stddev" : 104997.538759,