{
  "fio version" : "fio-3.35",
  "timestamp" : 1702431976,
  "timestamp_ms" : 1702431976557,
  "time" : "Wed Dec 13 01:46:16 2023",
  "global options" : {
    "direct" : "1",
    "zonemode" : "zbd",
    "name" : "diff_bs",
    "iodepth" : "1",
    "size" : "1z",
    "filename" : "/dev/nvme0n1"
  },
  "jobs" : [
    {
      "jobname" : "zone0_read",
      "groupid" : 0,
      "error" : 0,
      "eta" : 0,
      "elapsed" : 9,
      "job options" : {
        "ioengine" : "psync",
        "bs" : "2m",
        "rw" : "read",
        "offset" : "0z",
        "runtime" : "8"
      },
      "read" : {
        "io_bytes" : 9806282752,
        "io_kbytes" : 9576448,
        "bw_bytes" : 1225478974,
        "bw" : 1196756,
        "iops" : 584.353912,
        "runtime" : 8002,
        "total_ios" : 4676,
        "short_ios" : 0,
        "drop_ios" : 0,
        "slat_ns" : {
          "min" : 0,
          "max" : 0,
          "mean" : 0.000000,
          "stddev" : 0.000000,
          "N" : 0
        },
        "clat_ns" : {
          "min" : 744331,
          "max" : 2048947,
          "mean" : 1710387.958512,
          "stddev" : 98346.815208,
          "N" : 4676,
          "percentile" : {
            "1.000000" : 1028096,
            "5.000000" : 1712128,
            "10.000000" : 1728512,
            "20.000000" : 1728512,
            "30.000000" : 1728512,
            "40.000000" : 1728512,
            "50.000000" : 1728512,
            "60.000000" : 1728512,
            "70.000000" : 1728512,
            "80.000000" : 1728512,
            "90.000000" : 1728512,
            "95.000000" : 1728512,
            "99.000000" : 1728512,
            "99.500000" : 1744896,
            "99.900000" : 1810432,
            "99.950000" : 2023424,
            "99.990000" : 2056192
          }
        },
        "lat_ns" : {
          "min" : 744365,
          "max" : 2049079,
          "mean" : 1710454.030796,
          "stddev" : 98346.244616,
          "N" : 4676
        },
        "bw_min" : 1196032,
        "bw_max" : 1204224,
        "bw_agg" : 50.020690,
        "bw_mean" : 1197124.266667,
        "bw_dev" : 2882.484431,
        "bw_samples" : 15,
        "iops_min" : 584,
        "iops_max" : 588,
        "iops_mean" : 584.533333,
        "iops_stddev" : 1.407463,
        "iops_samples" : 15
      },
      "write" : {
        "io_bytes" : 0,
        "io_kbytes" : 0,
        "bw_bytes" : 0,
        "bw" : 0,
        "iops" : 0.000000,
        "runtime" : 0,
        "total_ios" : 0,
        "short_ios" : 0,
        "drop_ios" : 0,
        "slat_ns" : {
          "min" : 0,
          "max" : 0,
          "mean" : 0.000000,
          "stddev" : 0.000000,
          "N" : 0
        },
        "clat_ns" : {
          "min" : 0,
          "max" : 0,
          "mean" : 0.000000,
          "stddev" : 0.000000,
          "N" : 0
        },
        "lat_ns" : {
          "min" : 0,
          "max" : 0,
          "mean" : 0.000000,
          "stddev" : 0.000000,
          "N" : 0
        },
        "bw_min" : 0,
        "bw_max" : 0,
        "bw_agg" : 0.000000,
        "bw_mean" : 0.000000,
        "bw_dev" : 0.000000,
        "bw_samples" : 0,
        "iops_min" : 0,
        "iops_max" : 0,
        "iops_mean" : 0.000000,
        "iops_stddev" : 0.000000,
        "iops_samples" : 0
      },
      "trim" : {
        "io_bytes" : 0,
        "io_kbytes" : 0,
        "bw_bytes" : 0,
        "bw" : 0,
        "iops" : 0.000000,
        "runtime" : 0,
        "total_ios" : 0,
        "short_ios" : 0,
        "drop_ios" : 0,
        "slat_ns" : {
          "min" : 0,
          "max" : 0,
          "mean" : 0.000000,
          "stddev" : 0.000000,
          "N" : 0
        },
        "clat_ns" : {
          "min" : 0,
          "max" : 0,
          "mean" : 0.000000,
          "stddev" : 0.000000,
          "N" : 0
        },
        "lat_ns" : {
          "min" : 0,
          "max" : 0,
          "mean" : 0.000000,
          "stddev" : 0.000000,
          "N" : 0
        },
        "bw_min" : 0,
        "bw_max" : 0,
        "bw_agg" : 0.000000,
        "bw_mean" : 0.000000,
        "bw_dev" : 0.000000,
        "bw_samples" : 0,
        "iops_min" : 0,
        "iops_max" : 0,
        "iops_mean" : 0.000000,
        "iops_stddev" : 0.000000,
        "iops_samples" : 0
      },
      "sync" : {
        "total_ios" : 0,
        "lat_ns" : {
          "min" : 0,
          "max" : 0,
          "mean" : 0.000000,
          "stddev" : 0.000000,
          "N" : 0
        }
      },
      "job_runtime" : 8001,
      "usr_cpu" : 0.049994,
      "sys_cpu" : 2.437195,
      "ctx" : 4680,
      "majf" : 0,
      "minf" : 525,
      "iodepth_level" : {
        "1" : 100.000000,
        "2" : 0.000000,
        "4" : 0.000000,
        "8" : 0.000000,
        "16" : 0.000000,
        "32" : 0.000000,
        ">=64" : 0.000000
      },
      "iodepth_submit" : {
        "0" : 0.000000,
        "4" : 100.000000,
        "8" : 0.000000,
        "16" : 0.000000,
        "32" : 0.000000,
        "64" : 0.000000,
        ">=64" : 0.000000
      },
      "iodepth_complete" : {
        "0" : 0.000000,
        "4" : 100.000000,
        "8" : 0.000000,
        "16" : 0.000000,
        "32" : 0.000000,
        "64" : 0.000000,
        ">=64" : 0.000000
      },
      "latency_ns" : {
        "2" : 0.000000,
        "4" : 0.000000,
        "10" : 0.000000,
        "20" : 0.000000,
        "50" : 0.000000,
        "100" : 0.000000,
        "250" : 0.000000,
        "500" : 0.000000,
        "750" : 0.000000,
        "1000" : 0.000000
      },
      "latency_us" : {
        "2" : 0.000000,
        "4" : 0.000000,
        "10" : 0.000000,
        "20" : 0.000000,
        "50" : 0.000000,
        "100" : 0.000000,
        "250" : 0.000000,
        "500" : 0.000000,
        "750" : 0.256630,
        "1000" : 0.577417
      },
      "latency_ms" : {
        "2" : 99.080411,
        "4" : 0.085543,
        "10" : 0.000000,
        "20" : 0.000000,
        "50" : 0.000000,
        "100" : 0.000000,
        "250" : 0.000000,
        "500" : 0.000000,
        "750" : 0.000000,
        "1000" : 0.000000,
        "2000" : 0.000000,
        ">=2000" : 0.000000
      },
      "latency_depth" : 1,
      "latency_target" : 0,
      "latency_percentile" : 100.000000,
      "latency_window" : 0
    },
    {
      "jobname" : "zone4_read",
      "groupid" : 0,
      "error" : 0,
      "eta" : 0,
      "elapsed" : 9,
      "job options" : {
        "ioengine" : "psync",
        "bs" : "2m",
        "rw" : "read",
        "offset" : "4z",
        "runtime" : "8"
      },
      "read" : {
        "io_bytes" : 9804185600,
        "io_kbytes" : 9574400,
        "bw_bytes" : 1225370028,
        "bw" : 1196650,
        "iops" : 584.301962,
        "runtime" : 8001,
        "total_ios" : 4675,
        "short_ios" : 0,
        "drop_ios" : 0,
        "slat_ns" : {
          "min" : 0,
          "max" : 0,
          "mean" : 0.000000,
          "stddev" : 0.000000,
          "N" : 0
        },
        "clat_ns" : {
          "min" : 837313,
          "max" : 2063431,
          "mean" : 1710386.492193,
          "stddev" : 92605.796825,
          "N" : 4675,
          "percentile" : {
            "1.000000" : 1056768,
            "5.000000" : 1695744,
            "10.000000" : 1695744,
            "20.000000" : 1712128,
            "30.000000" : 1728512,
            "40.000000" : 1728512,
            "50.000000" : 1728512,
            "60.000000" : 1728512,
            "70.000000" : 1728512,
            "80.000000" : 1728512,
            "90.000000" : 1728512,
            "95.000000" : 1761280,
            "99.000000" : 1761280,
            "99.500000" : 1761280,
            "99.900000" : 2023424,
            "99.950000" : 2056192,
            "99.990000" : 2056192
          }
        },
        "lat_ns" : {
          "min" : 837345,
          "max" : 2063643,
          "mean" : 1710466.997005,
          "stddev" : 92606.952357,