{
  "fio version" : "fio-3.35",
  "timestamp" : 1702431987,
  "timestamp_ms" : 1702431987108,
  "time" : "Wed Dec 13 01:46:27 2023",
  "global options" : {
    "direct" : "1",
    "zonemode" : "zbd",
    "name" : "diff_bs",
    "iodepth" : "1",
    "size" : "1z",
    "filename" : "/dev/nvme0n1"
  },
  "jobs" : [
    {
      "jobname" : "zone0_read",
      "groupid" : 0,
      "error" : 0,
      "eta" : 0,
      "elapsed" : 9,
      "job options" : {
        "ioengine" : "psync",
        "bs" : "2m",
        "rw" : "read",
        "offset" : "0z",
        "runtime" : "8"
      },
      "read" : {
        "io_bytes" : 9667870720,
        "io_kbytes" : 9441280,
        "bw_bytes" : 1208332798,
        "bw" : 1180012,
        "iops" : 576.177978,
        "runtime" : 8001,
        "total_ios" : 4610,
        "short_ios" : 0,
        "drop_ios" : 0,
        "slat_ns" : {
          "min" : 0,
          "max" : 0,
          "mean" : 0.000000,
          "stddev" : 0.000000,
          "N" : 0
        },
        "clat_ns" : {
          "min" : 790509,
          "max" : 1878925,
          "mean" : 1734326.539479,
          "stddev" : 95327.841452,
          "N" : 4610,
          "percentile" : {
            "1.000000" : 1155072,
            "5.000000" : 1712128,
            "10.000000" : 1728512,
            "20.000000" : 1744896,
            "30.000000" : 1744896,
            "40.000000" : 1744896,
            "50.000000" : 1744896,
            "60.000000" : 1744896,
            "70.000000" : 1744896,
            "80.000000" : 1744896,
            "90.000000" : 1761280,
            "95.000000" : 1777664,
            "99.000000" : 1777664,
            "99.500000" : 1777664,
            "99.900000" : 1810432,
            "99.950000" : 1810432,
            "99.990000" : 1875968
          }
        },
        "lat_ns" : {
          "min" : 790837,
          "max" : 1879053,
          "mean" : 1734432.770716,
          "stddev" : 95327.325601,
          "N" : 4610
        },
        "bw_min" : 1175552,
        "bw_max" : 1187840,
        "bw_agg" : 50.002372,
        "bw_mean" : 1179921.066667,
        "bw_dev" : 2431.454575,
        "bw_samples" : 15,
        "iops_min" : 574,
        "iops_max" : 580,
        "iops_mean" : 576.133333,
        "iops_stddev" : 1.187234,
        "iops_samples" : 15
      },
      "write" : {
        "io_bytes" : 0,
        "io_kbytes" : 0,
        "bw_bytes" : 0,
        "bw" : 0,
        "iops" : 0.000000,
        "runtime" : 0,
        "total_ios" : 0,
        "short_ios" : 0,
        "drop_ios" : 0,
        "slat_ns" : {
          "min" : 0,
          "max" : 0,
          "mean" : 0.000000,
          "stddev" : 0.000000,
          "N" : 0
        },
        "clat_ns" : {
          "min" : 0,
          "max" : 0,
          "mean" : 0.000000,
          "stddev" : 0.000000,
          "N" : 0
        },
        "lat_ns" : {
          "min" : 0,
          "max" : 0,
          "mean" : 0.000000,
          "stddev" : 0.000000,
          "N" : 0
        },
        "bw_min" : 0,
        "bw_max" : 0,
        "bw_agg" : 0.000000,
        "bw_mean" : 0.000000,
        "bw_dev" : 0.000000,
        "bw_samples" : 0,
        "iops_min" : 0,
        "iops_max" : 0,
        "iops_mean" : 0.000000,
        "iops_stddev" : 0.000000,
        "iops_samples" : 0
      },
      "trim" : {
        "io_bytes" : 0,
        "io_kbytes" : 0,
        "bw_bytes" : 0,
        "bw" : 0,
        "iops" : 0.000000,
        "runtime" : 0,
        "total_ios" : 0,
        "short_ios" : 0,
        "drop_ios" : 0,
        "slat_ns" : {
          "min" : 0,
          "max" : 0,
          "mean" : 0.000000,
          "stddev" : 0.000000,
          "N" : 0
        },
        "clat_ns" : {
          "min" : 0,
          "max" : 0,
          "mean" : 0.000000,
          "stddev" : 0.000000,
          "N" : 0
        },
        "lat_ns" : {
          "min" : 0,
          "max" : 0,
          "mean" : 0.000000,
          "stddev" : 0.000000,
          "N" : 0
        },
        "bw_min" : 0,
        "bw_max" : 0,
        "bw_agg" : 0.000000,
        "bw_mean" : 0.000000,
        "bw_dev" : 0.000000,
        "bw_samples" : 0,
        "iops_min" : 0,
        "iops_max" : 0,
        "iops_mean" : 0.000000,
        "iops_stddev" : 0.000000,
        "iops_samples" : 0
      },
      "sync" : {
        "total_ios" : 0,
        "lat_ns" : {
          "min" : 0,
          "max" : 0,
          "mean" : 0.000000,
          "stddev" : 0.000000,
          "N" : 0
        }
      },
      "job_runtime" : 8000,
      "usr_cpu" : 0.400000,
      "sys_cpu" : 2.850000,
      "ctx" : 4611,
      "majf" : 0,
      "minf" : 525,
      "iodepth_level" : {
        "1" : 100.000000,
        "2" : 0.000000,
        "4" : 0.000000,
        "8" : 0.000000,
        "16" : 0.000000,
        "32" : 0.000000,
        ">=64" : 0.000000
      },
      "iodepth_submit" : {
        "0" : 0.000000,
        "4" : 100.000000,
        "8" : 0.000000,
        "16" : 0.000000,
        "32" : 0.000000,
        "64" : 0.000000,
        ">=64" : 0.000000
      },
      "iodepth_complete" : {
        "0" : 0.000000,
        "4" : 100.000000,
        "8" : 0.000000,
        "16" : 0.000000,
        "32" : 0.000000,
        "64" : 0.000000,
        ">=64" : 0.000000
      },
      "latency_ns" : {
        "2" : 0.000000,
        "4" : 0.000000,
        "10" : 0.000000,
        "20" : 0.000000,
        "50" : 0.000000,
        "100" : 0.000000,
        "250" : 0.000000,
        "500" : 0.000000,
        "750" : 0.000000,
        "1000" : 0.000000
      },
      "latency_us" : {
        "2" : 0.000000,
        "4" : 0.000000,
        "10" : 0.000000,
        "20" : 0.000000,
        "50" : 0.000000,
        "100" : 0.000000,
        "250" : 0.000000,
        "500" : 0.000000,
        "750" : 0.000000,
        "1000" : 0.672451
      },
      "latency_ms" : {
        "2" : 99.327549,
        "4" : 0.000000,
        "10" : 0.000000,
        "20" : 0.000000,
        "50" : 0.000000,
        "100" : 0.000000,
        "250" : 0.000000,
        "500" : 0.000000,
        "750" : 0.000000,
        "1000" : 0.000000,
        "2000" : 0.000000,
        ">=2000" : 0.000000
      },
      "latency_depth" : 1,
      "latency_target" : 0,
      "latency_percentile" : 100.000000,
      "latency_window" : 0
    },
    {
      "jobname" : "zone8_read",
      "groupid" : 0,
      "error" : 0,
      "eta" : 0,
      "elapsed" : 9,
      "job options" : {
        "ioengine" : "psync",
        "bs" : "2m",
        "rw" : "read",
        "offset" : "8z",
        "runtime" : "8"
      },
      "read" : {
        "io_bytes" : 9667870720,
        "io_kbytes" : 9441280,
        "bw_bytes" : 1208181794,
        "bw" : 1179865,
        "iops" : 576.105974,
        "runtime" : 8002,
        "total_ios" : 4610,
        "short_ios" : 0,
        "drop_ios" : 0,
        "slat_ns" : {
          "min" : 0,
          "max" : 0,
          "mean" : 0.000000,
          "stddev" : 0.000000,
          "N" : 0
        },
        "clat_ns" : {
          "min" : 746933,
          "max" : 1981413,
          "mean" : 1734600.120390,
          "stddev" : 97406.176681,
          "N" : 4610,
          "percentile" : {
            "1.000000" : 995328,
            "5.000000" : 1728512,
            "10.000000" : 1744896,
            "20.000000" : 1744896,
            "30.000000" : 1744896,
            "40.000000" : 1744896,
            "50.000000" : 1744896,
            "60.000000" : 1744896,
            "70.000000" : 1744896,
            "80.000000" : 1744896,
            "90.000000" : 1744896,
            "95.000000" : 1761280,
            "99.000000" : 1777664,
            "99.500000" : 1777664,
            "99.900000" : 1794048,
            "99.950000" : 1794048,
            "99.990000" : 1974272
          }
        },
        "lat_ns" : {
          "min" : 746995,
          "max" : 1981635,
          "mean" : 1734702.394360,
          "stddev" : 97404.816897,