{
  "fio version" : "fio-3.35",
  "timestamp" : 1702432981,
  "timestamp_ms" : 1702432981273,
  "time" : "Wed Dec 13 02:03:01 2023",
  "global options" : {
    "direct" : "1",
    "zonemode" : "zbd",
    "name" : "diff_bs",
    "iodepth" : "1",
    "size" : "1z",
    "filename" : "/dev/nvme0n1"
  },
  "jobs" : [
    {
      "jobname" : "zone0_read",
      "groupid" : 0,
      "error" : 0,
      "eta" : 0,
      "elapsed" : 9,
      "job options" : {
        "ioengine" : "psync",
        "bs" : "2m",
        "rw" : "read",
        "offset" : "0z",
        "runtime" : "8"
      },
      "read" : {
        "io_bytes" : 13704888320,
        "io_kbytes" : 13383680,
        "bw_bytes" : 1712682869,
        "bw" : 1672541,
        "iops" : 816.670832,
        "runtime" : 8002,
        "total_ios" : 6535,
        "short_ios" : 0,
        "drop_ios" : 0,
        "slat_ns" : {
          "min" : 0,
          "max" : 0,
          "mean" : 0.000000,
          "stddev" : 0.000000,
          "N" : 0
        },
        "clat_ns" : {
          "min" : 535641,
          "max" : 2155899,
          "mean" : 1223765.137873,
          "stddev" : 479419.087306,
          "N" : 6535,
          "percentile" : {
            "1.000000" : 536576,
            "5.000000" : 569344,
            "10.000000" : 675840,
            "20.000000" : 864256,
            "30.000000" : 872448,
            "40.000000" : 872448,
            "50.000000" : 872448,
            "60.000000" : 1548288,
            "70.000000" : 1662976,
            "80.000000" : 1744896,
            "90.000000" : 1794048,
            "95.000000" : 1990656,
            "99.000000" : 2113536,
            "99.500000" : 2113536,
            "99.900000" : 2146304,
            "99.950000" : 2146304,
            "99.990000" : 2146304
          }
        },
        "lat_ns" : {
          "min" : 535802,
          "max" : 2155946,
          "mean" : 1223840.445142,
          "stddev" : 479420.642719,
          "N" : 6535
        },
        "bw_min" : 1662976,
        "bw_max" : 1679360,
        "bw_agg" : 50.012231,
        "bw_mean" : 1673079.466667,
        "bw_dev" : 5553.208157,
        "bw_samples" : 15,
        "iops_min" : 812,
        "iops_max" : 820,
        "iops_mean" : 816.933333,
        "iops_stddev" : 2.711527,
        "iops_samples" : 15
      },
      "write" : {
        "io_bytes" : 0,
        "io_kbytes" : 0,
        "bw_bytes" : 0,
        "bw" : 0,
        "iops" : 0.000000,
        "runtime" : 0,
        "total_ios" : 0,
        "short_ios" : 0,
        "drop_ios" : 0,
        "slat_ns" : {
          "min" : 0,
          "max" : 0,
          "mean" : 0.000000,
          "stddev" : 0.000000,
          "N" : 0
        },
        "clat_ns" : {
          "min" : 0,
          "max" : 0,
          "mean" : 0.000000,
          "stddev" : 0.000000,
          "N" : 0
        },
        "lat_ns" : {
          "min" : 0,
          "max" : 0,
          "mean" : 0.000000,
          "stddev" : 0.000000,
          "N" : 0
        },
        "bw_min" : 0,
        "bw_max" : 0,
        "bw_agg" : 0.000000,
        "bw_mean" : 0.000000,
        "bw_dev" : 0.000000,
        "bw_samples" : 0,
        "iops_min" : 0,
        "iops_max" : 0,
        "iops_mean" : 0.000000,
        "iops_stddev" : 0.000000,
        "iops_samples" : 0
      },
      "trim" : {
        "io_bytes" : 0,
        "io_kbytes" : 0,
        "bw_bytes" : 0,
        "bw" : 0,
        "iops" : 0.000000,
        "runtime" : 0,
        "total_ios" : 0,
        "short_ios" : 0,
        "drop_ios" : 0,
        "slat_ns" : {
          "min" : 0,
          "max" : 0,
          "mean" : 0.000000,
          "stddev" : 0.000000,
          "N" : 0
        },
        "clat_ns" : {
          "min" : 0,
          "max" : 0,
          "mean" : 0.000000,
          "stddev" : 0.000000,
          "N" : 0
        },
        "lat_ns" : {
          "min" : 0,
          "max" : 0,
          "mean" : 0.000000,
          "stddev" : 0.000000,
          "N" : 0
        },
        "bw_min" : 0,
        "bw_max" : 0,
        "bw_agg" : 0.000000,
        "bw_mean" : 0.000000,
        "bw_dev" : 0.000000,
        "bw_samples" : 0,
        "iops_min" : 0,
        "iops_max" : 0,
        "iops_mean" : 0.000000,
        "iops_stddev" : 0.000000,
        "iops_samples" : 0
      },
      "sync" : {
        "total_ios" : 0,
        "lat_ns" : {
          "min" : 0,
          "max" : 0,
          "mean" : 0.000000,
          "stddev" : 0.000000,
          "N" : 0
        }
      },
      "job_runtime" : 8001,
      "usr_cpu" : 0.174978,
      "sys_cpu" : 3.199600,
      "ctx" : 6537,
      "majf" : 0,
      "minf" : 523,
      "iodepth_level" : {
        "1" : 100.000000,
        "2" : 0.000000,
        "4" : 0.000000,
        "8" : 0.000000,
        "16" : 0.000000,
        "32" : 0.000000,
        ">=64" : 0.000000
      },
      "iodepth_submit" : {
        "0" : 0.000000,
        "4" : 100.000000,
        "8" : 0.000000,
        "16" : 0.000000,
        "32" : 0.000000,
        "64" : 0.000000,
        ">=64" : 0.000000
      },
      "iodepth_complete" : {
        "0" : 0.000000,
        "4" : 100.000000,
        "8" : 0.000000,
        "16" : 0.000000,
        "32" : 0.000000,
        "64" : 0.000000,
        ">=64" : 0.000000
      },
      "latency_ns" : {
        "2" : 0.000000,
        "4" : 0.000000,
        "10" : 0.000000,
        "20" : 0.000000,
        "50" : 0.000000,
        "100" : 0.000000,
        "250" : 0.000000,
        "500" : 0.000000,
        "750" : 0.000000,
        "1000" : 0.000000
      },
      "latency_us" : {
        "2" : 0.000000,
        "4" : 0.000000,
        "10" : 0.000000,
        "20" : 0.000000,
        "50" : 0.000000,
        "100" : 0.000000,
        "250" : 0.000000,
        "500" : 0.000000,
        "750" : 10.466718,
        "1000" : 44.636572
      },
      "latency_ms" : {
        "2" : 39.908187,
        "4" : 4.988523,
        "10" : 0.000000,
        "20" : 0.000000,
        "50" : 0.000000,
        "100" : 0.000000,
        "250" : 0.000000,
        "500" : 0.000000,
        "750" : 0.000000,
        "1000" : 0.000000,
        "2000" : 0.000000,
        ">=2000" : 0.000000
      },
      "latency_depth" : 1,
      "latency_target" : 0,
      "latency_percentile" : 100.000000,
      "latency_window" : 0
    },
    {
      "jobname" : "zone16_read",
      "groupid" : 0,
      "error" : 0,
      "eta" : 0,
      "elapsed" : 9,
      "job options" : {
        "ioengine" : "psync",
        "bs" : "2m",
        "rw" : "read",
        "offset" : "16z",
        "runtime" : "8"
      },
      "read" : {
        "io_bytes" : 13706985472,
        "io_kbytes" : 13385728,
        "bw_bytes" : 1713159039,
        "bw" : 1673006,
        "iops" : 816.897888,
        "runtime" : 8001,
        "total_ios" : 6536,
        "short_ios" : 0,
        "drop_ios" : 0,
        "slat_ns" : {
          "min" : 0,
          "max" : 0,
          "mean" : 0.000000,
          "stddev" : 0.000000,
          "N" : 0
        },
        "clat_ns" : {
          "min" : 539564,
          "max" : 2128553,
          "mean" : 1223330.712362,
          "stddev" : 480282.884111,
          "N" : 6536,
          "percentile" : {
            "1.000000" : 544768,
            "5.000000" : 552960,
            "10.000000" : 700416,
            "20.000000" : 864256,
            "30.000000" : 872448,
            "40.000000" : 872448,
            "50.000000" : 872448,
            "60.000000" : 1548288,
            "70.000000" : 1662976,
            "80.000000" : 1761280,
            "90.000000" : 1810432,
            "95.000000" : 1990656,
            "99.000000" : 2088960,
            "99.500000" : 2113536,
            "99.900000" : 2113536,
            "99.950000" : 2113536,
            "99.990000" : 2113536
          }
        },
        "lat_ns" : {
          "min" : 539654,
          "max" : 2128602,
          "mean" : 1223406.233323,
          "stddev" : 480283.527133,