{
  "fio version" : "fio-3.35",
  "timestamp" : 1702432942,
  "timestamp_ms" : 1702432942233,
  "time" : "Wed Dec 13 02:02:22 2023",
  "global options" : {
    "direct" : "1",
    "zonemode" : "zbd",
    "name" : "diff_bs",
    "iodepth" : "1",
    "size" : "1z",
    "filename" : "/dev/nvme0n1"
  },
  "jobs" : [
    {
      "jobname" : "zone0_read",
      "groupid" : 0,
      "error" : 0,
      "eta" : 0,
      "elapsed" : 9,
      "job options" : {
        "ioengine" : "psync",
        "bs" : "2m",
        "rw" : "read",
        "offset" : "0z",
        "runtime" : "8"
      },
      "read" : {
        "io_bytes" : 12767461376,
        "io_kbytes" : 12468224,
        "bw_bytes" : 1595533788,
        "bw" : 1558138,
        "iops" : 760.809798,
        "runtime" : 8002,
        "total_ios" : 6088,
        "short_ios" : 0,
        "drop_ios" : 0,
        "slat_ns" : {
          "min" : 0,
          "max" : 0,
          "mean" : 0.000000,
          "stddev" : 0.000000,
          "N" : 0
        },
        "clat_ns" : {
          "min" : 522222,
          "max" : 3886932,
          "mean" : 1313688.090342,
          "stddev" : 606335.902302,
          "N" : 6088,
          "percentile" : {
            "1.000000" : 593920,
            "5.000000" : 618496,
            "10.000000" : 872448,
            "20.000000" : 880640,
            "30.000000" : 880640,
            "40.000000" : 880640,
            "50.000000" : 880640,
            "60.000000" : 888832,
            "70.000000" : 2039808,
            "80.000000" : 2056192,
            "90.000000" : 2056192,
            "95.000000" : 2310144,
            "99.000000" : 2342912,
            "99.500000" : 2342912,
            "99.900000" : 2342912,
            "99.950000" : 2375680,
            "99.990000" : 3883008
          }
        },
        "lat_ns" : {
          "min" : 522253,
          "max" : 3887074,
          "mean" : 1313758.327858,
          "stddev" : 606337.262203,
          "N" : 6088
        },
        "bw_min" : 1540096,
        "bw_max" : 1646592,
        "bw_agg" : 50.061204,
        "bw_mean" : 1560302.933333,
        "bw_dev" : 25880.695043,
        "bw_samples" : 15,
        "iops_min" : 752,
        "iops_max" : 804,
        "iops_mean" : 761.866667,
        "iops_stddev" : 12.637058,
        "iops_samples" : 15
      },
      "write" : {
        "io_bytes" : 0,
        "io_kbytes" : 0,
        "bw_bytes" : 0,
        "bw" : 0,
        "iops" : 0.000000,
        "runtime" : 0,
        "total_ios" : 0,
        "short_ios" : 0,
        "drop_ios" : 0,
        "slat_ns" : {
          "min" : 0,
          "max" : 0,
          "mean" : 0.000000,
          "stddev" : 0.000000,
          "N" : 0
        },
        "clat_ns" : {
          "min" : 0,
          "max" : 0,
          "mean" : 0.000000,
          "stddev" : 0.000000,
          "N" : 0
        },
        "lat_ns" : {
          "min" : 0,
          "max" : 0,
          "mean" : 0.000000,
          "stddev" : 0.000000,
          "N" : 0
        },
        "bw_min" : 0,
        "bw_max" : 0,
        "bw_agg" : 0.000000,
        "bw_mean" : 0.000000,
        "bw_dev" : 0.000000,
        "bw_samples" : 0,
        "iops_min" : 0,
        "iops_max" : 0,
        "iops_mean" : 0.000000,
        "iops_stddev" : 0.000000,
        "iops_samples" : 0
      },
      "trim" : {
        "io_bytes" : 0,
        "io_kbytes" : 0,
        "bw_bytes" : 0,
        "bw" : 0,
        "iops" : 0.000000,
        "runtime" : 0,
        "total_ios" : 0,
        "short_ios" : 0,
        "drop_ios" : 0,
        "slat_ns" : {
          "min" : 0,
          "max" : 0,
          "mean" : 0.000000,
          "stddev" : 0.000000,
          "N" : 0
        },
        "clat_ns" : {
          "min" : 0,
          "max" : 0,
          "mean" : 0.000000,
          "stddev" : 0.000000,
          "N" : 0
        },
        "lat_ns" : {
          "min" : 0,
          "max" : 0,
          "mean" : 0.000000,
          "stddev" : 0.000000,
          "N" : 0
        },
        "bw_min" : 0,
        "bw_max" : 0,
        "bw_agg" : 0.000000,
        "bw_mean" : 0.000000,
        "bw_dev" : 0.000000,
        "bw_samples" : 0,
        "iops_min" : 0,
        "iops_max" : 0,
        "iops_mean" : 0.000000,
        "iops_stddev" : 0.000000,
        "iops_samples" : 0
      },
      "sync" : {
        "total_ios" : 0,
        "lat_ns" : {
          "min" : 0,
          "max" : 0,
          "mean" : 0.000000,
          "stddev" : 0.000000,
          "N" : 0
        }
      },
      "job_runtime" : 8001,
      "usr_cpu" : 0.099988,
      "sys_cpu" : 2.862142,
      "ctx" : 6090,
      "majf" : 0,
      "minf" : 524,
      "iodepth_level" : {
        "1" : 100.000000,
        "2" : 0.000000,
        "4" : 0.000000,
        "8" : 0.000000,
        "16" : 0.000000,
        "32" : 0.000000,
        ">=64" : 0.000000
      },
      "iodepth_submit" : {
        "0" : 0.000000,
        "4" : 100.000000,
        "8" : 0.000000,
        "16" : 0.000000,
        "32" : 0.000000,
        "64" : 0.000000,
        ">=64" : 0.000000
      },
      "iodepth_complete" : {
        "0" : 0.000000,
        "4" : 100.000000,
        "8" : 0.000000,
        "16" : 0.000000,
        "32" : 0.000000,
        "64" : 0.000000,
        ">=64" : 0.000000
      },
      "latency_ns" : {
        "2" : 0.000000,
        "4" : 0.000000,
        "10" : 0.000000,
        "20" : 0.000000,
        "50" : 0.000000,
        "100" : 0.000000,
        "250" : 0.000000,
        "500" : 0.000000,
        "750" : 0.000000,
        "1000" : 0.000000
      },
      "latency_us" : {
        "2" : 0.000000,
        "4" : 0.000000,
        "10" : 0.000000,
        "20" : 0.000000,
        "50" : 0.000000,
        "100" : 0.000000,
        "250" : 0.000000,
        "500" : 0.000000,
        "750" : 6.438896,
        "1000" : 55.781866
      },
      "latency_ms" : {
        "2" : 1.691853,
        "4" : 36.087385,
        "10" : 0.000000,
        "20" : 0.000000,
        "50" : 0.000000,
        "100" : 0.000000,
        "250" : 0.000000,
        "500" : 0.000000,
        "750" : 0.000000,
        "1000" : 0.000000,
        "2000" : 0.000000,
        ">=2000" : 0.000000
      },
      "latency_depth" : 1,
      "latency_target" : 0,
      "latency_percentile" : 100.000000,
      "latency_window" : 0
    },
    {
      "jobname" : "zone1_read",
      "groupid" : 0,
      "error" : 0,
      "eta" : 0,
      "elapsed" : 9,
      "job options" : {
        "ioengine" : "psync",
        "bs" : "2m",
        "rw" : "read",
        "offset" : "1z",
        "runtime" : "8"
      },
      "read" : {
        "io_bytes" : 12771655680,
        "io_kbytes" : 12472320,
        "bw_bytes" : 1596057945,
        "bw" : 1558650,
        "iops" : 761.059735,
        "runtime" : 8002,
        "total_ios" : 6090,
        "short_ios" : 0,
        "drop_ios" : 0,
        "slat_ns" : {
          "min" : 0,
          "max" : 0,
          "mean" : 0.000000,
          "stddev" : 0.000000,
          "N" : 0
        },
        "clat_ns" : {
          "min" : 601557,
          "max" : 3445187,
          "mean" : 1313120.972906,
          "stddev" : 603735.779323,
          "N" : 6090,
          "percentile" : {
            "1.000000" : 667648,
            "5.000000" : 692224,
            "10.000000" : 806912,
            "20.000000" : 880640,
            "30.000000" : 880640,
            "40.000000" : 880640,
            "50.000000" : 880640,
            "60.000000" : 913408,
            "70.000000" : 2039808,
            "80.000000" : 2056192,
            "90.000000" : 2056192,
            "95.000000" : 2310144,
            "99.000000" : 2342912,
            "99.500000" : 2342912,
            "99.900000" : 2342912,
            "99.950000" : 2375680,
            "99.990000" : 3457024
          }
        },
        "lat_ns" : {
          "min" : 601602,
          "max" : 3445455,
          "mean" : 1313198.637274,
          "stddev" : 603735.619801,