{
  "fio version" : "fio-3.35",
  "timestamp" : 1702432951,
  "timestamp_ms" : 1702432951356,
  "time" : "Wed Dec 13 02:02:31 2023",
  "global options" : {
    "direct" : "1",
    "zonemode" : "zbd",
    "name" : "diff_bs",
    "iodepth" : "1",
    "size" : "1z",
    "filename" : "/dev/nvme0n1"
  },
  "jobs" : [
    {
      "jobname" : "zone0_read",
      "groupid" : 0,
      "error" : 0,
      "eta" : 0,
      "elapsed" : 9,
      "job options" : {
        "ioengine" : "psync",
        "bs" : "2m",
        "rw" : "read",
        "offset" : "0z",
        "runtime" : "8"
      },
      "read" : {
        "io_bytes" : 14382268416,
        "io_kbytes" : 14045184,
        "bw_bytes" : 1797334218,
        "bw" : 1755209,
        "iops" : 857.035741,
        "runtime" : 8002,
        "total_ios" : 6858,
        "short_ios" : 0,
        "drop_ios" : 0,
        "slat_ns" : {
          "min" : 0,
          "max" : 0,
          "mean" : 0.000000,
          "stddev" : 0.000000,
          "N" : 0
        },
        "clat_ns" : {
          "min" : 566232,
          "max" : 2254333,
          "mean" : 1165848.645523,
          "stddev" : 329964.846097,
          "N" : 6858,
          "percentile" : {
            "1.000000" : 569344,
            "5.000000" : 684032,
            "10.000000" : 790528,
            "20.000000" : 921600,
            "30.000000" : 929792,
            "40.000000" : 929792,
            "50.000000" : 978944,
            "60.000000" : 1318912,
            "70.000000" : 1384448,
            "80.000000" : 1499136,
            "90.000000" : 1597440,
            "95.000000" : 1712128,
            "99.000000" : 1859584,
            "99.500000" : 1875968,
            "99.900000" : 1957888,
            "99.950000" : 2113536,
            "99.990000" : 2244608
          }
        },
        "lat_ns" : {
          "min" : 566277,
          "max" : 2254376,
          "mean" : 1165942.350831,
          "stddev" : 329964.927678,
          "N" : 6858
        },
        "bw_min" : 1708032,
        "bw_max" : 1794048,
        "bw_agg" : 49.536449,
        "bw_mean" : 1755545.600000,
        "bw_dev" : 26760.931387,
        "bw_samples" : 15,
        "iops_min" : 834,
        "iops_max" : 876,
        "iops_mean" : 857.200000,
        "iops_stddev" : 13.066861,
        "iops_samples" : 15
      },
      "write" : {
        "io_bytes" : 0,
        "io_kbytes" : 0,
        "bw_bytes" : 0,
        "bw" : 0,
        "iops" : 0.000000,
        "runtime" : 0,
        "total_ios" : 0,
        "short_ios" : 0,
        "drop_ios" : 0,
        "slat_ns" : {
          "min" : 0,
          "max" : 0,
          "mean" : 0.000000,
          "stddev" : 0.000000,
          "N" : 0
        },
        "clat_ns" : {
          "min" : 0,
          "max" : 0,
          "mean" : 0.000000,
          "stddev" : 0.000000,
          "N" : 0
        },
        "lat_ns" : {
          "min" : 0,
          "max" : 0,
          "mean" : 0.000000,
          "stddev" : 0.000000,
          "N" : 0
        },
        "bw_min" : 0,
        "bw_max" : 0,
        "bw_agg" : 0.000000,
        "bw_mean" : 0.000000,
        "bw_dev" : 0.000000,
        "bw_samples" : 0,
        "iops_min" : 0,
        "iops_max" : 0,
        "iops_mean" : 0.000000,
        "iops_stddev" : 0.000000,
        "iops_samples" : 0
      },
      "trim" : {
        "io_bytes" : 0,
        "io_kbytes" : 0,
        "bw_bytes" : 0,
        "bw" : 0,
        "iops" : 0.000000,
        "runtime" : 0,
        "total_ios" : 0,
        "short_ios" : 0,
        "drop_ios" : 0,
        "slat_ns" : {
          "min" : 0,
          "max" : 0,
          "mean" : 0.000000,
          "stddev" : 0.000000,
          "N" : 0
        },
        "clat_ns" : {
          "min" : 0,
          "max" : 0,
          "mean" : 0.000000,
          "stddev" : 0.000000,
          "N" : 0
        },
        "lat_ns" : {
          "min" : 0,
          "max" : 0,
          "mean" : 0.000000,
          "stddev" : 0.000000,
          "N" : 0
        },
        "bw_min" : 0,
        "bw_max" : 0,
        "bw_agg" : 0.000000,
        "bw_mean" : 0.000000,
        "bw_dev" : 0.000000,
        "bw_samples" : 0,
        "iops_min" : 0,
        "iops_max" : 0,
        "iops_mean" : 0.000000,
        "iops_stddev" : 0.000000,
        "iops_samples" : 0
      },
      "sync" : {
        "total_ios" : 0,
        "lat_ns" : {
          "min" : 0,
          "max" : 0,
          "mean" : 0.000000,
          "stddev" : 0.000000,
          "N" : 0
        }
      },
      "job_runtime" : 8001,
      "usr_cpu" : 0.000000,
      "sys_cpu" : 3.974503,
      "ctx" : 6864,
      "majf" : 0,
      "minf" : 524,
      "iodepth_level" : {
        "1" : 100.000000,
        "2" : 0.000000,
        "4" : 0.000000,
        "8" : 0.000000,
        "16" : 0.000000,
        "32" : 0.000000,
        ">=64" : 0.000000
      },
      "iodepth_submit" : {
        "0" : 0.000000,
        "4" : 100.000000,
        "8" : 0.000000,
        "16" : 0.000000,
        "32" : 0.000000,
        "64" : 0.000000,
        ">=64" : 0.000000
      },
      "iodepth_complete" : {
        "0" : 0.000000,
        "4" : 100.000000,
        "8" : 0.000000,
        "16" : 0.000000,
        "32" : 0.000000,
        "64" : 0.000000,
        ">=64" : 0.000000
      },
      "latency_ns" : {
        "2" : 0.000000,
        "4" : 0.000000,
        "10" : 0.000000,
        "20" : 0.000000,
        "50" : 0.000000,
        "100" : 0.000000,
        "250" : 0.000000,
        "500" : 0.000000,
        "750" : 0.000000,
        "1000" : 0.000000
      },
      "latency_us" : {
        "2" : 0.000000,
        "4" : 0.000000,
        "10" : 0.000000,
        "20" : 0.000000,
        "50" : 0.000000,
        "100" : 0.000000,
        "250" : 0.000000,
        "500" : 0.000000,
        "750" : 7.815690,
        "1000" : 42.475941
      },
      "latency_ms" : {
        "2" : 49.620881,
        "4" : 0.087489,
        "10" : 0.000000,
        "20" : 0.000000,
        "50" : 0.000000,
        "100" : 0.000000,
        "250" : 0.000000,
        "500" : 0.000000,
        "750" : 0.000000,
        "1000" : 0.000000,
        "2000" : 0.000000,
        ">=2000" : 0.000000
      },
      "latency_depth" : 1,
      "latency_target" : 0,
      "latency_percentile" : 100.000000,
      "latency_window" : 0
    },
    {
      "jobname" : "zone2_read",
      "groupid" : 0,
      "error" : 0,
      "eta" : 0,
      "elapsed" : 9,
      "job options" : {
        "ioengine" : "psync",
        "bs" : "2m",
        "rw" : "read",
        "offset" : "2z",
        "runtime" : "8"
      },
      "read" : {
        "io_bytes" : 14656995328,
        "io_kbytes" : 14313472,
        "bw_bytes" : 1831895429,
        "bw" : 1788960,
        "iops" : 873.515811,
        "runtime" : 8001,
        "total_ios" : 6989,
        "short_ios" : 0,
        "drop_ios" : 0,
        "slat_ns" : {
          "min" : 0,
          "max" : 0,
          "mean" : 0.000000,
          "stddev" : 0.000000,
          "N" : 0
        },
        "clat_ns" : {
          "min" : 543070,
          "max" : 2212841,
          "mean" : 1144075.013736,
          "stddev" : 334618.209775,
          "N" : 6989,
          "percentile" : {
            "1.000000" : 544768,
            "5.000000" : 585728,
            "10.000000" : 724992,
            "20.000000" : 921600,
            "30.000000" : 929792,
            "40.000000" : 929792,
            "50.000000" : 970752,
            "60.000000" : 1318912,
            "70.000000" : 1368064,
            "80.000000" : 1482752,
            "90.000000" : 1531904,
            "95.000000" : 1695744,
            "99.000000" : 1859584,
            "99.500000" : 1875968,
            "99.900000" : 1957888,
            "99.950000" : 2007040,
            "99.990000" : 2211840
          }
        },
        "lat_ns" : {
          "min" : 543108,
          "max" : 2212955,
          "mean" : 1144154.411075,
          "stddev" : 334618.478801,