{
  "fio version" : "fio-3.35",
  "timestamp" : 1702432960,
  "timestamp_ms" : 1702432960869,
  "time" : "Wed Dec 13 02:02:40 2023",
  "global options" : {
    "direct" : "1",
    "zonemode" : "zbd",
    "name" : "diff_bs",
    "iodepth" : "1",
    "size" : "1z",
    "filename" : "/dev/nvme0n1"
  },
  "jobs" : [
    {
      "jobname" : "zone0_read",
      "groupid" : 0,
      "error" : 0,
      "eta" : 0,
      "elapsed" : 9,
      "job options" : {
        "ioengine" : "psync",
        "bs" : "2m",
        "rw" : "read",
        "offset" : "0z",
        "runtime" : "8"
      },
      "read" : {
        "io_bytes" : 14008975360,
        "io_kbytes" : 13680640,
        "bw_bytes" : 1750903057,
        "bw" : 1709866,
        "iops" : 834.895638,
        "runtime" : 8001,
        "total_ios" : 6680,
        "short_ios" : 0,
        "drop_ios" : 0,
        "slat_ns" : {
          "min" : 0,
          "max" : 0,
          "mean" : 0.000000,
          "stddev" : 0.000000,
          "N" : 0
        },
        "clat_ns" : {
          "min" : 614784,
          "max" : 1965694,
          "mean" : 1196887.327844,
          "stddev" : 374724.476267,
          "N" : 6680,
          "percentile" : {
            "1.000000" : 700416,
            "5.000000" : 733184,
            "10.000000" : 823296,
            "20.000000" : 921600,
            "30.000000" : 921600,
            "40.000000" : 921600,
            "50.000000" : 929792,
            "60.000000" : 1548288,
            "70.000000" : 1581056,
            "80.000000" : 1597440,
            "90.000000" : 1597440,
            "95.000000" : 1892352,
            "99.000000" : 1925120,
            "99.500000" : 1925120,
            "99.900000" : 1925120,
            "99.950000" : 1957888,
            "99.990000" : 1957888
          }
        },
        "lat_ns" : {
          "min" : 614839,
          "max" : 1965747,
          "mean" : 1196968.289222,
          "stddev" : 374719.198783,
          "N" : 6680
        },
        "bw_min" : 1703936,
        "bw_max" : 1720320,
        "bw_agg" : 49.998501,
        "bw_mean" : 1709943.466667,
        "bw_dev" : 4609.895906,
        "bw_samples" : 15,
        "iops_min" : 832,
        "iops_max" : 840,
        "iops_mean" : 834.933333,
        "iops_stddev" : 2.250926,
        "iops_samples" : 15
      },
      "write" : {
        "io_bytes" : 0,
        "io_kbytes" : 0,
        "bw_bytes" : 0,
        "bw" : 0,
        "iops" : 0.000000,
        "runtime" : 0,
        "total_ios" : 0,
        "short_ios" : 0,
        "drop_ios" : 0,
        "slat_ns" : {
          "min" : 0,
          "max" : 0,
          "mean" : 0.000000,
          "stddev" : 0.000000,
          "N" : 0
        },
        "clat_ns" : {
          "min" : 0,
          "max" : 0,
          "mean" : 0.000000,
          "stddev" : 0.000000,
          "N" : 0
        },
        "lat_ns" : {
          "min" : 0,
          "max" : 0,
          "mean" : 0.000000,
          "stddev" : 0.000000,
          "N" : 0
        },
        "bw_min" : 0,
        "bw_max" : 0,
        "bw_agg" : 0.000000,
        "bw_mean" : 0.000000,
        "bw_dev" : 0.000000,
        "bw_samples" : 0,
        "iops_min" : 0,
        "iops_max" : 0,
        "iops_mean" : 0.000000,
        "iops_stddev" : 0.000000,
        "iops_samples" : 0
      },
      "trim" : {
        "io_bytes" : 0,
        "io_kbytes" : 0,
        "bw_bytes" : 0,
        "bw" : 0,
        "iops" : 0.000000,
        "runtime" : 0,
        "total_ios" : 0,
        "short_ios" : 0,
        "drop_ios" : 0,
        "slat_ns" : {
          "min" : 0,
          "max" : 0,
          "mean" : 0.000000,
          "stddev" : 0.000000,
          "N" : 0
        },
        "clat_ns" : {
          "min" : 0,
          "max" : 0,
          "mean" : 0.000000,
          "stddev" : 0.000000,
          "N" : 0
        },
        "lat_ns" : {
          "min" : 0,
          "max" : 0,
          "mean" : 0.000000,
          "stddev" : 0.000000,
          "N" : 0
        },
        "bw_min" : 0,
        "bw_max" : 0,
        "bw_agg" : 0.000000,
        "bw_mean" : 0.000000,
        "bw_dev" : 0.000000,
        "bw_samples" : 0,
        "iops_min" : 0,
        "iops_max" : 0,
        "iops_mean" : 0.000000,
        "iops_stddev" : 0.000000,
        "iops_samples" : 0
      },
      "sync" : {
        "total_ios" : 0,
        "lat_ns" : {
          "min" : 0,
          "max" : 0,
          "mean" : 0.000000,
          "stddev" : 0.000000,
          "N" : 0
        }
      },
      "job_runtime" : 8000,
      "usr_cpu" : 0.225000,
      "sys_cpu" : 3.150000,
      "ctx" : 6681,
      "majf" : 0,
      "minf" : 522,
      "iodepth_level" : {
        "1" : 100.000000,
        "2" : 0.000000,
        "4" : 0.000000,
        "8" : 0.000000,
        "16" : 0.000000,
        "32" : 0.000000,
        ">=64" : 0.000000
      },
      "iodepth_submit" : {
        "0" : 0.000000,
        "4" : 100.000000,
        "8" : 0.000000,
        "16" : 0.000000,
        "32" : 0.000000,
        "64" : 0.000000,
        ">=64" : 0.000000
      },
      "iodepth_complete" : {
        "0" : 0.000000,
        "4" : 100.000000,
        "8" : 0.000000,
        "16" : 0.000000,
        "32" : 0.000000,
        "64" : 0.000000,
        ">=64" : 0.000000
      },
      "latency_ns" : {
        "2" : 0.000000,
        "4" : 0.000000,
        "10" : 0.000000,
        "20" : 0.000000,
        "50" : 0.000000,
        "100" : 0.000000,
        "250" : 0.000000,
        "500" : 0.000000,
        "750" : 0.000000,
        "1000" : 0.000000
      },
      "latency_us" : {
        "2" : 0.000000,
        "4" : 0.000000,
        "10" : 0.000000,
        "20" : 0.000000,
        "50" : 0.000000,
        "100" : 0.000000,
        "250" : 0.000000,
        "500" : 0.000000,
        "750" : 5.464072,
        "1000" : 53.368263
      },
      "latency_ms" : {
        "2" : 41.167665,
        "4" : 0.000000,
        "10" : 0.000000,
        "20" : 0.000000,
        "50" : 0.000000,
        "100" : 0.000000,
        "250" : 0.000000,
        "500" : 0.000000,
        "750" : 0.000000,
        "1000" : 0.000000,
        "2000" : 0.000000,
        ">=2000" : 0.000000
      },
      "latency_depth" : 1,
      "latency_target" : 0,
      "latency_percentile" : 100.000000,
      "latency_window" : 0
    },
    {
      "jobname" : "zone4_read",
      "groupid" : 0,
      "error" : 0,
      "eta" : 0,
      "elapsed" : 9,
      "job options" : {
        "ioengine" : "psync",
        "bs" : "2m",
        "rw" : "read",
        "offset" : "4z",
        "runtime" : "8"
      },
      "read" : {
        "io_bytes" : 14011072512,
        "io_kbytes" : 13682688,
        "bw_bytes" : 1751165168,
        "bw" : 1710122,
        "iops" : 835.020622,
        "runtime" : 8001,
        "total_ios" : 6681,
        "short_ios" : 0,
        "drop_ios" : 0,
        "slat_ns" : {
          "min" : 0,
          "max" : 0,
          "mean" : 0.000000,
          "stddev" : 0.000000,
          "N" : 0
        },
        "clat_ns" : {
          "min" : 588568,
          "max" : 1934587,
          "mean" : 1196784.780572,
          "stddev" : 379221.223685,
          "N" : 6681,
          "percentile" : {
            "1.000000" : 593920,
            "5.000000" : 618496,
            "10.000000" : 921600,
            "20.000000" : 921600,
            "30.000000" : 921600,
            "40.000000" : 921600,
            "50.000000" : 929792,
            "60.000000" : 1548288,
            "70.000000" : 1581056,
            "80.000000" : 1597440,
            "90.000000" : 1597440,
            "95.000000" : 1892352,
            "99.000000" : 1925120,
            "99.500000" : 1925120,
            "99.900000" : 1925120,
            "99.950000" : 1925120,
            "99.990000" : 1941504
          }
        },
        "lat_ns" : {
          "min" : 588705,
          "max" : 1934618,
          "mean" : 1196859.504116,
          "stddev" : 379222.510292,