{
  "fio version" : "fio-3.35",
  "timestamp" : 1702432970,
  "timestamp_ms" : 1702432970501,
  "time" : "Wed Dec 13 02:02:50 2023",
  "global options" : {
    "direct" : "1",
    "zonemode" : "zbd",
    "name" : "diff_bs",
    "iodepth" : "1",
    "size" : "1z",
    "filename" : "/dev/nvme0n1"
  },
  "jobs" : [
    {
      "jobname" : "zone0_read",
      "groupid" : 0,
      "error" : 0,
      "eta" : 0,
      "elapsed" : 9,
      "job options" : {
        "ioengine" : "psync",
        "bs" : "2m",
        "rw" : "read",
        "offset" : "0z",
        "runtime" : "8"
      },
      "read" : {
        "io_bytes" : 14361296896,
        "io_kbytes" : 14024704,
        "bw_bytes" : 1794713433,
        "bw" : 1752649,
        "iops" : 855.786053,
        "runtime" : 8002,
        "total_ios" : 6848,
        "short_ios" : 0,
        "drop_ios" : 0,
        "slat_ns" : {
          "min" : 0,
          "max" : 0,
          "mean" : 0.000000,
          "stddev" : 0.000000,
          "N" : 0
        },
        "clat_ns" : {
          "min" : 552882,
          "max" : 6839348,
          "mean" : 1167653.097109,
          "stddev" : 391087.922377,
          "N" : 6848,
          "percentile" : {
            "1.000000" : 561152,
            "5.000000" : 593920,
            "10.000000" : 815104,
            "20.000000" : 888832,
            "30.000000" : 888832,
            "40.000000" : 888832,
            "50.000000" : 897024,
            "60.000000" : 1351680,
            "70.000000" : 1417216,
            "80.000000" : 1482752,
            "90.000000" : 1712128,
            "95.000000" : 1794048,
            "99.000000" : 2023424,
            "99.500000" : 2072576,
            "99.900000" : 2179072,
            "99.950000" : 2211840,
            "99.990000" : 6848512
          }
        },
        "lat_ns" : {
          "min" : 552910,
          "max" : 6839523,
          "mean" : 1167754.601636,
          "stddev" : 391085.615695,
          "N" : 6848
        },
        "bw_min" : 1724416,
        "bw_max" : 1785856,
        "bw_agg" : 49.568984,
        "bw_mean" : 1753907.200000,
        "bw_dev" : 15496.898506,
        "bw_samples" : 15,
        "iops_min" : 842,
        "iops_max" : 872,
        "iops_mean" : 856.400000,
        "iops_stddev" : 7.566845,
        "iops_samples" : 15
      },
      "write" : {
        "io_bytes" : 0,
        "io_kbytes" : 0,
        "bw_bytes" : 0,
        "bw" : 0,
        "iops" : 0.000000,
        "runtime" : 0,
        "total_ios" : 0,
        "short_ios" : 0,
        "drop_ios" : 0,
        "slat_ns" : {
          "min" : 0,
          "max" : 0,
          "mean" : 0.000000,
          "stddev" : 0.000000,
          "N" : 0
        },
        "clat_ns" : {
          "min" : 0,
          "max" : 0,
          "mean" : 0.000000,
          "stddev" : 0.000000,
          "N" : 0
        },
        "lat_ns" : {
          "min" : 0,
          "max" : 0,
          "mean" : 0.000000,
          "stddev" : 0.000000,
          "N" : 0
        },
        "bw_min" : 0,
        "bw_max" : 0,
        "bw_agg" : 0.000000,
        "bw_mean" : 0.000000,
        "bw_dev" : 0.000000,
        "bw_samples" : 0,
        "iops_min" : 0,
        "iops_max" : 0,
        "iops_mean" : 0.000000,
        "iops_stddev" : 0.000000,
        "iops_samples" : 0
      },
      "trim" : {
        "io_bytes" : 0,
        "io_kbytes" : 0,
        "bw_bytes" : 0,
        "bw" : 0,
        "iops" : 0.000000,
        "runtime" : 0,
        "total_ios" : 0,
        "short_ios" : 0,
        "drop_ios" : 0,
        "slat_ns" : {
          "min" : 0,
          "max" : 0,
          "mean" : 0.000000,
          "stddev" : 0.000000,
          "N" : 0
        },
        "clat_ns" : {
          "min" : 0,
          "max" : 0,
          "mean" : 0.000000,
          "stddev" : 0.000000,
          "N" : 0
        },
        "lat_ns" : {
          "min" : 0,
          "max" : 0,
          "mean" : 0.000000,
          "stddev" : 0.000000,
          "N" : 0
        },
        "bw_min" : 0,
        "bw_max" : 0,
        "bw_agg" : 0.000000,
        "bw_mean" : 0.000000,
        "bw_dev" : 0.000000,
        "bw_samples" : 0,
        "iops_min" : 0,
        "iops_max" : 0,
        "iops_mean" : 0.000000,
        "iops_stddev" : 0.000000,
        "iops_samples" : 0
      },
      "sync" : {
        "total_ios" : 0,
        "lat_ns" : {
          "min" : 0,
          "max" : 0,
          "mean" : 0.000000,
          "stddev" : 0.000000,
          "N" : 0
        }
      },
      "job_runtime" : 8001,
      "usr_cpu" : 0.299963,
      "sys_cpu" : 3.724534,
      "ctx" : 6854,
      "majf" : 0,
      "minf" : 523,
      "iodepth_level" : {
        "1" : 100.000000,
        "2" : 0.000000,
        "4" : 0.000000,
        "8" : 0.000000,
        "16" : 0.000000,
        "32" : 0.000000,
        ">=64" : 0.000000
      },
      "iodepth_submit" : {
        "0" : 0.000000,
        "4" : 100.000000,
        "8" : 0.000000,
        "16" : 0.000000,
        "32" : 0.000000,
        "64" : 0.000000,
        ">=64" : 0.000000
      },
      "iodepth_complete" : {
        "0" : 0.000000,
        "4" : 100.000000,
        "8" : 0.000000,
        "16" : 0.000000,
        "32" : 0.000000,
        "64" : 0.000000,
        ">=64" : 0.000000
      },
      "latency_ns" : {
        "2" : 0.000000,
        "4" : 0.000000,
        "10" : 0.000000,
        "20" : 0.000000,
        "50" : 0.000000,
        "100" : 0.000000,
        "250" : 0.000000,
        "500" : 0.000000,
        "750" : 0.000000,
        "1000" : 0.000000
      },
      "latency_us" : {
        "2" : 0.000000,
        "4" : 0.000000,
        "10" : 0.000000,
        "20" : 0.000000,
        "50" : 0.000000,
        "100" : 0.000000,
        "250" : 0.000000,
        "500" : 0.000000,
        "750" : 8.761682,
        "1000" : 42.757009
      },
      "latency_ms" : {
        "2" : 46.962617,
        "4" : 1.504089,
        "10" : 0.014603,
        "20" : 0.000000,
        "50" : 0.000000,
        "100" : 0.000000,
        "250" : 0.000000,
        "500" : 0.000000,
        "750" : 0.000000,
        "1000" : 0.000000,
        "2000" : 0.000000,
        ">=2000" : 0.000000
      },
      "latency_depth" : 1,
      "latency_target" : 0,
      "latency_percentile" : 100.000000,
      "latency_window" : 0
    },
    {
      "jobname" : "zone8_read",
      "groupid" : 0,
      "error" : 0,
      "eta" : 0,
      "elapsed" : 9,
      "job options" : {
        "ioengine" : "psync",
        "bs" : "2m",
        "rw" : "read",
        "offset" : "8z",
        "runtime" : "8"
      },
      "read" : {
        "io_bytes" : 14631829504,
        "io_kbytes" : 14288896,
        "bw_bytes" : 1828750094,
        "bw" : 1785888,
        "iops" : 872.015998,
        "runtime" : 8001,
        "total_ios" : 6977,
        "short_ios" : 0,
        "drop_ios" : 0,
        "slat_ns" : {
          "min" : 0,
          "max" : 0,
          "mean" : 0.000000,
          "stddev" : 0.000000,
          "N" : 0
        },
        "clat_ns" : {
          "min" : 537392,
          "max" : 7056446,
          "mean" : 1145791.070231,
          "stddev" : 401810.396657,
          "N" : 6977,
          "percentile" : {
            "1.000000" : 552960,
            "5.000000" : 569344,
            "10.000000" : 618496,
            "20.000000" : 880640,
            "30.000000" : 888832,
            "40.000000" : 888832,
            "50.000000" : 897024,
            "60.000000" : 1335296,
            "70.000000" : 1400832,
            "80.000000" : 1466368,
            "90.000000" : 1712128,
            "95.000000" : 1794048,
            "99.000000" : 2023424,
            "99.500000" : 2088960,
            "99.900000" : 2211840,
            "99.950000" : 2244608,
            "99.990000" : 7045120
          }
        },
        "lat_ns" : {
          "min" : 537504,
          "max" : 7056623,
          "mean" : 1145901.830156,
          "stddev" : 401808.805750,