{
  "fio version" : "fio-3.35",
  "timestamp" : 1702433309,
  "timestamp_ms" : 1702433309563,
  "time" : "Wed Dec 13 02:08:29 2023",
  "global options" : {
    "direct" : "1",
    "zonemode" : "zbd",
    "name" : "diff_bs",
    "iodepth" : "1",
    "size" : "1z",
    "filename" : "/dev/nvme0n1"
  },
  "jobs" : [
    {
      "jobname" : "zone0_read",
      "groupid" : 0,
      "error" : 0,
      "eta" : 0,
      "elapsed" : 9,
      "job options" : {
        "ioengine" : "psync",
        "bs" : "2m",
        "rw" : "read",
        "offset" : "0z",
        "runtime" : "8"
      },
      "read" : {
        "io_bytes" : 15613296640,
        "io_kbytes" : 15247360,
        "bw_bytes" : 1951174286,
        "bw" : 1905443,
        "iops" : 930.392402,
        "runtime" : 8002,
        "total_ios" : 7445,
        "short_ios" : 0,
        "drop_ios" : 0,
        "slat_ns" : {
          "min" : 0,
          "max" : 0,
          "mean" : 0.000000,
          "stddev" : 0.000000,
          "N" : 0
        },
        "clat_ns" : {
          "min" : 552060,
          "max" : 1938679,
          "mean" : 1074026.301679,
          "stddev" : 262595.413571,
          "N" : 7445,
          "percentile" : {
            "1.000000" : 577536,
            "5.000000" : 618496,
            "10.000000" : 774144,
            "20.000000" : 897024,
            "30.000000" : 897024,
            "40.000000" : 913408,
            "50.000000" : 1036288,
            "60.000000" : 1171456,
            "70.000000" : 1204224,
            "80.000000" : 1269760,
            "90.000000" : 1466368,
            "95.000000" : 1548288,
            "99.000000" : 1728512,
            "99.500000" : 1761280,
            "99.900000" : 1826816,
            "99.950000" : 1925120,
            "99.990000" : 1941504
          }
        },
        "lat_ns" : {
          "min" : 552097,
          "max" : 1938719,
          "mean" : 1074095.882069,
          "stddev" : 262593.954709,
          "N" : 7445
        },
        "bw_min" : 1875968,
        "bw_max" : 1929216,
        "bw_agg" : 49.447388,
        "bw_mean" : 1906278.400000,
        "bw_dev" : 14913.683289,
        "bw_samples" : 15,
        "iops_min" : 916,
        "iops_max" : 942,
        "iops_mean" : 930.800000,
        "iops_stddev" : 7.282072,
        "iops_samples" : 15
      },
      "write" : {
        "io_bytes" : 0,
        "io_kbytes" : 0,
        "bw_bytes" : 0,
        "bw" : 0,
        "iops" : 0.000000,
        "runtime" : 0,
        "total_ios" : 0,
        "short_ios" : 0,
        "drop_ios" : 0,
        "slat_ns" : {
          "min" : 0,
          "max" : 0,
          "mean" : 0.000000,
          "stddev" : 0.000000,
          "N" : 0
        },
        "clat_ns" : {
          "min" : 0,
          "max" : 0,
          "mean" : 0.000000,
          "stddev" : 0.000000,
          "N" : 0
        },
        "lat_ns" : {
          "min" : 0,
          "max" : 0,
          "mean" : 0.000000,
          "stddev" : 0.000000,
          "N" : 0
        },
        "bw_min" : 0,
        "bw_max" : 0,
        "bw_agg" : 0.000000,
        "bw_mean" : 0.000000,
        "bw_dev" : 0.000000,
        "bw_samples" : 0,
        "iops_min" : 0,
        "iops_max" : 0,
        "iops_mean" : 0.000000,
        "iops_stddev" : 0.000000,
        "iops_samples" : 0
      },
      "trim" : {
        "io_bytes" : 0,
        "io_kbytes" : 0,
        "bw_bytes" : 0,
        "bw" : 0,
        "iops" : 0.000000,
        "runtime" : 0,
        "total_ios" : 0,
        "short_ios" : 0,
        "drop_ios" : 0,
        "slat_ns" : {
          "min" : 0,
          "max" : 0,
          "mean" : 0.000000,
          "stddev" : 0.000000,
          "N" : 0
        },
        "clat_ns" : {
          "min" : 0,
          "max" : 0,
          "mean" : 0.000000,
          "stddev" : 0.000000,
          "N" : 0
        },
        "lat_ns" : {
          "min" : 0,
          "max" : 0,
          "mean" : 0.000000,
          "stddev" : 0.000000,
          "N" : 0
        },
        "bw_min" : 0,
        "bw_max" : 0,
        "bw_agg" : 0.000000,
        "bw_mean" : 0.000000,
        "bw_dev" : 0.000000,
        "bw_samples" : 0,
        "iops_min" : 0,
        "iops_max" : 0,
        "iops_mean" : 0.000000,
        "iops_stddev" : 0.000000,
        "iops_samples" : 0
      },
      "sync" : {
        "total_ios" : 0,
        "lat_ns" : {
          "min" : 0,
          "max" : 0,
          "mean" : 0.000000,
          "stddev" : 0.000000,
          "N" : 0
        }
      },
      "job_runtime" : 8001,
      "usr_cpu" : 0.162480,
      "sys_cpu" : 4.049494,
      "ctx" : 7446,
      "majf" : 0,
      "minf" : 523,
      "iodepth_level" : {
        "1" : 100.000000,
        "2" : 0.000000,
        "4" : 0.000000,
        "8" : 0.000000,
        "16" : 0.000000,
        "32" : 0.000000,
        ">=64" : 0.000000
      },
      "iodepth_submit" : {
        "0" : 0.000000,
        "4" : 100.000000,
        "8" : 0.000000,
        "16" : 0.000000,
        "32" : 0.000000,
        "64" : 0.000000,
        ">=64" : 0.000000
      },
      "iodepth_complete" : {
        "0" : 0.000000,
        "4" : 100.000000,
        "8" : 0.000000,
        "16" : 0.000000,
        "32" : 0.000000,
        "64" : 0.000000,
        ">=64" : 0.000000
      },
      "latency_ns" : {
        "2" : 0.000000,
        "4" : 0.000000,
        "10" : 0.000000,
        "20" : 0.000000,
        "50" : 0.000000,
        "100" : 0.000000,
        "250" : 0.000000,
        "500" : 0.000000,
        "750" : 0.000000,
        "1000" : 0.000000
      },
      "latency_us" : {
        "2" : 0.000000,
        "4" : 0.000000,
        "10" : 0.000000,
        "20" : 0.000000,
        "50" : 0.000000,
        "100" : 0.000000,
        "250" : 0.000000,
        "500" : 0.000000,
        "750" : 8.529214,
        "1000" : 36.977837
      },
      "latency_ms" : {
        "2" : 54.492948,
        "4" : 0.000000,
        "10" : 0.000000,
        "20" : 0.000000,
        "50" : 0.000000,
        "100" : 0.000000,
        "250" : 0.000000,
        "500" : 0.000000,
        "750" : 0.000000,
        "1000" : 0.000000,
        "2000" : 0.000000,
        ">=2000" : 0.000000
      },
      "latency_depth" : 1,
      "latency_target" : 0,
      "latency_percentile" : 100.000000,
      "latency_window" : 0
    },
    {
      "jobname" : "zone16_read",
      "groupid" : 0,
      "error" : 0,
      "eta" : 0,
      "elapsed" : 9,
      "job options" : {
        "ioengine" : "psync",
        "bs" : "2m",
        "rw" : "read",
        "offset" : "16z",
        "runtime" : "8"
      },
      "read" : {
        "io_bytes" : 15976103936,
        "io_kbytes" : 15601664,
        "bw_bytes" : 1996763396,
        "bw" : 1949964,
        "iops" : 952.130984,
        "runtime" : 8001,
        "total_ios" : 7618,
        "short_ios" : 0,
        "drop_ios" : 0,
        "slat_ns" : {
          "min" : 0,
          "max" : 0,
          "mean" : 0.000000,
          "stddev" : 0.000000,
          "N" : 0
        },
        "clat_ns" : {
          "min" : 583022,
          "max" : 1941075,
          "mean" : 1049406.082961,
          "stddev" : 275599.721880,
          "N" : 7618,
          "percentile" : {
            "1.000000" : 585728,
            "5.000000" : 602112,
            "10.000000" : 675840,
            "20.000000" : 897024,
            "30.000000" : 897024,
            "40.000000" : 897024,
            "50.000000" : 970752,
            "60.000000" : 1073152,
            "70.000000" : 1236992,
            "80.000000" : 1286144,
            "90.000000" : 1449984,
            "95.000000" : 1548288,
            "99.000000" : 1728512,
            "99.500000" : 1761280,
            "99.900000" : 1826816,
            "99.950000" : 1925120,
            "99.990000" : 1941504
          }
        },
        "lat_ns" : {
          "min" : 583056,
          "max" : 1941107,
          "mean" : 1049478.256760,
          "stddev" : 275597.857449,