{
  "fio version" : "fio-3.35",
  "timestamp" : 1702433272,
  "timestamp_ms" : 1702433272971,
  "time" : "Wed Dec 13 02:07:52 2023",
  "global options" : {
    "direct" : "1",
    "zonemode" : "zbd",
    "name" : "diff_bs",
    "iodepth" : "1",
    "size" : "1z",
    "filename" : "/dev/nvme0n1"
  },
  "jobs" : [
    {
      "jobname" : "zone0_read",
      "groupid" : 0,
      "error" : 0,
      "eta" : 0,
      "elapsed" : 9,
      "job options" : {
        "ioengine" : "psync",
        "bs" : "2m",
        "rw" : "read",
        "offset" : "0z",
        "runtime" : "8"
      },
      "read" : {
        "io_bytes" : 12773752832,
        "io_kbytes" : 12474368,
        "bw_bytes" : 1596320023,
        "bw" : 1558906,
        "iops" : 761.184704,
        "runtime" : 8002,
        "total_ios" : 6091,
        "short_ios" : 0,
        "drop_ios" : 0,
        "slat_ns" : {
          "min" : 0,
          "max" : 0,
          "mean" : 0.000000,
          "stddev" : 0.000000,
          "N" : 0
        },
        "clat_ns" : {
          "min" : 543219,
          "max" : 2455333,
          "mean" : 1312833.689214,
          "stddev" : 646853.462637,
          "N" : 6091,
          "percentile" : {
            "1.000000" : 544768,
            "5.000000" : 577536,
            "10.000000" : 716800,
            "20.000000" : 847872,
            "30.000000" : 847872,
            "40.000000" : 847872,
            "50.000000" : 847872,
            "60.000000" : 856064,
            "70.000000" : 2056192,
            "80.000000" : 2072576,
            "90.000000" : 2113536,
            "95.000000" : 2342912,
            "99.000000" : 2375680,
            "99.500000" : 2408448,
            "99.900000" : 2441216,
            "99.950000" : 2441216,
            "99.990000" : 2441216
          }
        },
        "lat_ns" : {
          "min" : 543257,
          "max" : 2455445,
          "mean" : 1312905.248892,
          "stddev" : 646854.753374,
          "N" : 6091
        },
        "bw_min" : 1499136,
        "bw_max" : 1679360,
        "bw_agg" : 50.428316,
        "bw_mean" : 1559483.733333,
        "bw_dev" : 55743.162686,
        "bw_samples" : 15,
        "iops_min" : 732,
        "iops_max" : 820,
        "iops_mean" : 761.466667,
        "iops_stddev" : 27.218341,
        "iops_samples" : 15
      },
      "write" : {
        "io_bytes" : 0,
        "io_kbytes" : 0,
        "bw_bytes" : 0,
        "bw" : 0,
        "iops" : 0.000000,
        "runtime" : 0,
        "total_ios" : 0,
        "short_ios" : 0,
        "drop_ios" : 0,
        "slat_ns" : {
          "min" : 0,
          "max" : 0,
          "mean" : 0.000000,
          "stddev" : 0.000000,
          "N" : 0
        },
        "clat_ns" : {
          "min" : 0,
          "max" : 0,
          "mean" : 0.000000,
          "stddev" : 0.000000,
          "N" : 0
        },
        "lat_ns" : {
          "min" : 0,
          "max" : 0,
          "mean" : 0.000000,
          "stddev" : 0.000000,
          "N" : 0
        },
        "bw_min" : 0,
        "bw_max" : 0,
        "bw_agg" : 0.000000,
        "bw_mean" : 0.000000,
        "bw_dev" : 0.000000,
        "bw_samples" : 0,
        "iops_min" : 0,
        "iops_max" : 0,
        "iops_mean" : 0.000000,
        "iops_stddev" : 0.000000,
        "iops_samples" : 0
      },
      "trim" : {
        "io_bytes" : 0,
        "io_kbytes" : 0,
        "bw_bytes" : 0,
        "bw" : 0,
        "iops" : 0.000000,
        "runtime" : 0,
        "total_ios" : 0,
        "short_ios" : 0,
        "drop_ios" : 0,
        "slat_ns" : {
          "min" : 0,
          "max" : 0,
          "mean" : 0.000000,
          "stddev" : 0.000000,
          "N" : 0
        },
        "clat_ns" : {
          "min" : 0,
          "max" : 0,
          "mean" : 0.000000,
          "stddev" : 0.000000,
          "N" : 0
        },
        "lat_ns" : {
          "min" : 0,
          "max" : 0,
          "mean" : 0.000000,
          "stddev" : 0.000000,
          "N" : 0
        },
        "bw_min" : 0,
        "bw_max" : 0,
        "bw_agg" : 0.000000,
        "bw_mean" : 0.000000,
        "bw_dev" : 0.000000,
        "bw_samples" : 0,
        "iops_min" : 0,
        "iops_max" : 0,
        "iops_mean" : 0.000000,
        "iops_stddev" : 0.000000,
        "iops_samples" : 0
      },
      "sync" : {
        "total_ios" : 0,
        "lat_ns" : {
          "min" : 0,
          "max" : 0,
          "mean" : 0.000000,
          "stddev" : 0.000000,
          "N" : 0
        }
      },
      "job_runtime" : 8001,
      "usr_cpu" : 0.262467,
      "sys_cpu" : 2.912136,
      "ctx" : 6095,
      "majf" : 0,
      "minf" : 527,
      "iodepth_level" : {
        "1" : 100.000000,
        "2" : 0.000000,
        "4" : 0.000000,
        "8" : 0.000000,
        "16" : 0.000000,
        "32" : 0.000000,
        ">=64" : 0.000000
      },
      "iodepth_submit" : {
        "0" : 0.000000,
        "4" : 100.000000,
        "8" : 0.000000,
        "16" : 0.000000,
        "32" : 0.000000,
        "64" : 0.000000,
        ">=64" : 0.000000
      },
      "iodepth_complete" : {
        "0" : 0.000000,
        "4" : 100.000000,
        "8" : 0.000000,
        "16" : 0.000000,
        "32" : 0.000000,
        "64" : 0.000000,
        ">=64" : 0.000000
      },
      "latency_ns" : {
        "2" : 0.000000,
        "4" : 0.000000,
        "10" : 0.000000,
        "20" : 0.000000,
        "50" : 0.000000,
        "100" : 0.000000,
        "250" : 0.000000,
        "500" : 0.000000,
        "750" : 0.000000,
        "1000" : 0.000000
      },
      "latency_us" : {
        "2" : 0.000000,
        "4" : 0.000000,
        "10" : 0.000000,
        "20" : 0.000000,
        "50" : 0.000000,
        "100" : 0.000000,
        "250" : 0.000000,
        "500" : 0.000000,
        "750" : 10.720736,
        "1000" : 49.844032
      },
      "latency_ms" : {
        "2" : 4.022328,
        "4" : 35.412904,
        "10" : 0.000000,
        "20" : 0.000000,
        "50" : 0.000000,
        "100" : 0.000000,
        "250" : 0.000000,
        "500" : 0.000000,
        "750" : 0.000000,
        "1000" : 0.000000,
        "2000" : 0.000000,
        ">=2000" : 0.000000
      },
      "latency_depth" : 1,
      "latency_target" : 0,
      "latency_percentile" : 100.000000,
      "latency_window" : 0
    },
    {
      "jobname" : "zone1_read",
      "groupid" : 0,
      "error" : 0,
      "eta" : 0,
      "elapsed" : 9,
      "job options" : {
        "ioengine" : "psync",
        "bs" : "2m",
        "rw" : "read",
        "offset" : "1z",
        "runtime" : "8"
      },
      "read" : {
        "io_bytes" : 12566134784,
        "io_kbytes" : 12271616,
        "bw_bytes" : 1570570526,
        "bw" : 1533760,
        "iops" : 748.906387,
        "runtime" : 8001,
        "total_ios" : 5992,
        "short_ios" : 0,
        "drop_ios" : 0,
        "slat_ns" : {
          "min" : 0,
          "max" : 0,
          "mean" : 0.000000,
          "stddev" : 0.000000,
          "N" : 0
        },
        "clat_ns" : {
          "min" : 545759,
          "max" : 2489659,
          "mean" : 1334319.235147,
          "stddev" : 646067.561640,
          "N" : 5992,
          "percentile" : {
            "1.000000" : 569344,
            "5.000000" : 593920,
            "10.000000" : 790528,
            "20.000000" : 847872,
            "30.000000" : 847872,
            "40.000000" : 847872,
            "50.000000" : 847872,
            "60.000000" : 1744896,
            "70.000000" : 2056192,
            "80.000000" : 2056192,
            "90.000000" : 2113536,
            "95.000000" : 2375680,
            "99.000000" : 2408448,
            "99.500000" : 2441216,
            "99.900000" : 2441216,
            "99.950000" : 2441216,
            "99.990000" : 2473984
          }
        },
        "lat_ns" : {
          "min" : 545888,
          "max" : 2489726,
          "mean" : 1334406.033712,
          "stddev" : 646070.291130,