{
  "fio version" : "fio-3.35",
  "timestamp" : 1702433282,
  "timestamp_ms" : 1702433282030,
  "time" : "Wed Dec 13 02:08:02 2023",
  "global options" : {
    "direct" : "1",
    "zonemode" : "zbd",
    "name" : "diff_bs",
    "iodepth" : "1",
    "size" : "1z",
    "filename" : "/dev/nvme0n1"
  },
  "jobs" : [
    {
      "jobname" : "zone0_read",
      "groupid" : 0,
      "error" : 0,
      "eta" : 0,
      "elapsed" : 9,
      "job options" : {
        "ioengine" : "psync",
        "bs" : "2m",
        "rw" : "read",
        "offset" : "0z",
        "runtime" : "8"
      },
      "read" : {
        "io_bytes" : 15061745664,
        "io_kbytes" : 14708736,
        "bw_bytes" : 1882247646,
        "bw" : 1838132,
        "iops" : 897.525619,
        "runtime" : 8002,
        "total_ios" : 7182,
        "short_ios" : 0,
        "drop_ios" : 0,
        "slat_ns" : {
          "min" : 0,
          "max" : 0,
          "mean" : 0.000000,
          "stddev" : 0.000000,
          "N" : 0
        },
        "clat_ns" : {
          "min" : 562147,
          "max" : 2223367,
          "mean" : 1113095.809942,
          "stddev" : 322572.520707,
          "N" : 7182,
          "percentile" : {
            "1.000000" : 577536,
            "5.000000" : 602112,
            "10.000000" : 659456,
            "20.000000" : 888832,
            "30.000000" : 897024,
            "40.000000" : 897024,
            "50.000000" : 962560,
            "60.000000" : 1302528,
            "70.000000" : 1351680,
            "80.000000" : 1368064,
            "90.000000" : 1564672,
            "95.000000" : 1662976,
            "99.000000" : 1777664,
            "99.500000" : 1794048,
            "99.900000" : 1908736,
            "99.950000" : 1925120,
            "99.990000" : 2211840
          }
        },
        "lat_ns" : {
          "min" : 562184,
          "max" : 2223398,
          "mean" : 1113183.970760,
          "stddev" : 322571.428070,
          "N" : 7182
        },
        "bw_min" : 1814528,
        "bw_max" : 1859584,
        "bw_agg" : 50.266583,
        "bw_mean" : 1838284.800000,
        "bw_dev" : 13063.240569,
        "bw_samples" : 15,
        "iops_min" : 886,
        "iops_max" : 908,
        "iops_mean" : 897.600000,
        "iops_stddev" : 6.378535,
        "iops_samples" : 15
      },
      "write" : {
        "io_bytes" : 0,
        "io_kbytes" : 0,
        "bw_bytes" : 0,
        "bw" : 0,
        "iops" : 0.000000,
        "runtime" : 0,
        "total_ios" : 0,
        "short_ios" : 0,
        "drop_ios" : 0,
        "slat_ns" : {
          "min" : 0,
          "max" : 0,
          "mean" : 0.000000,
          "stddev" : 0.000000,
          "N" : 0
        },
        "clat_ns" : {
          "min" : 0,
          "max" : 0,
          "mean" : 0.000000,
          "stddev" : 0.000000,
          "N" : 0
        },
        "lat_ns" : {
          "min" : 0,
          "max" : 0,
          "mean" : 0.000000,
          "stddev" : 0.000000,
          "N" : 0
        },
        "bw_min" : 0,
        "bw_max" : 0,
        "bw_agg" : 0.000000,
        "bw_mean" : 0.000000,
        "bw_dev" : 0.000000,
        "bw_samples" : 0,
        "iops_min" : 0,
        "iops_max" : 0,
        "iops_mean" : 0.000000,
        "iops_stddev" : 0.000000,
        "iops_samples" : 0
      },
      "trim" : {
        "io_bytes" : 0,
        "io_kbytes" : 0,
        "bw_bytes" : 0,
        "bw" : 0,
        "iops" : 0.000000,
        "runtime" : 0,
        "total_ios" : 0,
        "short_ios" : 0,
        "drop_ios" : 0,
        "slat_ns" : {
          "min" : 0,
          "max" : 0,
          "mean" : 0.000000,
          "stddev" : 0.000000,
          "N" : 0
        },
        "clat_ns" : {
          "min" : 0,
          "max" : 0,
          "mean" : 0.000000,
          "stddev" : 0.000000,
          "N" : 0
        },
        "lat_ns" : {
          "min" : 0,
          "max" : 0,
          "mean" : 0.000000,
          "stddev" : 0.000000,
          "N" : 0
        },
        "bw_min" : 0,
        "bw_max" : 0,
        "bw_agg" : 0.000000,
        "bw_mean" : 0.000000,
        "bw_dev" : 0.000000,
        "bw_samples" : 0,
        "iops_min" : 0,
        "iops_max" : 0,
        "iops_mean" : 0.000000,
        "iops_stddev" : 0.000000,
        "iops_samples" : 0
      },
      "sync" : {
        "total_ios" : 0,
        "lat_ns" : {
          "min" : 0,
          "max" : 0,
          "mean" : 0.000000,
          "stddev" : 0.000000,
          "N" : 0
        }
      },
      "job_runtime" : 8001,
      "usr_cpu" : 0.112486,
      "sys_cpu" : 4.374453,
      "ctx" : 7185,
      "majf" : 0,
      "minf" : 524,
      "iodepth_level" : {
        "1" : 100.000000,
        "2" : 0.000000,
        "4" : 0.000000,
        "8" : 0.000000,
        "16" : 0.000000,
        "32" : 0.000000,
        ">=64" : 0.000000
      },
      "iodepth_submit" : {
        "0" : 0.000000,
        "4" : 100.000000,
        "8" : 0.000000,
        "16" : 0.000000,
        "32" : 0.000000,
        "64" : 0.000000,
        ">=64" : 0.000000
      },
      "iodepth_complete" : {
        "0" : 0.000000,
        "4" : 100.000000,
        "8" : 0.000000,
        "16" : 0.000000,
        "32" : 0.000000,
        "64" : 0.000000,
        ">=64" : 0.000000
      },
      "latency_ns" : {
        "2" : 0.000000,
        "4" : 0.000000,
        "10" : 0.000000,
        "20" : 0.000000,
        "50" : 0.000000,
        "100" : 0.000000,
        "250" : 0.000000,
        "500" : 0.000000,
        "750" : 0.000000,
        "1000" : 0.000000
      },
      "latency_us" : {
        "2" : 0.000000,
        "4" : 0.000000,
        "10" : 0.000000,
        "20" : 0.000000,
        "50" : 0.000000,
        "100" : 0.000000,
        "250" : 0.000000,
        "500" : 0.000000,
        "750" : 11.681983,
        "1000" : 40.573656
      },
      "latency_ms" : {
        "2" : 47.730437,
        "4" : 0.013924,
        "10" : 0.000000,
        "20" : 0.000000,
        "50" : 0.000000,
        "100" : 0.000000,
        "250" : 0.000000,
        "500" : 0.000000,
        "750" : 0.000000,
        "1000" : 0.000000,
        "2000" : 0.000000,
        ">=2000" : 0.000000
      },
      "latency_depth" : 1,
      "latency_target" : 0,
      "latency_percentile" : 100.000000,
      "latency_window" : 0
    },
    {
      "jobname" : "zone2_read",
      "groupid" : 0,
      "error" : 0,
      "eta" : 0,
      "elapsed" : 9,
      "job options" : {
        "ioengine" : "psync",
        "bs" : "2m",
        "rw" : "read",
        "offset" : "2z",
        "runtime" : "8"
      },
      "read" : {
        "io_bytes" : 14904459264,
        "io_kbytes" : 14555136,
        "bw_bytes" : 1862824554,
        "bw" : 1819164,
        "iops" : 888.263967,
        "runtime" : 8001,
        "total_ios" : 7107,
        "short_ios" : 0,
        "drop_ios" : 0,
        "slat_ns" : {
          "min" : 0,
          "max" : 0,
          "mean" : 0.000000,
          "stddev" : 0.000000,
          "N" : 0
        },
        "clat_ns" : {
          "min" : 587780,
          "max" : 2351221,
          "mean" : 1124924.799493,
          "stddev" : 314489.487931,
          "N" : 7107,
          "percentile" : {
            "1.000000" : 602112,
            "5.000000" : 700416,
            "10.000000" : 757760,
            "20.000000" : 897024,
            "30.000000" : 897024,
            "40.000000" : 897024,
            "50.000000" : 987136,
            "60.000000" : 1335296,
            "70.000000" : 1351680,
            "80.000000" : 1384448,
            "90.000000" : 1581056,
            "95.000000" : 1662976,
            "99.000000" : 1777664,
            "99.500000" : 1810432,
            "99.900000" : 1908736,
            "99.950000" : 1941504,
            "99.990000" : 2342912
          }
        },
        "lat_ns" : {
          "min" : 587811,
          "max" : 2351417,
          "mean" : 1124997.415928,
          "stddev" : 314487.968227,