{
  "fio version" : "fio-3.35",
  "timestamp" : 1702433291,
  "timestamp_ms" : 1702433291318,
  "time" : "Wed Dec 13 02:08:11 2023",
  "global options" : {
    "direct" : "1",
    "zonemode" : "zbd",
    "name" : "diff_bs",
    "iodepth" : "1",
    "size" : "1z",
    "filename" : "/dev/nvme0n1"
  },
  "jobs" : [
    {
      "jobname" : "zone0_read",
      "groupid" : 0,
      "error" : 0,
      "eta" : 0,
      "elapsed" : 9,
      "job options" : {
        "ioengine" : "psync",
        "bs" : "2m",
        "rw" : "read",
        "offset" : "0z",
        "runtime" : "8"
      },
      "read" : {
        "io_bytes" : 16022241280,
        "io_kbytes" : 15646720,
        "bw_bytes" : 2002529843,
        "bw" : 1955595,
        "iops" : 954.880640,
        "runtime" : 8001,
        "total_ios" : 7640,
        "short_ios" : 0,
        "drop_ios" : 0,
        "slat_ns" : {
          "min" : 0,
          "max" : 0,
          "mean" : 0.000000,
          "stddev" : 0.000000,
          "N" : 0
        },
        "clat_ns" : {
          "min" : 535787,
          "max" : 2108946,
          "mean" : 1046370.116099,
          "stddev" : 205824.601416,
          "N" : 7640,
          "percentile" : {
            "1.000000" : 593920,
            "5.000000" : 692224,
            "10.000000" : 806912,
            "20.000000" : 946176,
            "30.000000" : 946176,
            "40.000000" : 954368,
            "50.000000" : 995328,
            "60.000000" : 1089536,
            "70.000000" : 1155072,
            "80.000000" : 1204224,
            "90.000000" : 1302528,
            "95.000000" : 1417216,
            "99.000000" : 1630208,
            "99.500000" : 1646592,
            "99.900000" : 1662976,
            "99.950000" : 1744896,
            "99.990000" : 2113536
          }
        },
        "lat_ns" : {
          "min" : 535867,
          "max" : 2108998,
          "mean" : 1046438.048037,
          "stddev" : 205822.872691,
          "N" : 7640
        },
        "bw_min" : 1945600,
        "bw_max" : 1974272,
        "bw_agg" : 50.408908,
        "bw_mean" : 1955976.533333,
        "bw_dev" : 9774.980291,
        "bw_samples" : 15,
        "iops_min" : 950,
        "iops_max" : 964,
        "iops_mean" : 955.066667,
        "iops_stddev" : 4.772940,
        "iops_samples" : 15
      },
      "write" : {
        "io_bytes" : 0,
        "io_kbytes" : 0,
        "bw_bytes" : 0,
        "bw" : 0,
        "iops" : 0.000000,
        "runtime" : 0,
        "total_ios" : 0,
        "short_ios" : 0,
        "drop_ios" : 0,
        "slat_ns" : {
          "min" : 0,
          "max" : 0,
          "mean" : 0.000000,
          "stddev" : 0.000000,
          "N" : 0
        },
        "clat_ns" : {
          "min" : 0,
          "max" : 0,
          "mean" : 0.000000,
          "stddev" : 0.000000,
          "N" : 0
        },
        "lat_ns" : {
          "min" : 0,
          "max" : 0,
          "mean" : 0.000000,
          "stddev" : 0.000000,
          "N" : 0
        },
        "bw_min" : 0,
        "bw_max" : 0,
        "bw_agg" : 0.000000,
        "bw_mean" : 0.000000,
        "bw_dev" : 0.000000,
        "bw_samples" : 0,
        "iops_min" : 0,
        "iops_max" : 0,
        "iops_mean" : 0.000000,
        "iops_stddev" : 0.000000,
        "iops_samples" : 0
      },
      "trim" : {
        "io_bytes" : 0,
        "io_kbytes" : 0,
        "bw_bytes" : 0,
        "bw" : 0,
        "iops" : 0.000000,
        "runtime" : 0,
        "total_ios" : 0,
        "short_ios" : 0,
        "drop_ios" : 0,
        "slat_ns" : {
          "min" : 0,
          "max" : 0,
          "mean" : 0.000000,
          "stddev" : 0.000000,
          "N" : 0
        },
        "clat_ns" : {
          "min" : 0,
          "max" : 0,
          "mean" : 0.000000,
          "stddev" : 0.000000,
          "N" : 0
        },
        "lat_ns" : {
          "min" : 0,
          "max" : 0,
          "mean" : 0.000000,
          "stddev" : 0.000000,
          "N" : 0
        },
        "bw_min" : 0,
        "bw_max" : 0,
        "bw_agg" : 0.000000,
        "bw_mean" : 0.000000,
        "bw_dev" : 0.000000,
        "bw_samples" : 0,
        "iops_min" : 0,
        "iops_max" : 0,
        "iops_mean" : 0.000000,
        "iops_stddev" : 0.000000,
        "iops_samples" : 0
      },
      "sync" : {
        "total_ios" : 0,
        "lat_ns" : {
          "min" : 0,
          "max" : 0,
          "mean" : 0.000000,
          "stddev" : 0.000000,
          "N" : 0
        }
      },
      "job_runtime" : 8000,
      "usr_cpu" : 0.237500,
      "sys_cpu" : 4.162500,
      "ctx" : 7642,
      "majf" : 0,
      "minf" : 526,
      "iodepth_level" : {
        "1" : 100.000000,
        "2" : 0.000000,
        "4" : 0.000000,
        "8" : 0.000000,
        "16" : 0.000000,
        "32" : 0.000000,
        ">=64" : 0.000000
      },
      "iodepth_submit" : {
        "0" : 0.000000,
        "4" : 100.000000,
        "8" : 0.000000,
        "16" : 0.000000,
        "32" : 0.000000,
        "64" : 0.000000,
        ">=64" : 0.000000
      },
      "iodepth_complete" : {
        "0" : 0.000000,
        "4" : 100.000000,
        "8" : 0.000000,
        "16" : 0.000000,
        "32" : 0.000000,
        "64" : 0.000000,
        ">=64" : 0.000000
      },
      "latency_ns" : {
        "2" : 0.000000,
        "4" : 0.000000,
        "10" : 0.000000,
        "20" : 0.000000,
        "50" : 0.000000,
        "100" : 0.000000,
        "250" : 0.000000,
        "500" : 0.000000,
        "750" : 0.000000,
        "1000" : 0.000000
      },
      "latency_us" : {
        "2" : 0.000000,
        "4" : 0.000000,
        "10" : 0.000000,
        "20" : 0.000000,
        "50" : 0.000000,
        "100" : 0.000000,
        "250" : 0.000000,
        "500" : 0.000000,
        "750" : 7.382199,
        "1000" : 43.324607
      },
      "latency_ms" : {
        "2" : 49.280105,
        "4" : 0.013089,
        "10" : 0.000000,
        "20" : 0.000000,
        "50" : 0.000000,
        "100" : 0.000000,
        "250" : 0.000000,
        "500" : 0.000000,
        "750" : 0.000000,
        "1000" : 0.000000,
        "2000" : 0.000000,
        ">=2000" : 0.000000
      },
      "latency_depth" : 1,
      "latency_target" : 0,
      "latency_percentile" : 100.000000,
      "latency_window" : 0
    },
    {
      "jobname" : "zone4_read",
      "groupid" : 0,
      "error" : 0,
      "eta" : 0,
      "elapsed" : 9,
      "job options" : {
        "ioengine" : "psync",
        "bs" : "2m",
        "rw" : "read",
        "offset" : "4z",
        "runtime" : "8"
      },
      "read" : {
        "io_bytes" : 15768485888,
        "io_kbytes" : 15398912,
        "bw_bytes" : 1970814384,
        "bw" : 1924623,
        "iops" : 939.757530,
        "runtime" : 8001,
        "total_ios" : 7519,
        "short_ios" : 0,
        "drop_ios" : 0,
        "slat_ns" : {
          "min" : 0,
          "max" : 0,
          "mean" : 0.000000,
          "stddev" : 0.000000,
          "N" : 0
        },
        "clat_ns" : {
          "min" : 610679,
          "max" : 1799480,
          "mean" : 1063005.147493,
          "stddev" : 200845.491006,
          "N" : 7519,
          "percentile" : {
            "1.000000" : 643072,
            "5.000000" : 716800,
            "10.000000" : 839680,
            "20.000000" : 946176,
            "30.000000" : 946176,
            "40.000000" : 954368,
            "50.000000" : 1028096,
            "60.000000" : 1105920,
            "70.000000" : 1155072,
            "80.000000" : 1236992,
            "90.000000" : 1318912,
            "95.000000" : 1417216,
            "99.000000" : 1630208,
            "99.500000" : 1646592,
            "99.900000" : 1662976,
            "99.950000" : 1662976,
            "99.990000" : 1794048
          }
        },
        "lat_ns" : {
          "min" : 610715,
          "max" : 1799572,
          "mean" : 1063087.349249,
          "stddev" : 200846.118689,