{
  "fio version" : "fio-3.35",
  "timestamp" : 1702433300,
  "timestamp_ms" : 1702433300384,
  "time" : "Wed Dec 13 02:08:20 2023",
  "global options" : {
    "direct" : "1",
    "zonemode" : "zbd",
    "name" : "diff_bs",
    "iodepth" : "1",
    "size" : "1z",
    "filename" : "/dev/nvme0n1"
  },
  "jobs" : [
    {
      "jobname" : "zone0_read",
      "groupid" : 0,
      "error" : 0,
      "eta" : 0,
      "elapsed" : 9,
      "job options" : {
        "ioengine" : "psync",
        "bs" : "2m",
        "rw" : "read",
        "offset" : "0z",
        "runtime" : "8"
      },
      "read" : {
        "io_bytes" : 15284043776,
        "io_kbytes" : 14925824,
        "bw_bytes" : 1910266688,
        "bw" : 1865494,
        "iops" : 910.886139,
        "runtime" : 8001,
        "total_ios" : 7288,
        "short_ios" : 0,
        "drop_ios" : 0,
        "slat_ns" : {
          "min" : 0,
          "max" : 0,
          "mean" : 0.000000,
          "stddev" : 0.000000,
          "N" : 0
        },
        "clat_ns" : {
          "min" : 508686,
          "max" : 1925989,
          "mean" : 1096725.724753,
          "stddev" : 312075.472507,
          "N" : 7288,
          "percentile" : {
            "1.000000" : 518144,
            "5.000000" : 602112,
            "10.000000" : 708608,
            "20.000000" : 897024,
            "30.000000" : 897024,
            "40.000000" : 905216,
            "50.000000" : 978944,
            "60.000000" : 1171456,
            "70.000000" : 1302528,
            "80.000000" : 1368064,
            "90.000000" : 1499136,
            "95.000000" : 1646592,
            "99.000000" : 1875968,
            "99.500000" : 1875968,
            "99.900000" : 1892352,
            "99.950000" : 1892352,
            "99.990000" : 1925120
          }
        },
        "lat_ns" : {
          "min" : 508732,
          "max" : 1926041,
          "mean" : 1096818.058315,
          "stddev" : 312072.691761,
          "N" : 7288
        },
        "bw_min" : 1843200,
        "bw_max" : 1892352,
        "bw_agg" : 49.588199,
        "bw_mean" : 1865616.533333,
        "bw_dev" : 11027.292258,
        "bw_samples" : 15,
        "iops_min" : 900,
        "iops_max" : 924,
        "iops_mean" : 910.933333,
        "iops_stddev" : 5.391351,
        "iops_samples" : 15
      },
      "write" : {
        "io_bytes" : 0,
        "io_kbytes" : 0,
        "bw_bytes" : 0,
        "bw" : 0,
        "iops" : 0.000000,
        "runtime" : 0,
        "total_ios" : 0,
        "short_ios" : 0,
        "drop_ios" : 0,
        "slat_ns" : {
          "min" : 0,
          "max" : 0,
          "mean" : 0.000000,
          "stddev" : 0.000000,
          "N" : 0
        },
        "clat_ns" : {
          "min" : 0,
          "max" : 0,
          "mean" : 0.000000,
          "stddev" : 0.000000,
          "N" : 0
        },
        "lat_ns" : {
          "min" : 0,
          "max" : 0,
          "mean" : 0.000000,
          "stddev" : 0.000000,
          "N" : 0
        },
        "bw_min" : 0,
        "bw_max" : 0,
        "bw_agg" : 0.000000,
        "bw_mean" : 0.000000,
        "bw_dev" : 0.000000,
        "bw_samples" : 0,
        "iops_min" : 0,
        "iops_max" : 0,
        "iops_mean" : 0.000000,
        "iops_stddev" : 0.000000,
        "iops_samples" : 0
      },
      "trim" : {
        "io_bytes" : 0,
        "io_kbytes" : 0,
        "bw_bytes" : 0,
        "bw" : 0,
        "iops" : 0.000000,
        "runtime" : 0,
        "total_ios" : 0,
        "short_ios" : 0,
        "drop_ios" : 0,
        "slat_ns" : {
          "min" : 0,
          "max" : 0,
          "mean" : 0.000000,
          "stddev" : 0.000000,
          "N" : 0
        },
        "clat_ns" : {
          "min" : 0,
          "max" : 0,
          "mean" : 0.000000,
          "stddev" : 0.000000,
          "N" : 0
        },
        "lat_ns" : {
          "min" : 0,
          "max" : 0,
          "mean" : 0.000000,
          "stddev" : 0.000000,
          "N" : 0
        },
        "bw_min" : 0,
        "bw_max" : 0,
        "bw_agg" : 0.000000,
        "bw_mean" : 0.000000,
        "bw_dev" : 0.000000,
        "bw_samples" : 0,
        "iops_min" : 0,
        "iops_max" : 0,
        "iops_mean" : 0.000000,
        "iops_stddev" : 0.000000,
        "iops_samples" : 0
      },
      "sync" : {
        "total_ios" : 0,
        "lat_ns" : {
          "min" : 0,
          "max" : 0,
          "mean" : 0.000000,
          "stddev" : 0.000000,
          "N" : 0
        }
      },
      "job_runtime" : 8000,
      "usr_cpu" : 0.087500,
      "sys_cpu" : 4.850000,
      "ctx" : 7291,
      "majf" : 0,
      "minf" : 524,
      "iodepth_level" : {
        "1" : 100.000000,
        "2" : 0.000000,
        "4" : 0.000000,
        "8" : 0.000000,
        "16" : 0.000000,
        "32" : 0.000000,
        ">=64" : 0.000000
      },
      "iodepth_submit" : {
        "0" : 0.000000,
        "4" : 100.000000,
        "8" : 0.000000,
        "16" : 0.000000,
        "32" : 0.000000,
        "64" : 0.000000,
        ">=64" : 0.000000
      },
      "iodepth_complete" : {
        "0" : 0.000000,
        "4" : 100.000000,
        "8" : 0.000000,
        "16" : 0.000000,
        "32" : 0.000000,
        "64" : 0.000000,
        ">=64" : 0.000000
      },
      "latency_ns" : {
        "2" : 0.000000,
        "4" : 0.000000,
        "10" : 0.000000,
        "20" : 0.000000,
        "50" : 0.000000,
        "100" : 0.000000,
        "250" : 0.000000,
        "500" : 0.000000,
        "750" : 0.000000,
        "1000" : 0.000000
      },
      "latency_us" : {
        "2" : 0.000000,
        "4" : 0.000000,
        "10" : 0.000000,
        "20" : 0.000000,
        "50" : 0.000000,
        "100" : 0.000000,
        "250" : 0.000000,
        "500" : 0.000000,
        "750" : 10.963227,
        "1000" : 40.697036
      },
      "latency_ms" : {
        "2" : 48.339737,
        "4" : 0.000000,
        "10" : 0.000000,
        "20" : 0.000000,
        "50" : 0.000000,
        "100" : 0.000000,
        "250" : 0.000000,
        "500" : 0.000000,
        "750" : 0.000000,
        "1000" : 0.000000,
        "2000" : 0.000000,
        ">=2000" : 0.000000
      },
      "latency_depth" : 1,
      "latency_target" : 0,
      "latency_percentile" : 100.000000,
      "latency_window" : 0
    },
    {
      "jobname" : "zone8_read",
      "groupid" : 0,
      "error" : 0,
      "eta" : 0,
      "elapsed" : 9,
      "job options" : {
        "ioengine" : "psync",
        "bs" : "2m",
        "rw" : "read",
        "offset" : "8z",
        "runtime" : "8"
      },
      "read" : {
        "io_bytes" : 15539896320,
        "io_kbytes" : 15175680,
        "bw_bytes" : 1942244259,
        "bw" : 1896722,
        "iops" : 926.134233,
        "runtime" : 8001,
        "total_ios" : 7410,
        "short_ios" : 0,
        "drop_ios" : 0,
        "slat_ns" : {
          "min" : 0,
          "max" : 0,
          "mean" : 0.000000,
          "stddev" : 0.000000,
          "N" : 0
        },
        "clat_ns" : {
          "min" : 584756,
          "max" : 1889275,
          "mean" : 1078750.485965,
          "stddev" : 316204.900272,
          "N" : 7410,
          "percentile" : {
            "1.000000" : 585728,
            "5.000000" : 602112,
            "10.000000" : 700416,
            "20.000000" : 897024,
            "30.000000" : 897024,
            "40.000000" : 897024,
            "50.000000" : 929792,
            "60.000000" : 1105920,
            "70.000000" : 1269760,
            "80.000000" : 1351680,
            "90.000000" : 1564672,
            "95.000000" : 1646592,
            "99.000000" : 1875968,
            "99.500000" : 1875968,
            "99.900000" : 1875968,
            "99.950000" : 1892352,
            "99.990000" : 1892352
          }
        },
        "lat_ns" : {
          "min" : 584795,
          "max" : 1889330,
          "mean" : 1078830.363293,
          "stddev" : 316206.114374,