{
  "fio version" : "fio-3.35",
  "timestamp" : 1702386887,
  "timestamp_ms" : 1702386887295,
  "time" : "Tue Dec 12 13:14:47 2023",
  "global options" : {
    "direct" : "1",
    "zonemode" : "zbd",
    "name" : "diff_bs",
    "iodepth" : "1",
    "size" : "1z",
    "filename" : "/dev/nvme0n1"
  },
  "jobs" : [
    {
      "jobname" : "zone0_read",
      "groupid" : 0,
      "error" : 0,
      "eta" : 0,
      "elapsed" : 9,
      "job options" : {
        "ioengine" : "psync",
        "bs" : "2m",
        "rw" : "read",
        "offset" : "0z",
        "runtime" : "8"
      },
      "read" : {
        "io_bytes" : 5200936960,
        "io_kbytes" : 5079040,
        "bw_bytes" : 650035865,
        "bw" : 634800,
        "iops" : 309.961255,
        "runtime" : 8001,
        "total_ios" : 2480,
        "short_ios" : 0,
        "drop_ios" : 0,
        "slat_ns" : {
          "min" : 0,
          "max" : 0,
          "mean" : 0.000000,
          "stddev" : 0.000000,
          "N" : 0
        },
        "clat_ns" : {
          "min" : 1510448,
          "max" : 4522428,
          "mean" : 3224623.968145,
          "stddev" : 158697.285704,
          "N" : 2480,
          "percentile" : {
            "1.000000" : 2441216,
            "5.000000" : 3162112,
            "10.000000" : 3227648,
            "20.000000" : 3227648,
            "30.000000" : 3260416,
            "40.000000" : 3260416,
            "50.000000" : 3260416,
            "60.000000" : 3260416,
            "70.000000" : 3260416,
            "80.000000" : 3260416,
            "90.000000" : 3260416,
            "95.000000" : 3293184,
            "99.000000" : 3293184,
            "99.500000" : 3293184,
            "99.900000" : 3325952,
            "99.950000" : 3620864,
            "99.990000" : 4554752
          }
        },
        "lat_ns" : {
          "min" : 1510482,
          "max" : 4522728,
          "mean" : 3224750.343548,
          "stddev" : 158696.796537,
          "N" : 2480
        },
        "bw_min" : 626688,
        "bw_max" : 638976,
        "bw_agg" : 50.045421,
        "bw_mean" : 635426.133333,
        "bw_dev" : 4609.895906,
        "bw_samples" : 15,
        "iops_min" : 306,
        "iops_max" : 312,
        "iops_mean" : 310.266667,
        "iops_stddev" : 2.250926,
        "iops_samples" : 15
      },
      "write" : {
        "io_bytes" : 0,
        "io_kbytes" : 0,
        "bw_bytes" : 0,
        "bw" : 0,
        "iops" : 0.000000,
        "runtime" : 0,
        "total_ios" : 0,
        "short_ios" : 0,
        "drop_ios" : 0,
        "slat_ns" : {
          "min" : 0,
          "max" : 0,
          "mean" : 0.000000,
          "stddev" : 0.000000,
          "N" : 0
        },
        "clat_ns" : {
          "min" : 0,
          "max" : 0,
          "mean" : 0.000000,
          "stddev" : 0.000000,
          "N" : 0
        },
        "lat_ns" : {
          "min" : 0,
          "max" : 0,
          "mean" : 0.000000,
          "stddev" : 0.000000,
          "N" : 0
        },
        "bw_min" : 0,
        "bw_max" : 0,
        "bw_agg" : 0.000000,
        "bw_mean" : 0.000000,
        "bw_dev" : 0.000000,
        "bw_samples" : 0,
        "iops_min" : 0,
        "iops_max" : 0,
        "iops_mean" : 0.000000,
        "iops_stddev" : 0.000000,
        "iops_samples" : 0
      },
      "trim" : {
        "io_bytes" : 0,
        "io_kbytes" : 0,
        "bw_bytes" : 0,
        "bw" : 0,
        "iops" : 0.000000,
        "runtime" : 0,
        "total_ios" : 0,
        "short_ios" : 0,
        "drop_ios" : 0,
        "slat_ns" : {
          "min" : 0,
          "max" : 0,
          "mean" : 0.000000,
          "stddev" : 0.000000,
          "N" : 0
        },
        "clat_ns" : {
          "min" : 0,
          "max" : 0,
          "mean" : 0.000000,
          "stddev" : 0.000000,
          "N" : 0
        },
        "lat_ns" : {
          "min" : 0,
          "max" : 0,
          "mean" : 0.000000,
          "stddev" : 0.000000,
          "N" : 0
        },
        "bw_min" : 0,
        "bw_max" : 0,
        "bw_agg" : 0.000000,
        "bw_mean" : 0.000000,
        "bw_dev" : 0.000000,
        "bw_samples" : 0,
        "iops_min" : 0,
        "iops_max" : 0,
        "iops_mean" : 0.000000,
        "iops_stddev" : 0.000000,
        "iops_samples" : 0
      },
      "sync" : {
        "total_ios" : 0,
        "lat_ns" : {
          "min" : 0,
          "max" : 0,
          "mean" : 0.000000,
          "stddev" : 0.000000,
          "N" : 0
        }
      },
      "job_runtime" : 8000,
      "usr_cpu" : 0.075000,
      "sys_cpu" : 1.650000,
      "ctx" : 2482,
      "majf" : 0,
      "minf" : 524,
      "iodepth_level" : {
        "1" : 100.000000,
        "2" : 0.000000,
        "4" : 0.000000,
        "8" : 0.000000,
        "16" : 0.000000,
        "32" : 0.000000,
        ">=64" : 0.000000
      },
      "iodepth_submit" : {
        "0" : 0.000000,
        "4" : 100.000000,
        "8" : 0.000000,
        "16" : 0.000000,
        "32" : 0.000000,
        "64" : 0.000000,
        ">=64" : 0.000000
      },
      "iodepth_complete" : {
        "0" : 0.000000,
        "4" : 100.000000,
        "8" : 0.000000,
        "16" : 0.000000,
        "32" : 0.000000,
        "64" : 0.000000,
        ">=64" : 0.000000
      },
      "latency_ns" : {
        "2" : 0.000000,
        "4" : 0.000000,
        "10" : 0.000000,
        "20" : 0.000000,
        "50" : 0.000000,
        "100" : 0.000000,
        "250" : 0.000000,
        "500" : 0.000000,
        "750" : 0.000000,
        "1000" : 0.000000
      },
      "latency_us" : {
        "2" : 0.000000,
        "4" : 0.000000,
        "10" : 0.000000,
        "20" : 0.000000,
        "50" : 0.000000,
        "100" : 0.000000,
        "250" : 0.000000,
        "500" : 0.000000,
        "750" : 0.000000,
        "1000" : 0.000000
      },
      "latency_ms" : {
        "2" : 0.766129,
        "4" : 99.193548,
        "10" : 0.040323,
        "20" : 0.000000,
        "50" : 0.000000,
        "100" : 0.000000,
        "250" : 0.000000,
        "500" : 0.000000,
        "750" : 0.000000,
        "1000" : 0.000000,
        "2000" : 0.000000,
        ">=2000" : 0.000000
      },
      "latency_depth" : 1,
      "latency_target" : 0,
      "latency_percentile" : 100.000000,
      "latency_window" : 0
    },
    {
      "jobname" : "zone16_read",
      "groupid" : 0,
      "error" : 0,
      "eta" : 0,
      "elapsed" : 9,
      "job options" : {
        "ioengine" : "psync",
        "bs" : "2m",
        "rw" : "read",
        "offset" : "16z",
        "runtime" : "8"
      },
      "read" : {
        "io_bytes" : 5203034112,
        "io_kbytes" : 5081088,
        "bw_bytes" : 650216709,
        "bw" : 634977,
        "iops" : 310.047488,
        "runtime" : 8002,
        "total_ios" : 2481,
        "short_ios" : 0,
        "drop_ios" : 0,
        "slat_ns" : {
          "min" : 0,
          "max" : 0,
          "mean" : 0.000000,
          "stddev" : 0.000000,
          "N" : 0
        },
        "clat_ns" : {
          "min" : 1458995,
          "max" : 3336328,
          "mean" : 3224035.292624,
          "stddev" : 155603.364266,
          "N" : 2481,
          "percentile" : {
            "1.000000" : 2211840,
            "5.000000" : 3194880,
            "10.000000" : 3227648,
            "20.000000" : 3227648,
            "30.000000" : 3260416,
            "40.000000" : 3260416,
            "50.000000" : 3260416,
            "60.000000" : 3260416,
            "70.000000" : 3260416,
            "80.000000" : 3260416,
            "90.000000" : 3260416,
            "95.000000" : 3260416,
            "99.000000" : 3260416,
            "99.500000" : 3260416,
            "99.900000" : 3293184,
            "99.950000" : 3293184,
            "99.990000" : 3325952
          }
        },
        "lat_ns" : {
          "min" : 1459036,
          "max" : 3336657,
          "mean" : 3224146.600967,
          "stddev" : 155601.039716,