{
  "fio version" : "fio-3.35",
  "timestamp" : 1702386843,
  "timestamp_ms" : 1702386843594,
  "time" : "Tue Dec 12 13:14:03 2023",
  "global options" : {
    "direct" : "1",
    "zonemode" : "zbd",
    "name" : "diff_bs",
    "iodepth" : "1",
    "size" : "1z",
    "filename" : "/dev/nvme0n1"
  },
  "jobs" : [
    {
      "jobname" : "zone0_read",
      "groupid" : 0,
      "error" : 0,
      "eta" : 0,
      "elapsed" : 9,
      "job options" : {
        "ioengine" : "psync",
        "bs" : "2m",
        "rw" : "read",
        "offset" : "0z",
        "runtime" : "8"
      },
      "read" : {
        "io_bytes" : 9470738432,
        "io_kbytes" : 9248768,
        "bw_bytes" : 1183546417,
        "bw" : 1155807,
        "iops" : 564.358910,
        "runtime" : 8002,
        "total_ios" : 4516,
        "short_ios" : 0,
        "drop_ios" : 0,
        "slat_ns" : {
          "min" : 0,
          "max" : 0,
          "mean" : 0.000000,
          "stddev" : 0.000000,
          "N" : 0
        },
        "clat_ns" : {
          "min" : 1164282,
          "max" : 3240335,
          "mean" : 1770755.376218,
          "stddev" : 76866.199384,
          "N" : 4516,
          "percentile" : {
            "1.000000" : 1728512,
            "5.000000" : 1744896,
            "10.000000" : 1744896,
            "20.000000" : 1744896,
            "30.000000" : 1744896,
            "40.000000" : 1744896,
            "50.000000" : 1761280,
            "60.000000" : 1777664,
            "70.000000" : 1777664,
            "80.000000" : 1777664,
            "90.000000" : 1810432,
            "95.000000" : 1826816,
            "99.000000" : 1941504,
            "99.500000" : 2310144,
            "99.900000" : 2703360,
            "99.950000" : 2703360,
            "99.990000" : 3227648
          }
        },
        "lat_ns" : {
          "min" : 1164413,
          "max" : 3240395,
          "mean" : 1770848.689327,
          "stddev" : 76872.182312,
          "N" : 4516
        },
        "bw_min" : 1146880,
        "bw_max" : 1163264,
        "bw_agg" : 49.827870,
        "bw_mean" : 1156164.266667,
        "bw_dev" : 5008.585878,
        "bw_samples" : 15,
        "iops_min" : 560,
        "iops_max" : 568,
        "iops_mean" : 564.533333,
        "iops_stddev" : 2.445599,
        "iops_samples" : 15
      },
      "write" : {
        "io_bytes" : 0,
        "io_kbytes" : 0,
        "bw_bytes" : 0,
        "bw" : 0,
        "iops" : 0.000000,
        "runtime" : 0,
        "total_ios" : 0,
        "short_ios" : 0,
        "drop_ios" : 0,
        "slat_ns" : {
          "min" : 0,
          "max" : 0,
          "mean" : 0.000000,
          "stddev" : 0.000000,
          "N" : 0
        },
        "clat_ns" : {
          "min" : 0,
          "max" : 0,
          "mean" : 0.000000,
          "stddev" : 0.000000,
          "N" : 0
        },
        "lat_ns" : {
          "min" : 0,
          "max" : 0,
          "mean" : 0.000000,
          "stddev" : 0.000000,
          "N" : 0
        },
        "bw_min" : 0,
        "bw_max" : 0,
        "bw_agg" : 0.000000,
        "bw_mean" : 0.000000,
        "bw_dev" : 0.000000,
        "bw_samples" : 0,
        "iops_min" : 0,
        "iops_max" : 0,
        "iops_mean" : 0.000000,
        "iops_stddev" : 0.000000,
        "iops_samples" : 0
      },
      "trim" : {
        "io_bytes" : 0,
        "io_kbytes" : 0,
        "bw_bytes" : 0,
        "bw" : 0,
        "iops" : 0.000000,
        "runtime" : 0,
        "total_ios" : 0,
        "short_ios" : 0,
        "drop_ios" : 0,
        "slat_ns" : {
          "min" : 0,
          "max" : 0,
          "mean" : 0.000000,
          "stddev" : 0.000000,
          "N" : 0
        },
        "clat_ns" : {
          "min" : 0,
          "max" : 0,
          "mean" : 0.000000,
          "stddev" : 0.000000,
          "N" : 0
        },
        "lat_ns" : {
          "min" : 0,
          "max" : 0,
          "mean" : 0.000000,
          "stddev" : 0.000000,
          "N" : 0
        },
        "bw_min" : 0,
        "bw_max" : 0,
        "bw_agg" : 0.000000,
        "bw_mean" : 0.000000,
        "bw_dev" : 0.000000,
        "bw_samples" : 0,
        "iops_min" : 0,
        "iops_max" : 0,
        "iops_mean" : 0.000000,
        "iops_stddev" : 0.000000,
        "iops_samples" : 0
      },
      "sync" : {
        "total_ios" : 0,
        "lat_ns" : {
          "min" : 0,
          "max" : 0,
          "mean" : 0.000000,
          "stddev" : 0.000000,
          "N" : 0
        }
      },
      "job_runtime" : 8001,
      "usr_cpu" : 0.249969,
      "sys_cpu" : 2.612173,
      "ctx" : 4519,
      "majf" : 0,
      "minf" : 524,
      "iodepth_level" : {
        "1" : 100.000000,
        "2" : 0.000000,
        "4" : 0.000000,
        "8" : 0.000000,
        "16" : 0.000000,
        "32" : 0.000000,
        ">=64" : 0.000000
      },
      "iodepth_submit" : {
        "0" : 0.000000,
        "4" : 100.000000,
        "8" : 0.000000,
        "16" : 0.000000,
        "32" : 0.000000,
        "64" : 0.000000,
        ">=64" : 0.000000
      },
      "iodepth_complete" : {
        "0" : 0.000000,
        "4" : 100.000000,
        "8" : 0.000000,
        "16" : 0.000000,
        "32" : 0.000000,
        "64" : 0.000000,
        ">=64" : 0.000000
      },
      "latency_ns" : {
        "2" : 0.000000,
        "4" : 0.000000,
        "10" : 0.000000,
        "20" : 0.000000,
        "50" : 0.000000,
        "100" : 0.000000,
        "250" : 0.000000,
        "500" : 0.000000,
        "750" : 0.000000,
        "1000" : 0.000000
      },
      "latency_us" : {
        "2" : 0.000000,
        "4" : 0.000000,
        "10" : 0.000000,
        "20" : 0.000000,
        "50" : 0.000000,
        "100" : 0.000000,
        "250" : 0.000000,
        "500" : 0.000000,
        "750" : 0.000000,
        "1000" : 0.000000
      },
      "latency_ms" : {
        "2" : 99.158547,
        "4" : 0.841453,
        "10" : 0.000000,
        "20" : 0.000000,
        "50" : 0.000000,
        "100" : 0.000000,
        "250" : 0.000000,
        "500" : 0.000000,
        "750" : 0.000000,
        "1000" : 0.000000,
        "2000" : 0.000000,
        ">=2000" : 0.000000
      },
      "latency_depth" : 1,
      "latency_target" : 0,
      "latency_percentile" : 100.000000,
      "latency_window" : 0
    },
    {
      "jobname" : "zone1_read",
      "groupid" : 0,
      "error" : 0,
      "eta" : 0,
      "elapsed" : 9,
      "job options" : {
        "ioengine" : "psync",
        "bs" : "2m",
        "rw" : "read",
        "offset" : "1z",
        "runtime" : "8"
      },
      "read" : {
        "io_bytes" : 9542041600,
        "io_kbytes" : 9318400,
        "bw_bytes" : 1192606124,
        "bw" : 1164654,
        "iops" : 568.678915,
        "runtime" : 8001,
        "total_ios" : 4550,
        "short_ios" : 0,
        "drop_ios" : 0,
        "slat_ns" : {
          "min" : 0,
          "max" : 0,
          "mean" : 0.000000,
          "stddev" : 0.000000,
          "N" : 0
        },
        "clat_ns" : {
          "min" : 977652,
          "max" : 2722634,
          "mean" : 1757273.421099,
          "stddev" : 106226.649745,
          "N" : 4550,
          "percentile" : {
            "1.000000" : 1302528,
            "5.000000" : 1728512,
            "10.000000" : 1744896,
            "20.000000" : 1744896,
            "30.000000" : 1744896,
            "40.000000" : 1744896,
            "50.000000" : 1761280,
            "60.000000" : 1777664,
            "70.000000" : 1777664,
            "80.000000" : 1777664,
            "90.000000" : 1794048,
            "95.000000" : 1826816,
            "99.000000" : 2023424,
            "99.500000" : 2342912,
            "99.900000" : 2703360,
            "99.950000" : 2703360,
            "99.990000" : 2736128
          }
        },
        "lat_ns" : {
          "min" : 977697,
          "max" : 2722674,
          "mean" : 1757389.990330,
          "stddev" : 106236.355894,