{
  "fio version" : "fio-3.35",
  "timestamp" : 1702386854,
  "timestamp_ms" : 1702386854083,
  "time" : "Tue Dec 12 13:14:14 2023",
  "global options" : {
    "direct" : "1",
    "zonemode" : "zbd",
    "name" : "diff_bs",
    "iodepth" : "1",
    "size" : "1z",
    "filename" : "/dev/nvme0n1"
  },
  "jobs" : [
    {
      "jobname" : "zone0_read",
      "groupid" : 0,
      "error" : 0,
      "eta" : 0,
      "elapsed" : 9,
      "job options" : {
        "ioengine" : "psync",
        "bs" : "2m",
        "rw" : "read",
        "offset" : "0z",
        "runtime" : "8"
      },
      "read" : {
        "io_bytes" : 9514778624,
        "io_kbytes" : 9291776,
        "bw_bytes" : 1189050065,
        "bw" : 1161181,
        "iops" : 566.983254,
        "runtime" : 8002,
        "total_ios" : 4537,
        "short_ios" : 0,
        "drop_ios" : 0,
        "slat_ns" : {
          "min" : 0,
          "max" : 0,
          "mean" : 0.000000,
          "stddev" : 0.000000,
          "N" : 0
        },
        "clat_ns" : {
          "min" : 1014356,
          "max" : 2789012,
          "mean" : 1762690.809345,
          "stddev" : 71294.926996,
          "N" : 4537,
          "percentile" : {
            "1.000000" : 1335296,
            "5.000000" : 1761280,
            "10.000000" : 1761280,
            "20.000000" : 1761280,
            "30.000000" : 1761280,
            "40.000000" : 1761280,
            "50.000000" : 1761280,
            "60.000000" : 1761280,
            "70.000000" : 1777664,
            "80.000000" : 1777664,
            "90.000000" : 1777664,
            "95.000000" : 1794048,
            "99.000000" : 1826816,
            "99.500000" : 1843200,
            "99.900000" : 1941504,
            "99.950000" : 2039808,
            "99.990000" : 2801664
          }
        },
        "lat_ns" : {
          "min" : 1014427,
          "max" : 2789256,
          "mean" : 1762785.504518,
          "stddev" : 71298.760925,
          "N" : 4537
        },
        "bw_min" : 1155072,
        "bw_max" : 1171456,
        "bw_agg" : 50.041873,
        "bw_mean" : 1161898.666667,
        "bw_dev" : 3685.316243,
        "bw_samples" : 15,
        "iops_min" : 564,
        "iops_max" : 572,
        "iops_mean" : 567.333333,
        "iops_stddev" : 1.799471,
        "iops_samples" : 15
      },
      "write" : {
        "io_bytes" : 0,
        "io_kbytes" : 0,
        "bw_bytes" : 0,
        "bw" : 0,
        "iops" : 0.000000,
        "runtime" : 0,
        "total_ios" : 0,
        "short_ios" : 0,
        "drop_ios" : 0,
        "slat_ns" : {
          "min" : 0,
          "max" : 0,
          "mean" : 0.000000,
          "stddev" : 0.000000,
          "N" : 0
        },
        "clat_ns" : {
          "min" : 0,
          "max" : 0,
          "mean" : 0.000000,
          "stddev" : 0.000000,
          "N" : 0
        },
        "lat_ns" : {
          "min" : 0,
          "max" : 0,
          "mean" : 0.000000,
          "stddev" : 0.000000,
          "N" : 0
        },
        "bw_min" : 0,
        "bw_max" : 0,
        "bw_agg" : 0.000000,
        "bw_mean" : 0.000000,
        "bw_dev" : 0.000000,
        "bw_samples" : 0,
        "iops_min" : 0,
        "iops_max" : 0,
        "iops_mean" : 0.000000,
        "iops_stddev" : 0.000000,
        "iops_samples" : 0
      },
      "trim" : {
        "io_bytes" : 0,
        "io_kbytes" : 0,
        "bw_bytes" : 0,
        "bw" : 0,
        "iops" : 0.000000,
        "runtime" : 0,
        "total_ios" : 0,
        "short_ios" : 0,
        "drop_ios" : 0,
        "slat_ns" : {
          "min" : 0,
          "max" : 0,
          "mean" : 0.000000,
          "stddev" : 0.000000,
          "N" : 0
        },
        "clat_ns" : {
          "min" : 0,
          "max" : 0,
          "mean" : 0.000000,
          "stddev" : 0.000000,
          "N" : 0
        },
        "lat_ns" : {
          "min" : 0,
          "max" : 0,
          "mean" : 0.000000,
          "stddev" : 0.000000,
          "N" : 0
        },
        "bw_min" : 0,
        "bw_max" : 0,
        "bw_agg" : 0.000000,
        "bw_mean" : 0.000000,
        "bw_dev" : 0.000000,
        "bw_samples" : 0,
        "iops_min" : 0,
        "iops_max" : 0,
        "iops_mean" : 0.000000,
        "iops_stddev" : 0.000000,
        "iops_samples" : 0
      },
      "sync" : {
        "total_ios" : 0,
        "lat_ns" : {
          "min" : 0,
          "max" : 0,
          "mean" : 0.000000,
          "stddev" : 0.000000,
          "N" : 0
        }
      },
      "job_runtime" : 8001,
      "usr_cpu" : 0.000000,
      "sys_cpu" : 2.699663,
      "ctx" : 4542,
      "majf" : 0,
      "minf" : 527,
      "iodepth_level" : {
        "1" : 100.000000,
        "2" : 0.000000,
        "4" : 0.000000,
        "8" : 0.000000,
        "16" : 0.000000,
        "32" : 0.000000,
        ">=64" : 0.000000
      },
      "iodepth_submit" : {
        "0" : 0.000000,
        "4" : 100.000000,
        "8" : 0.000000,
        "16" : 0.000000,
        "32" : 0.000000,
        "64" : 0.000000,
        ">=64" : 0.000000
      },
      "iodepth_complete" : {
        "0" : 0.000000,
        "4" : 100.000000,
        "8" : 0.000000,
        "16" : 0.000000,
        "32" : 0.000000,
        "64" : 0.000000,
        ">=64" : 0.000000
      },
      "latency_ns" : {
        "2" : 0.000000,
        "4" : 0.000000,
        "10" : 0.000000,
        "20" : 0.000000,
        "50" : 0.000000,
        "100" : 0.000000,
        "250" : 0.000000,
        "500" : 0.000000,
        "750" : 0.000000,
        "1000" : 0.000000
      },
      "latency_us" : {
        "2" : 0.000000,
        "4" : 0.000000,
        "10" : 0.000000,
        "20" : 0.000000,
        "50" : 0.000000,
        "100" : 0.000000,
        "250" : 0.000000,
        "500" : 0.000000,
        "750" : 0.000000,
        "1000" : 0.000000
      },
      "latency_ms" : {
        "2" : 99.933877,
        "4" : 0.066123,
        "10" : 0.000000,
        "20" : 0.000000,
        "50" : 0.000000,
        "100" : 0.000000,
        "250" : 0.000000,
        "500" : 0.000000,
        "750" : 0.000000,
        "1000" : 0.000000,
        "2000" : 0.000000,
        ">=2000" : 0.000000
      },
      "latency_depth" : 1,
      "latency_target" : 0,
      "latency_percentile" : 100.000000,
      "latency_window" : 0
    },
    {
      "jobname" : "zone2_read",
      "groupid" : 0,
      "error" : 0,
      "eta" : 0,
      "elapsed" : 9,
      "job options" : {
        "ioengine" : "psync",
        "bs" : "2m",
        "rw" : "read",
        "offset" : "2z",
        "runtime" : "8"
      },
      "read" : {
        "io_bytes" : 9510584320,
        "io_kbytes" : 9287680,
        "bw_bytes" : 1188674455,
        "bw" : 1160814,
        "iops" : 566.804149,
        "runtime" : 8001,
        "total_ios" : 4535,
        "short_ios" : 0,
        "drop_ios" : 0,
        "slat_ns" : {
          "min" : 0,
          "max" : 0,
          "mean" : 0.000000,
          "stddev" : 0.000000,
          "N" : 0
        },
        "clat_ns" : {
          "min" : 1135613,
          "max" : 2955500,
          "mean" : 1762712.049835,
          "stddev" : 60194.192506,
          "N" : 4535,
          "percentile" : {
            "1.000000" : 1482752,
            "5.000000" : 1744896,
            "10.000000" : 1744896,
            "20.000000" : 1761280,
            "30.000000" : 1761280,
            "40.000000" : 1761280,
            "50.000000" : 1761280,
            "60.000000" : 1777664,
            "70.000000" : 1777664,
            "80.000000" : 1777664,
            "90.000000" : 1794048,
            "95.000000" : 1794048,
            "99.000000" : 1826816,
            "99.500000" : 1826816,
            "99.900000" : 1957888,
            "99.950000" : 2113536,
            "99.990000" : 2965504
          }
        },
        "lat_ns" : {
          "min" : 1135676,
          "max" : 2955651,
          "mean" : 1762856.035061,
          "stddev" : 60200.739985,