{
  "fio version" : "fio-3.35",
  "timestamp" : 1702386864,
  "timestamp_ms" : 1702386864565,
  "time" : "Tue Dec 12 13:14:24 2023",
  "global options" : {
    "direct" : "1",
    "zonemode" : "zbd",
    "name" : "diff_bs",
    "iodepth" : "1",
    "size" : "1z",
    "filename" : "/dev/nvme0n1"
  },
  "jobs" : [
    {
      "jobname" : "zone0_read",
      "groupid" : 0,
      "error" : 0,
      "eta" : 0,
      "elapsed" : 9,
      "job options" : {
        "ioengine" : "psync",
        "bs" : "2m",
        "rw" : "read",
        "offset" : "0z",
        "runtime" : "8"
      },
      "read" : {
        "io_bytes" : 5198839808,
        "io_kbytes" : 5076992,
        "bw_bytes" : 649773754,
        "bw" : 634544,
        "iops" : 309.836270,
        "runtime" : 8001,
        "total_ios" : 2479,
        "short_ios" : 0,
        "drop_ios" : 0,
        "slat_ns" : {
          "min" : 0,
          "max" : 0,
          "mean" : 0.000000,
          "stddev" : 0.000000,
          "N" : 0
        },
        "clat_ns" : {
          "min" : 1436327,
          "max" : 6783392,
          "mean" : 3225972.860024,
          "stddev" : 175192.751234,
          "N" : 2479,
          "percentile" : {
            "1.000000" : 2113536,
            "5.000000" : 3227648,
            "10.000000" : 3227648,
            "20.000000" : 3227648,
            "30.000000" : 3260416,
            "40.000000" : 3260416,
            "50.000000" : 3260416,
            "60.000000" : 3260416,
            "70.000000" : 3260416,
            "80.000000" : 3260416,
            "90.000000" : 3260416,
            "95.000000" : 3260416,
            "99.000000" : 3260416,
            "99.500000" : 3260416,
            "99.900000" : 3293184,
            "99.950000" : 3293184,
            "99.990000" : 6782976
          }
        },
        "lat_ns" : {
          "min" : 1436434,
          "max" : 6783646,
          "mean" : 3226108.402582,
          "stddev" : 175193.233409,
          "N" : 2479
        },
        "bw_min" : 626688,
        "bw_max" : 638976,
        "bw_agg" : 50.060444,
        "bw_mean" : 635153.066667,
        "bw_dev" : 5008.585878,
        "bw_samples" : 15,
        "iops_min" : 306,
        "iops_max" : 312,
        "iops_mean" : 310.133333,
        "iops_stddev" : 2.445599,
        "iops_samples" : 15
      },
      "write" : {
        "io_bytes" : 0,
        "io_kbytes" : 0,
        "bw_bytes" : 0,
        "bw" : 0,
        "iops" : 0.000000,
        "runtime" : 0,
        "total_ios" : 0,
        "short_ios" : 0,
        "drop_ios" : 0,
        "slat_ns" : {
          "min" : 0,
          "max" : 0,
          "mean" : 0.000000,
          "stddev" : 0.000000,
          "N" : 0
        },
        "clat_ns" : {
          "min" : 0,
          "max" : 0,
          "mean" : 0.000000,
          "stddev" : 0.000000,
          "N" : 0
        },
        "lat_ns" : {
          "min" : 0,
          "max" : 0,
          "mean" : 0.000000,
          "stddev" : 0.000000,
          "N" : 0
        },
        "bw_min" : 0,
        "bw_max" : 0,
        "bw_agg" : 0.000000,
        "bw_mean" : 0.000000,
        "bw_dev" : 0.000000,
        "bw_samples" : 0,
        "iops_min" : 0,
        "iops_max" : 0,
        "iops_mean" : 0.000000,
        "iops_stddev" : 0.000000,
        "iops_samples" : 0
      },
      "trim" : {
        "io_bytes" : 0,
        "io_kbytes" : 0,
        "bw_bytes" : 0,
        "bw" : 0,
        "iops" : 0.000000,
        "runtime" : 0,
        "total_ios" : 0,
        "short_ios" : 0,
        "drop_ios" : 0,
        "slat_ns" : {
          "min" : 0,
          "max" : 0,
          "mean" : 0.000000,
          "stddev" : 0.000000,
          "N" : 0
        },
        "clat_ns" : {
          "min" : 0,
          "max" : 0,
          "mean" : 0.000000,
          "stddev" : 0.000000,
          "N" : 0
        },
        "lat_ns" : {
          "min" : 0,
          "max" : 0,
          "mean" : 0.000000,
          "stddev" : 0.000000,
          "N" : 0
        },
        "bw_min" : 0,
        "bw_max" : 0,
        "bw_agg" : 0.000000,
        "bw_mean" : 0.000000,
        "bw_dev" : 0.000000,
        "bw_samples" : 0,
        "iops_min" : 0,
        "iops_max" : 0,
        "iops_mean" : 0.000000,
        "iops_stddev" : 0.000000,
        "iops_samples" : 0
      },
      "sync" : {
        "total_ios" : 0,
        "lat_ns" : {
          "min" : 0,
          "max" : 0,
          "mean" : 0.000000,
          "stddev" : 0.000000,
          "N" : 0
        }
      },
      "job_runtime" : 8000,
      "usr_cpu" : 0.100000,
      "sys_cpu" : 1.787500,
      "ctx" : 2483,
      "majf" : 0,
      "minf" : 525,
      "iodepth_level" : {
        "1" : 100.000000,
        "2" : 0.000000,
        "4" : 0.000000,
        "8" : 0.000000,
        "16" : 0.000000,
        "32" : 0.000000,
        ">=64" : 0.000000
      },
      "iodepth_submit" : {
        "0" : 0.000000,
        "4" : 100.000000,
        "8" : 0.000000,
        "16" : 0.000000,
        "32" : 0.000000,
        "64" : 0.000000,
        ">=64" : 0.000000
      },
      "iodepth_complete" : {
        "0" : 0.000000,
        "4" : 100.000000,
        "8" : 0.000000,
        "16" : 0.000000,
        "32" : 0.000000,
        "64" : 0.000000,
        ">=64" : 0.000000
      },
      "latency_ns" : {
        "2" : 0.000000,
        "4" : 0.000000,
        "10" : 0.000000,
        "20" : 0.000000,
        "50" : 0.000000,
        "100" : 0.000000,
        "250" : 0.000000,
        "500" : 0.000000,
        "750" : 0.000000,
        "1000" : 0.000000
      },
      "latency_us" : {
        "2" : 0.000000,
        "4" : 0.000000,
        "10" : 0.000000,
        "20" : 0.000000,
        "50" : 0.000000,
        "100" : 0.000000,
        "250" : 0.000000,
        "500" : 0.000000,
        "750" : 0.000000,
        "1000" : 0.000000
      },
      "latency_ms" : {
        "2" : 0.726099,
        "4" : 99.233562,
        "10" : 0.040339,
        "20" : 0.000000,
        "50" : 0.000000,
        "100" : 0.000000,
        "250" : 0.000000,
        "500" : 0.000000,
        "750" : 0.000000,
        "1000" : 0.000000,
        "2000" : 0.000000,
        ">=2000" : 0.000000
      },
      "latency_depth" : 1,
      "latency_target" : 0,
      "latency_percentile" : 100.000000,
      "latency_window" : 0
    },
    {
      "jobname" : "zone4_read",
      "groupid" : 0,
      "error" : 0,
      "eta" : 0,
      "elapsed" : 9,
      "job options" : {
        "ioengine" : "psync",
        "bs" : "2m",
        "rw" : "read",
        "offset" : "4z",
        "runtime" : "8"
      },
      "read" : {
        "io_bytes" : 5198839808,
        "io_kbytes" : 5076992,
        "bw_bytes" : 649611371,
        "bw" : 634386,
        "iops" : 309.758840,
        "runtime" : 8003,
        "total_ios" : 2479,
        "short_ios" : 0,
        "drop_ios" : 0,
        "slat_ns" : {
          "min" : 0,
          "max" : 0,
          "mean" : 0.000000,
          "stddev" : 0.000000,
          "N" : 0
        },
        "clat_ns" : {
          "min" : 1558818,
          "max" : 8015775,
          "mean" : 3225628.785397,
          "stddev" : 187681.628857,
          "N" : 2479,
          "percentile" : {
            "1.000000" : 2408448,
            "5.000000" : 3194880,
            "10.000000" : 3227648,
            "20.000000" : 3227648,
            "30.000000" : 3227648,
            "40.000000" : 3260416,
            "50.000000" : 3260416,
            "60.000000" : 3260416,
            "70.000000" : 3260416,
            "80.000000" : 3260416,
            "90.000000" : 3260416,
            "95.000000" : 3293184,
            "99.000000" : 3293184,
            "99.500000" : 3293184,
            "99.900000" : 3686400,
            "99.950000" : 4358144,
            "99.990000" : 8028160
          }
        },
        "lat_ns" : {
          "min" : 1558864,
          "max" : 8015936,
          "mean" : 3225871.059701,
          "stddev" : 187684.366738,