{
  "fio version" : "fio-3.35",
  "timestamp" : 1702386875,
  "timestamp_ms" : 1702386875048,
  "time" : "Tue Dec 12 13:14:35 2023",
  "global options" : {
    "direct" : "1",
    "zonemode" : "zbd",
    "name" : "diff_bs",
    "iodepth" : "1",
    "size" : "1z",
    "filename" : "/dev/nvme0n1"
  },
  "jobs" : [
    {
      "jobname" : "zone0_read",
      "groupid" : 0,
      "error" : 0,
      "eta" : 0,
      "elapsed" : 9,
      "job options" : {
        "ioengine" : "psync",
        "bs" : "2m",
        "rw" : "read",
        "offset" : "0z",
        "runtime" : "8"
      },
      "read" : {
        "io_bytes" : 5144313856,
        "io_kbytes" : 5023744,
        "bw_bytes" : 642878512,
        "bw" : 627811,
        "iops" : 306.548363,
        "runtime" : 8002,
        "total_ios" : 2453,
        "short_ios" : 0,
        "drop_ios" : 0,
        "slat_ns" : {
          "min" : 0,
          "max" : 0,
          "mean" : 0.000000,
          "stddev" : 0.000000,
          "N" : 0
        },
        "clat_ns" : {
          "min" : 1386354,
          "max" : 3647882,
          "mean" : 3259525.056258,
          "stddev" : 137224.451303,
          "N" : 2453,
          "percentile" : {
            "1.000000" : 2768896,
            "5.000000" : 3227648,
            "10.000000" : 3260416,
            "20.000000" : 3260416,
            "30.000000" : 3260416,
            "40.000000" : 3260416,
            "50.000000" : 3260416,
            "60.000000" : 3260416,
            "70.000000" : 3260416,
            "80.000000" : 3293184,
            "90.000000" : 3293184,
            "95.000000" : 3293184,
            "99.000000" : 3293184,
            "99.500000" : 3325952,
            "99.900000" : 3391488,
            "99.950000" : 3391488,
            "99.990000" : 3653632
          }
        },
        "lat_ns" : {
          "min" : 1386659,
          "max" : 3648178,
          "mean" : 3259749.534040,
          "stddev" : 137224.959078,
          "N" : 2453
        },
        "bw_min" : 622592,
        "bw_max" : 630784,
        "bw_agg" : 50.025520,
        "bw_mean" : 628053.333333,
        "bw_dev" : 2528.106086,
        "bw_samples" : 15,
        "iops_min" : 304,
        "iops_max" : 308,
        "iops_mean" : 306.666667,
        "iops_stddev" : 1.234427,
        "iops_samples" : 15
      },
      "write" : {
        "io_bytes" : 0,
        "io_kbytes" : 0,
        "bw_bytes" : 0,
        "bw" : 0,
        "iops" : 0.000000,
        "runtime" : 0,
        "total_ios" : 0,
        "short_ios" : 0,
        "drop_ios" : 0,
        "slat_ns" : {
          "min" : 0,
          "max" : 0,
          "mean" : 0.000000,
          "stddev" : 0.000000,
          "N" : 0
        },
        "clat_ns" : {
          "min" : 0,
          "max" : 0,
          "mean" : 0.000000,
          "stddev" : 0.000000,
          "N" : 0
        },
        "lat_ns" : {
          "min" : 0,
          "max" : 0,
          "mean" : 0.000000,
          "stddev" : 0.000000,
          "N" : 0
        },
        "bw_min" : 0,
        "bw_max" : 0,
        "bw_agg" : 0.000000,
        "bw_mean" : 0.000000,
        "bw_dev" : 0.000000,
        "bw_samples" : 0,
        "iops_min" : 0,
        "iops_max" : 0,
        "iops_mean" : 0.000000,
        "iops_stddev" : 0.000000,
        "iops_samples" : 0
      },
      "trim" : {
        "io_bytes" : 0,
        "io_kbytes" : 0,
        "bw_bytes" : 0,
        "bw" : 0,
        "iops" : 0.000000,
        "runtime" : 0,
        "total_ios" : 0,
        "short_ios" : 0,
        "drop_ios" : 0,
        "slat_ns" : {
          "min" : 0,
          "max" : 0,
          "mean" : 0.000000,
          "stddev" : 0.000000,
          "N" : 0
        },
        "clat_ns" : {
          "min" : 0,
          "max" : 0,
          "mean" : 0.000000,
          "stddev" : 0.000000,
          "N" : 0
        },
        "lat_ns" : {
          "min" : 0,
          "max" : 0,
          "mean" : 0.000000,
          "stddev" : 0.000000,
          "N" : 0
        },
        "bw_min" : 0,
        "bw_max" : 0,
        "bw_agg" : 0.000000,
        "bw_mean" : 0.000000,
        "bw_dev" : 0.000000,
        "bw_samples" : 0,
        "iops_min" : 0,
        "iops_max" : 0,
        "iops_mean" : 0.000000,
        "iops_stddev" : 0.000000,
        "iops_samples" : 0
      },
      "sync" : {
        "total_ios" : 0,
        "lat_ns" : {
          "min" : 0,
          "max" : 0,
          "mean" : 0.000000,
          "stddev" : 0.000000,
          "N" : 0
        }
      },
      "job_runtime" : 8001,
      "usr_cpu" : 0.124984,
      "sys_cpu" : 2.149731,
      "ctx" : 2457,
      "majf" : 0,
      "minf" : 525,
      "iodepth_level" : {
        "1" : 100.000000,
        "2" : 0.000000,
        "4" : 0.000000,
        "8" : 0.000000,
        "16" : 0.000000,
        "32" : 0.000000,
        ">=64" : 0.000000
      },
      "iodepth_submit" : {
        "0" : 0.000000,
        "4" : 100.000000,
        "8" : 0.000000,
        "16" : 0.000000,
        "32" : 0.000000,
        "64" : 0.000000,
        ">=64" : 0.000000
      },
      "iodepth_complete" : {
        "0" : 0.000000,
        "4" : 100.000000,
        "8" : 0.000000,
        "16" : 0.000000,
        "32" : 0.000000,
        "64" : 0.000000,
        ">=64" : 0.000000
      },
      "latency_ns" : {
        "2" : 0.000000,
        "4" : 0.000000,
        "10" : 0.000000,
        "20" : 0.000000,
        "50" : 0.000000,
        "100" : 0.000000,
        "250" : 0.000000,
        "500" : 0.000000,
        "750" : 0.000000,
        "1000" : 0.000000
      },
      "latency_us" : {
        "2" : 0.000000,
        "4" : 0.000000,
        "10" : 0.000000,
        "20" : 0.000000,
        "50" : 0.000000,
        "100" : 0.000000,
        "250" : 0.000000,
        "500" : 0.000000,
        "750" : 0.000000,
        "1000" : 0.000000
      },
      "latency_ms" : {
        "2" : 0.570730,
        "4" : 99.429270,
        "10" : 0.000000,
        "20" : 0.000000,
        "50" : 0.000000,
        "100" : 0.000000,
        "250" : 0.000000,
        "500" : 0.000000,
        "750" : 0.000000,
        "1000" : 0.000000,
        "2000" : 0.000000,
        ">=2000" : 0.000000
      },
      "latency_depth" : 1,
      "latency_target" : 0,
      "latency_percentile" : 100.000000,
      "latency_window" : 0
    },
    {
      "jobname" : "zone8_read",
      "groupid" : 0,
      "error" : 0,
      "eta" : 0,
      "elapsed" : 9,
      "job options" : {
        "ioengine" : "psync",
        "bs" : "2m",
        "rw" : "read",
        "offset" : "8z",
        "runtime" : "8"
      },
      "read" : {
        "io_bytes" : 5144313856,
        "io_kbytes" : 5023744,
        "bw_bytes" : 642798182,
        "bw" : 627732,
        "iops" : 306.510059,
        "runtime" : 8003,
        "total_ios" : 2453,
        "short_ios" : 0,
        "drop_ios" : 0,
        "slat_ns" : {
          "min" : 0,
          "max" : 0,
          "mean" : 0.000000,
          "stddev" : 0.000000,
          "N" : 0
        },
        "clat_ns" : {
          "min" : 1390660,
          "max" : 5471349,
          "mean" : 3261114.640440,
          "stddev" : 143955.760841,
          "N" : 2453,
          "percentile" : {
            "1.000000" : 2768896,
            "5.000000" : 3260416,
            "10.000000" : 3260416,
            "20.000000" : 3260416,
            "30.000000" : 3260416,
            "40.000000" : 3260416,
            "50.000000" : 3260416,
            "60.000000" : 3260416,
            "70.000000" : 3293184,
            "80.000000" : 3293184,
            "90.000000" : 3293184,
            "95.000000" : 3293184,
            "99.000000" : 3293184,
            "99.500000" : 3293184,
            "99.900000" : 3358720,
            "99.950000" : 3424256,
            "99.990000" : 5472256
          }
        },
        "lat_ns" : {
          "min" : 1390709,
          "max" : 5471539,
          "mean" : 3261252.889523,
          "stddev" : 143955.028478,