{
  "fio version" : "fio-3.35",
  "timestamp" : 1702386321,
  "timestamp_ms" : 1702386321027,
  "time" : "Tue Dec 12 13:05:21 2023",
  "global options" : {
    "direct" : "1",
    "zonemode" : "zbd",
    "name" : "diff_bs",
    "iodepth" : "1",
    "size" : "1z",
    "filename" : "/dev/nvme0n1"
  },
  "jobs" : [
    {
      "jobname" : "zone0_read",
      "groupid" : 0,
      "error" : 0,
      "eta" : 0,
      "elapsed" : 9,
      "job options" : {
        "ioengine" : "psync",
        "bs" : "2m",
        "rw" : "read",
        "offset" : "0z",
        "runtime" : "8"
      },
      "read" : {
        "io_bytes" : 2596274176,
        "io_kbytes" : 2535424,
        "bw_bytes" : 324453158,
        "bw" : 316848,
        "iops" : 154.711322,
        "runtime" : 8002,
        "total_ios" : 1238,
        "short_ios" : 0,
        "drop_ios" : 0,
        "slat_ns" : {
          "min" : 0,
          "max" : 0,
          "mean" : 0.000000,
          "stddev" : 0.000000,
          "N" : 0
        },
        "clat_ns" : {
          "min" : 3038937,
          "max" : 6540495,
          "mean" : 6461407.870759,
          "stddev" : 281002.998780,
          "N" : 1238,
          "percentile" : {
            "1.000000" : 4620288,
            "5.000000" : 6455296,
            "10.000000" : 6455296,
            "20.000000" : 6455296,
            "30.000000" : 6520832,
            "40.000000" : 6520832,
            "50.000000" : 6520832,
            "60.000000" : 6520832,
            "70.000000" : 6520832,
            "80.000000" : 6520832,
            "90.000000" : 6520832,
            "95.000000" : 6520832,
            "99.000000" : 6520832,
            "99.500000" : 6520832,
            "99.900000" : 6520832,
            "99.950000" : 6520832,
            "99.990000" : 6520832
          }
        },
        "lat_ns" : {
          "min" : 3038994,
          "max" : 6540532,
          "mean" : 6461598.744750,
          "stddev" : 280991.370415,
          "N" : 1238
        },
        "bw_min" : 315392,
        "bw_max" : 323584,
        "bw_agg" : 50.047352,
        "bw_mean" : 317030.400000,
        "bw_dev" : 3017.885277,
        "bw_samples" : 15,
        "iops_min" : 154,
        "iops_max" : 158,
        "iops_mean" : 154.800000,
        "iops_stddev" : 1.473577,
        "iops_samples" : 15
      },
      "write" : {
        "io_bytes" : 0,
        "io_kbytes" : 0,
        "bw_bytes" : 0,
        "bw" : 0,
        "iops" : 0.000000,
        "runtime" : 0,
        "total_ios" : 0,
        "short_ios" : 0,
        "drop_ios" : 0,
        "slat_ns" : {
          "min" : 0,
          "max" : 0,
          "mean" : 0.000000,
          "stddev" : 0.000000,
          "N" : 0
        },
        "clat_ns" : {
          "min" : 0,
          "max" : 0,
          "mean" : 0.000000,
          "stddev" : 0.000000,
          "N" : 0
        },
        "lat_ns" : {
          "min" : 0,
          "max" : 0,
          "mean" : 0.000000,
          "stddev" : 0.000000,
          "N" : 0
        },
        "bw_min" : 0,
        "bw_max" : 0,
        "bw_agg" : 0.000000,
        "bw_mean" : 0.000000,
        "bw_dev" : 0.000000,
        "bw_samples" : 0,
        "iops_min" : 0,
        "iops_max" : 0,
        "iops_mean" : 0.000000,
        "iops_stddev" : 0.000000,
        "iops_samples" : 0
      },
      "trim" : {
        "io_bytes" : 0,
        "io_kbytes" : 0,
        "bw_bytes" : 0,
        "bw" : 0,
        "iops" : 0.000000,
        "runtime" : 0,
        "total_ios" : 0,
        "short_ios" : 0,
        "drop_ios" : 0,
        "slat_ns" : {
          "min" : 0,
          "max" : 0,
          "mean" : 0.000000,
          "stddev" : 0.000000,
          "N" : 0
        },
        "clat_ns" : {
          "min" : 0,
          "max" : 0,
          "mean" : 0.000000,
          "stddev" : 0.000000,
          "N" : 0
        },
        "lat_ns" : {
          "min" : 0,
          "max" : 0,
          "mean" : 0.000000,
          "stddev" : 0.000000,
          "N" : 0
        },
        "bw_min" : 0,
        "bw_max" : 0,
        "bw_agg" : 0.000000,
        "bw_mean" : 0.000000,
        "bw_dev" : 0.000000,
        "bw_samples" : 0,
        "iops_min" : 0,
        "iops_max" : 0,
        "iops_mean" : 0.000000,
        "iops_stddev" : 0.000000,
        "iops_samples" : 0
      },
      "sync" : {
        "total_ios" : 0,
        "lat_ns" : {
          "min" : 0,
          "max" : 0,
          "mean" : 0.000000,
          "stddev" : 0.000000,
          "N" : 0
        }
      },
      "job_runtime" : 8001,
      "usr_cpu" : 0.137483,
      "sys_cpu" : 0.724909,
      "ctx" : 1238,
      "majf" : 0,
      "minf" : 524,
      "iodepth_level" : {
        "1" : 100.000000,
        "2" : 0.000000,
        "4" : 0.000000,
        "8" : 0.000000,
        "16" : 0.000000,
        "32" : 0.000000,
        ">=64" : 0.000000
      },
      "iodepth_submit" : {
        "0" : 0.000000,
        "4" : 100.000000,
        "8" : 0.000000,
        "16" : 0.000000,
        "32" : 0.000000,
        "64" : 0.000000,
        ">=64" : 0.000000
      },
      "iodepth_complete" : {
        "0" : 0.000000,
        "4" : 100.000000,
        "8" : 0.000000,
        "16" : 0.000000,
        "32" : 0.000000,
        "64" : 0.000000,
        ">=64" : 0.000000
      },
      "latency_ns" : {
        "2" : 0.000000,
        "4" : 0.000000,
        "10" : 0.000000,
        "20" : 0.000000,
        "50" : 0.000000,
        "100" : 0.000000,
        "250" : 0.000000,
        "500" : 0.000000,
        "750" : 0.000000,
        "1000" : 0.000000
      },
      "latency_us" : {
        "2" : 0.000000,
        "4" : 0.000000,
        "10" : 0.000000,
        "20" : 0.000000,
        "50" : 0.000000,
        "100" : 0.000000,
        "250" : 0.000000,
        "500" : 0.000000,
        "750" : 0.000000,
        "1000" : 0.000000
      },
      "latency_ms" : {
        "2" : 0.000000,
        "4" : 0.323102,
        "10" : 99.676898,
        "20" : 0.000000,
        "50" : 0.000000,
        "100" : 0.000000,
        "250" : 0.000000,
        "500" : 0.000000,
        "750" : 0.000000,
        "1000" : 0.000000,
        "2000" : 0.000000,
        ">=2000" : 0.000000
      },
      "latency_depth" : 1,
      "latency_target" : 0,
      "latency_percentile" : 100.000000,
      "latency_window" : 0
    },
    {
      "jobname" : "zone16_read",
      "groupid" : 0,
      "error" : 0,
      "eta" : 0,
      "elapsed" : 9,
      "job options" : {
        "ioengine" : "psync",
        "bs" : "2m",
        "rw" : "read",
        "offset" : "16z",
        "runtime" : "8"
      },
      "read" : {
        "io_bytes" : 2596274176,
        "io_kbytes" : 2535424,
        "bw_bytes" : 324331564,
        "bw" : 316730,
        "iops" : 154.653342,
        "runtime" : 8005,
        "total_ios" : 1238,
        "short_ios" : 0,
        "drop_ios" : 0,
        "slat_ns" : {
          "min" : 0,
          "max" : 0,
          "mean" : 0.000000,
          "stddev" : 0.000000,
          "N" : 0
        },
        "clat_ns" : {
          "min" : 2424503,
          "max" : 6750523,
          "mean" : 6464945.672859,
          "stddev" : 293842.165091,
          "N" : 1238,
          "percentile" : {
            "1.000000" : 5668864,
            "5.000000" : 6455296,
            "10.000000" : 6520832,
            "20.000000" : 6520832,
            "30.000000" : 6520832,
            "40.000000" : 6520832,
            "50.000000" : 6520832,
            "60.000000" : 6520832,
            "70.000000" : 6520832,
            "80.000000" : 6520832,
            "90.000000" : 6520832,
            "95.000000" : 6520832,
            "99.000000" : 6520832,
            "99.500000" : 6520832,
            "99.900000" : 6520832,
            "99.950000" : 6782976,
            "99.990000" : 6782976
          }
        },
        "lat_ns" : {
          "min" : 2424568,
          "max" : 6750706,
          "mean" : 6465022.883683,
          "stddev" : 293844.176750,