{
  "fio version" : "fio-3.35",
  "timestamp" : 1702386280,
  "timestamp_ms" : 1702386280658,
  "time" : "Tue Dec 12 13:04:40 2023",
  "global options" : {
    "direct" : "1",
    "zonemode" : "zbd",
    "name" : "diff_bs",
    "iodepth" : "1",
    "size" : "1z",
    "filename" : "/dev/nvme0n1"
  },
  "jobs" : [
    {
      "jobname" : "zone0_read",
      "groupid" : 0,
      "error" : 0,
      "eta" : 0,
      "elapsed" : 9,
      "job options" : {
        "ioengine" : "psync",
        "bs" : "2m",
        "rw" : "read",
        "offset" : "0z",
        "runtime" : "8"
      },
      "read" : {
        "io_bytes" : 4974444544,
        "io_kbytes" : 4857856,
        "bw_bytes" : 621727852,
        "bw" : 607156,
        "iops" : 296.462942,
        "runtime" : 8001,
        "total_ios" : 2372,
        "short_ios" : 0,
        "drop_ios" : 0,
        "slat_ns" : {
          "min" : 0,
          "max" : 0,
          "mean" : 0.000000,
          "stddev" : 0.000000,
          "N" : 0
        },
        "clat_ns" : {
          "min" : 2308545,
          "max" : 5638508,
          "mean" : 3371991.747049,
          "stddev" : 171752.667430,
          "N" : 2372,
          "percentile" : {
            "1.000000" : 2965504,
            "5.000000" : 3325952,
            "10.000000" : 3325952,
            "20.000000" : 3358720,
            "30.000000" : 3358720,
            "40.000000" : 3358720,
            "50.000000" : 3358720,
            "60.000000" : 3391488,
            "70.000000" : 3391488,
            "80.000000" : 3391488,
            "90.000000" : 3391488,
            "95.000000" : 3391488,
            "99.000000" : 3883008,
            "99.500000" : 4554752,
            "99.900000" : 5603328,
            "99.950000" : 5603328,
            "99.990000" : 5668864
          }
        },
        "lat_ns" : {
          "min" : 2308572,
          "max" : 5638568,
          "mean" : 3372085.882378,
          "stddev" : 171757.431446,
          "N" : 2372
        },
        "bw_min" : 598016,
        "bw_max" : 614400,
        "bw_agg" : 49.899580,
        "bw_mean" : 607573.333333,
        "bw_dev" : 4286.612427,
        "bw_samples" : 15,
        "iops_min" : 292,
        "iops_max" : 300,
        "iops_mean" : 296.666667,
        "iops_stddev" : 2.093072,
        "iops_samples" : 15
      },
      "write" : {
        "io_bytes" : 0,
        "io_kbytes" : 0,
        "bw_bytes" : 0,
        "bw" : 0,
        "iops" : 0.000000,
        "runtime" : 0,
        "total_ios" : 0,
        "short_ios" : 0,
        "drop_ios" : 0,
        "slat_ns" : {
          "min" : 0,
          "max" : 0,
          "mean" : 0.000000,
          "stddev" : 0.000000,
          "N" : 0
        },
        "clat_ns" : {
          "min" : 0,
          "max" : 0,
          "mean" : 0.000000,
          "stddev" : 0.000000,
          "N" : 0
        },
        "lat_ns" : {
          "min" : 0,
          "max" : 0,
          "mean" : 0.000000,
          "stddev" : 0.000000,
          "N" : 0
        },
        "bw_min" : 0,
        "bw_max" : 0,
        "bw_agg" : 0.000000,
        "bw_mean" : 0.000000,
        "bw_dev" : 0.000000,
        "bw_samples" : 0,
        "iops_min" : 0,
        "iops_max" : 0,
        "iops_mean" : 0.000000,
        "iops_stddev" : 0.000000,
        "iops_samples" : 0
      },
      "trim" : {
        "io_bytes" : 0,
        "io_kbytes" : 0,
        "bw_bytes" : 0,
        "bw" : 0,
        "iops" : 0.000000,
        "runtime" : 0,
        "total_ios" : 0,
        "short_ios" : 0,
        "drop_ios" : 0,
        "slat_ns" : {
          "min" : 0,
          "max" : 0,
          "mean" : 0.000000,
          "stddev" : 0.000000,
          "N" : 0
        },
        "clat_ns" : {
          "min" : 0,
          "max" : 0,
          "mean" : 0.000000,
          "stddev" : 0.000000,
          "N" : 0
        },
        "lat_ns" : {
          "min" : 0,
          "max" : 0,
          "mean" : 0.000000,
          "stddev" : 0.000000,
          "N" : 0
        },
        "bw_min" : 0,
        "bw_max" : 0,
        "bw_agg" : 0.000000,
        "bw_mean" : 0.000000,
        "bw_dev" : 0.000000,
        "bw_samples" : 0,
        "iops_min" : 0,
        "iops_max" : 0,
        "iops_mean" : 0.000000,
        "iops_stddev" : 0.000000,
        "iops_samples" : 0
      },
      "sync" : {
        "total_ios" : 0,
        "lat_ns" : {
          "min" : 0,
          "max" : 0,
          "mean" : 0.000000,
          "stddev" : 0.000000,
          "N" : 0
        }
      },
      "job_runtime" : 8000,
      "usr_cpu" : 0.050000,
      "sys_cpu" : 1.300000,
      "ctx" : 2373,
      "majf" : 0,
      "minf" : 525,
      "iodepth_level" : {
        "1" : 100.000000,
        "2" : 0.000000,
        "4" : 0.000000,
        "8" : 0.000000,
        "16" : 0.000000,
        "32" : 0.000000,
        ">=64" : 0.000000
      },
      "iodepth_submit" : {
        "0" : 0.000000,
        "4" : 100.000000,
        "8" : 0.000000,
        "16" : 0.000000,
        "32" : 0.000000,
        "64" : 0.000000,
        ">=64" : 0.000000
      },
      "iodepth_complete" : {
        "0" : 0.000000,
        "4" : 100.000000,
        "8" : 0.000000,
        "16" : 0.000000,
        "32" : 0.000000,
        "64" : 0.000000,
        ">=64" : 0.000000
      },
      "latency_ns" : {
        "2" : 0.000000,
        "4" : 0.000000,
        "10" : 0.000000,
        "20" : 0.000000,
        "50" : 0.000000,
        "100" : 0.000000,
        "250" : 0.000000,
        "500" : 0.000000,
        "750" : 0.000000,
        "1000" : 0.000000
      },
      "latency_us" : {
        "2" : 0.000000,
        "4" : 0.000000,
        "10" : 0.000000,
        "20" : 0.000000,
        "50" : 0.000000,
        "100" : 0.000000,
        "250" : 0.000000,
        "500" : 0.000000,
        "750" : 0.000000,
        "1000" : 0.000000
      },
      "latency_ms" : {
        "2" : 0.000000,
        "4" : 99.114671,
        "10" : 0.885329,
        "20" : 0.000000,
        "50" : 0.000000,
        "100" : 0.000000,
        "250" : 0.000000,
        "500" : 0.000000,
        "750" : 0.000000,
        "1000" : 0.000000,
        "2000" : 0.000000,
        ">=2000" : 0.000000
      },
      "latency_depth" : 1,
      "latency_target" : 0,
      "latency_percentile" : 100.000000,
      "latency_window" : 0
    },
    {
      "jobname" : "zone1_read",
      "groupid" : 0,
      "error" : 0,
      "eta" : 0,
      "elapsed" : 9,
      "job options" : {
        "ioengine" : "psync",
        "bs" : "2m",
        "rw" : "read",
        "offset" : "1z",
        "runtime" : "8"
      },
      "read" : {
        "io_bytes" : 5003804672,
        "io_kbytes" : 4886528,
        "bw_bytes" : 625241118,
        "bw" : 610587,
        "iops" : 298.138198,
        "runtime" : 8003,
        "total_ios" : 2386,
        "short_ios" : 0,
        "drop_ios" : 0,
        "slat_ns" : {
          "min" : 0,
          "max" : 0,
          "mean" : 0.000000,
          "stddev" : 0.000000,
          "N" : 0
        },
        "clat_ns" : {
          "min" : 1746130,
          "max" : 5635452,
          "mean" : 3353002.337385,
          "stddev" : 217583.345018,
          "N" : 2386,
          "percentile" : {
            "1.000000" : 2670592,
            "5.000000" : 3325952,
            "10.000000" : 3325952,
            "20.000000" : 3325952,
            "30.000000" : 3358720,
            "40.000000" : 3358720,
            "50.000000" : 3358720,
            "60.000000" : 3358720,
            "70.000000" : 3358720,
            "80.000000" : 3391488,
            "90.000000" : 3391488,
            "95.000000" : 3424256,
            "99.000000" : 4292608,
            "99.500000" : 4947968,
            "99.900000" : 5603328,
            "99.950000" : 5603328,
            "99.990000" : 5603328
          }
        },
        "lat_ns" : {
          "min" : 1746166,
          "max" : 5635513,
          "mean" : 3353087.756496,
          "stddev" : 217586.772750,