{
  "fio version" : "fio-3.35",
  "timestamp" : 1702386299,
  "timestamp_ms" : 1702386299786,
  "time" : "Tue Dec 12 13:04:59 2023",
  "global options" : {
    "direct" : "1",
    "zonemode" : "zbd",
    "name" : "diff_bs",
    "iodepth" : "1",
    "size" : "1z",
    "filename" : "/dev/nvme0n1"
  },
  "jobs" : [
    {
      "jobname" : "zone0_read",
      "groupid" : 0,
      "error" : 0,
      "eta" : 0,
      "elapsed" : 9,
      "job options" : {
        "ioengine" : "psync",
        "bs" : "2m",
        "rw" : "read",
        "offset" : "0z",
        "runtime" : "8"
      },
      "read" : {
        "io_bytes" : 5031067648,
        "io_kbytes" : 4913152,
        "bw_bytes" : 628569171,
        "bw" : 613837,
        "iops" : 299.725137,
        "runtime" : 8004,
        "total_ios" : 2399,
        "short_ios" : 0,
        "drop_ios" : 0,
        "slat_ns" : {
          "min" : 0,
          "max" : 0,
          "mean" : 0.000000,
          "stddev" : 0.000000,
          "N" : 0
        },
        "clat_ns" : {
          "min" : 2059354,
          "max" : 3516924,
          "mean" : 3335268.559817,
          "stddev" : 111300.037013,
          "N" : 2399,
          "percentile" : {
            "1.000000" : 2768896,
            "5.000000" : 3325952,
            "10.000000" : 3325952,
            "20.000000" : 3325952,
            "30.000000" : 3325952,
            "40.000000" : 3325952,
            "50.000000" : 3358720,
            "60.000000" : 3358720,
            "70.000000" : 3358720,
            "80.000000" : 3358720,
            "90.000000" : 3358720,
            "95.000000" : 3358720,
            "99.000000" : 3391488,
            "99.500000" : 3424256,
            "99.900000" : 3489792,
            "99.950000" : 3489792,
            "99.990000" : 3522560
          }
        },
        "lat_ns" : {
          "min" : 2059391,
          "max" : 3517661,
          "mean" : 3335347.646519,
          "stddev" : 111304.647054,
          "N" : 2399
        },
        "bw_min" : 610304,
        "bw_max" : 618496,
        "bw_agg" : 49.827601,
        "bw_mean" : 613888.000000,
        "bw_dev" : 2048.000000,
        "bw_samples" : 16,
        "iops_min" : 298,
        "iops_max" : 302,
        "iops_mean" : 299.750000,
        "iops_stddev" : 1.000000,
        "iops_samples" : 16
      },
      "write" : {
        "io_bytes" : 0,
        "io_kbytes" : 0,
        "bw_bytes" : 0,
        "bw" : 0,
        "iops" : 0.000000,
        "runtime" : 0,
        "total_ios" : 0,
        "short_ios" : 0,
        "drop_ios" : 0,
        "slat_ns" : {
          "min" : 0,
          "max" : 0,
          "mean" : 0.000000,
          "stddev" : 0.000000,
          "N" : 0
        },
        "clat_ns" : {
          "min" : 0,
          "max" : 0,
          "mean" : 0.000000,
          "stddev" : 0.000000,
          "N" : 0
        },
        "lat_ns" : {
          "min" : 0,
          "max" : 0,
          "mean" : 0.000000,
          "stddev" : 0.000000,
          "N" : 0
        },
        "bw_min" : 0,
        "bw_max" : 0,
        "bw_agg" : 0.000000,
        "bw_mean" : 0.000000,
        "bw_dev" : 0.000000,
        "bw_samples" : 0,
        "iops_min" : 0,
        "iops_max" : 0,
        "iops_mean" : 0.000000,
        "iops_stddev" : 0.000000,
        "iops_samples" : 0
      },
      "trim" : {
        "io_bytes" : 0,
        "io_kbytes" : 0,
        "bw_bytes" : 0,
        "bw" : 0,
        "iops" : 0.000000,
        "runtime" : 0,
        "total_ios" : 0,
        "short_ios" : 0,
        "drop_ios" : 0,
        "slat_ns" : {
          "min" : 0,
          "max" : 0,
          "mean" : 0.000000,
          "stddev" : 0.000000,
          "N" : 0
        },
        "clat_ns" : {
          "min" : 0,
          "max" : 0,
          "mean" : 0.000000,
          "stddev" : 0.000000,
          "N" : 0
        },
        "lat_ns" : {
          "min" : 0,
          "max" : 0,
          "mean" : 0.000000,
          "stddev" : 0.000000,
          "N" : 0
        },
        "bw_min" : 0,
        "bw_max" : 0,
        "bw_agg" : 0.000000,
        "bw_mean" : 0.000000,
        "bw_dev" : 0.000000,
        "bw_samples" : 0,
        "iops_min" : 0,
        "iops_max" : 0,
        "iops_mean" : 0.000000,
        "iops_stddev" : 0.000000,
        "iops_samples" : 0
      },
      "sync" : {
        "total_ios" : 0,
        "lat_ns" : {
          "min" : 0,
          "max" : 0,
          "mean" : 0.000000,
          "stddev" : 0.000000,
          "N" : 0
        }
      },
      "job_runtime" : 8003,
      "usr_cpu" : 0.000000,
      "sys_cpu" : 1.424466,
      "ctx" : 2399,
      "majf" : 0,
      "minf" : 522,
      "iodepth_level" : {
        "1" : 100.000000,
        "2" : 0.000000,
        "4" : 0.000000,
        "8" : 0.000000,
        "16" : 0.000000,
        "32" : 0.000000,
        ">=64" : 0.000000
      },
      "iodepth_submit" : {
        "0" : 0.000000,
        "4" : 100.000000,
        "8" : 0.000000,
        "16" : 0.000000,
        "32" : 0.000000,
        "64" : 0.000000,
        ">=64" : 0.000000
      },
      "iodepth_complete" : {
        "0" : 0.000000,
        "4" : 100.000000,
        "8" : 0.000000,
        "16" : 0.000000,
        "32" : 0.000000,
        "64" : 0.000000,
        ">=64" : 0.000000
      },
      "latency_ns" : {
        "2" : 0.000000,
        "4" : 0.000000,
        "10" : 0.000000,
        "20" : 0.000000,
        "50" : 0.000000,
        "100" : 0.000000,
        "250" : 0.000000,
        "500" : 0.000000,
        "750" : 0.000000,
        "1000" : 0.000000
      },
      "latency_us" : {
        "2" : 0.000000,
        "4" : 0.000000,
        "10" : 0.000000,
        "20" : 0.000000,
        "50" : 0.000000,
        "100" : 0.000000,
        "250" : 0.000000,
        "500" : 0.000000,
        "750" : 0.000000,
        "1000" : 0.000000
      },
      "latency_ms" : {
        "2" : 0.000000,
        "4" : 100.000000,
        "10" : 0.000000,
        "20" : 0.000000,
        "50" : 0.000000,
        "100" : 0.000000,
        "250" : 0.000000,
        "500" : 0.000000,
        "750" : 0.000000,
        "1000" : 0.000000,
        "2000" : 0.000000,
        ">=2000" : 0.000000
      },
      "latency_depth" : 1,
      "latency_target" : 0,
      "latency_percentile" : 100.000000,
      "latency_window" : 0
    },
    {
      "jobname" : "zone4_read",
      "groupid" : 0,
      "error" : 0,
      "eta" : 0,
      "elapsed" : 9,
      "job options" : {
        "ioengine" : "psync",
        "bs" : "2m",
        "rw" : "read",
        "offset" : "4z",
        "runtime" : "8"
      },
      "read" : {
        "io_bytes" : 5066719232,
        "io_kbytes" : 4947968,
        "bw_bytes" : 633260746,
        "bw" : 618418,
        "iops" : 301.962255,
        "runtime" : 8001,
        "total_ios" : 2416,
        "short_ios" : 0,
        "drop_ios" : 0,
        "slat_ns" : {
          "min" : 0,
          "max" : 0,
          "mean" : 0.000000,
          "stddev" : 0.000000,
          "N" : 0
        },
        "clat_ns" : {
          "min" : 1792437,
          "max" : 4078382,
          "mean" : 3310432.423841,
          "stddev" : 194564.894398,
          "N" : 2416,
          "percentile" : {
            "1.000000" : 2023424,
            "5.000000" : 3325952,
            "10.000000" : 3325952,
            "20.000000" : 3325952,
            "30.000000" : 3325952,
            "40.000000" : 3325952,
            "50.000000" : 3325952,
            "60.000000" : 3358720,
            "70.000000" : 3358720,
            "80.000000" : 3358720,
            "90.000000" : 3358720,
            "95.000000" : 3391488,
            "99.000000" : 3424256,
            "99.500000" : 3424256,
            "99.900000" : 3883008,
            "99.950000" : 3883008,
            "99.990000" : 4079616
          }
        },
        "lat_ns" : {
          "min" : 1792482,
          "max" : 4078642,
          "mean" : 3310521.441639,
          "stddev" : 194566.402241,