{
  "fio version" : "fio-3.35",
  "timestamp" : 1702386310,
  "timestamp_ms" : 1702386310350,
  "time" : "Tue Dec 12 13:05:10 2023",
  "global options" : {
    "direct" : "1",
    "zonemode" : "zbd",
    "name" : "diff_bs",
    "iodepth" : "1",
    "size" : "1z",
    "filename" : "/dev/nvme0n1"
  },
  "jobs" : [
    {
      "jobname" : "zone0_read",
      "groupid" : 0,
      "error" : 0,
      "eta" : 0,
      "elapsed" : 9,
      "job options" : {
        "ioengine" : "psync",
        "bs" : "2m",
        "rw" : "read",
        "offset" : "0z",
        "runtime" : "8"
      },
      "read" : {
        "io_bytes" : 2594177024,
        "io_kbytes" : 2533376,
        "bw_bytes" : 324110072,
        "bw" : 316513,
        "iops" : 154.547726,
        "runtime" : 8004,
        "total_ios" : 1237,
        "short_ios" : 0,
        "drop_ios" : 0,
        "slat_ns" : {
          "min" : 0,
          "max" : 0,
          "mean" : 0.000000,
          "stddev" : 0.000000,
          "N" : 0
        },
        "clat_ns" : {
          "min" : 3265181,
          "max" : 6594667,
          "mean" : 6468041.687955,
          "stddev" : 252510.174596,
          "N" : 1237,
          "percentile" : {
            "1.000000" : 4685824,
            "5.000000" : 6455296,
            "10.000000" : 6455296,
            "20.000000" : 6455296,
            "30.000000" : 6520832,
            "40.000000" : 6520832,
            "50.000000" : 6520832,
            "60.000000" : 6520832,
            "70.000000" : 6520832,
            "80.000000" : 6520832,
            "90.000000" : 6520832,
            "95.000000" : 6520832,
            "99.000000" : 6520832,
            "99.500000" : 6520832,
            "99.900000" : 6586368,
            "99.950000" : 6586368,
            "99.990000" : 6586368
          }
        },
        "lat_ns" : {
          "min" : 3265300,
          "max" : 6594706,
          "mean" : 6468203.652385,
          "stddev" : 252508.663156,
          "N" : 1237
        },
        "bw_min" : 311296,
        "bw_max" : 323584,
        "bw_agg" : 50.050545,
        "bw_mean" : 316715.333333,
        "bw_dev" : 3366.623036,
        "bw_samples" : 15,
        "iops_min" : 152,
        "iops_max" : 158,
        "iops_mean" : 154.600000,
        "iops_stddev" : 1.681836,
        "iops_samples" : 15
      },
      "write" : {
        "io_bytes" : 0,
        "io_kbytes" : 0,
        "bw_bytes" : 0,
        "bw" : 0,
        "iops" : 0.000000,
        "runtime" : 0,
        "total_ios" : 0,
        "short_ios" : 0,
        "drop_ios" : 0,
        "slat_ns" : {
          "min" : 0,
          "max" : 0,
          "mean" : 0.000000,
          "stddev" : 0.000000,
          "N" : 0
        },
        "clat_ns" : {
          "min" : 0,
          "max" : 0,
          "mean" : 0.000000,
          "stddev" : 0.000000,
          "N" : 0
        },
        "lat_ns" : {
          "min" : 0,
          "max" : 0,
          "mean" : 0.000000,
          "stddev" : 0.000000,
          "N" : 0
        },
        "bw_min" : 0,
        "bw_max" : 0,
        "bw_agg" : 0.000000,
        "bw_mean" : 0.000000,
        "bw_dev" : 0.000000,
        "bw_samples" : 0,
        "iops_min" : 0,
        "iops_max" : 0,
        "iops_mean" : 0.000000,
        "iops_stddev" : 0.000000,
        "iops_samples" : 0
      },
      "trim" : {
        "io_bytes" : 0,
        "io_kbytes" : 0,
        "bw_bytes" : 0,
        "bw" : 0,
        "iops" : 0.000000,
        "runtime" : 0,
        "total_ios" : 0,
        "short_ios" : 0,
        "drop_ios" : 0,
        "slat_ns" : {
          "min" : 0,
          "max" : 0,
          "mean" : 0.000000,
          "stddev" : 0.000000,
          "N" : 0
        },
        "clat_ns" : {
          "min" : 0,
          "max" : 0,
          "mean" : 0.000000,
          "stddev" : 0.000000,
          "N" : 0
        },
        "lat_ns" : {
          "min" : 0,
          "max" : 0,
          "mean" : 0.000000,
          "stddev" : 0.000000,
          "N" : 0
        },
        "bw_min" : 0,
        "bw_max" : 0,
        "bw_agg" : 0.000000,
        "bw_mean" : 0.000000,
        "bw_dev" : 0.000000,
        "bw_samples" : 0,
        "iops_min" : 0,
        "iops_max" : 0,
        "iops_mean" : 0.000000,
        "iops_stddev" : 0.000000,
        "iops_samples" : 0
      },
      "sync" : {
        "total_ios" : 0,
        "lat_ns" : {
          "min" : 0,
          "max" : 0,
          "mean" : 0.000000,
          "stddev" : 0.000000,
          "N" : 0
        }
      },
      "job_runtime" : 8003,
      "usr_cpu" : 0.000000,
      "sys_cpu" : 0.987130,
      "ctx" : 1237,
      "majf" : 0,
      "minf" : 525,
      "iodepth_level" : {
        "1" : 100.000000,
        "2" : 0.000000,
        "4" : 0.000000,
        "8" : 0.000000,
        "16" : 0.000000,
        "32" : 0.000000,
        ">=64" : 0.000000
      },
      "iodepth_submit" : {
        "0" : 0.000000,
        "4" : 100.000000,
        "8" : 0.000000,
        "16" : 0.000000,
        "32" : 0.000000,
        "64" : 0.000000,
        ">=64" : 0.000000
      },
      "iodepth_complete" : {
        "0" : 0.000000,
        "4" : 100.000000,
        "8" : 0.000000,
        "16" : 0.000000,
        "32" : 0.000000,
        "64" : 0.000000,
        ">=64" : 0.000000
      },
      "latency_ns" : {
        "2" : 0.000000,
        "4" : 0.000000,
        "10" : 0.000000,
        "20" : 0.000000,
        "50" : 0.000000,
        "100" : 0.000000,
        "250" : 0.000000,
        "500" : 0.000000,
        "750" : 0.000000,
        "1000" : 0.000000
      },
      "latency_us" : {
        "2" : 0.000000,
        "4" : 0.000000,
        "10" : 0.000000,
        "20" : 0.000000,
        "50" : 0.000000,
        "100" : 0.000000,
        "250" : 0.000000,
        "500" : 0.000000,
        "750" : 0.000000,
        "1000" : 0.000000
      },
      "latency_ms" : {
        "2" : 0.000000,
        "4" : 0.323363,
        "10" : 99.676637,
        "20" : 0.000000,
        "50" : 0.000000,
        "100" : 0.000000,
        "250" : 0.000000,
        "500" : 0.000000,
        "750" : 0.000000,
        "1000" : 0.000000,
        "2000" : 0.000000,
        ">=2000" : 0.000000
      },
      "latency_depth" : 1,
      "latency_target" : 0,
      "latency_percentile" : 100.000000,
      "latency_window" : 0
    },
    {
      "jobname" : "zone8_read",
      "groupid" : 0,
      "error" : 0,
      "eta" : 0,
      "elapsed" : 9,
      "job options" : {
        "ioengine" : "psync",
        "bs" : "2m",
        "rw" : "read",
        "offset" : "8z",
        "runtime" : "8"
      },
      "read" : {
        "io_bytes" : 2594177024,
        "io_kbytes" : 2533376,
        "bw_bytes" : 323988637,
        "bw" : 316395,
        "iops" : 154.489821,
        "runtime" : 8007,
        "total_ios" : 1237,
        "short_ios" : 0,
        "drop_ios" : 0,
        "slat_ns" : {
          "min" : 0,
          "max" : 0,
          "mean" : 0.000000,
          "stddev" : 0.000000,
          "N" : 0
        },
        "clat_ns" : {
          "min" : 2430518,
          "max" : 6828599,
          "mean" : 6470638.713015,
          "stddev" : 277326.361884,
          "N" : 1237,
          "percentile" : {
            "1.000000" : 6062080,
            "5.000000" : 6455296,
            "10.000000" : 6455296,
            "20.000000" : 6455296,
            "30.000000" : 6520832,
            "40.000000" : 6520832,
            "50.000000" : 6520832,
            "60.000000" : 6520832,
            "70.000000" : 6520832,
            "80.000000" : 6520832,
            "90.000000" : 6520832,
            "95.000000" : 6520832,
            "99.000000" : 6520832,
            "99.500000" : 6520832,
            "99.900000" : 6586368,
            "99.950000" : 6848512,
            "99.990000" : 6848512
          }
        },
        "lat_ns" : {
          "min" : 2430682,
          "max" : 6828831,
          "mean" : 6470795.993533,
          "stddev" : 277320.429401,