{
  "fio version" : "fio-3.35",
  "timestamp" : 1702385588,
  "timestamp_ms" : 1702385588467,
  "time" : "Tue Dec 12 12:53:08 2023",
  "global options" : {
    "direct" : "1",
    "zonemode" : "zbd",
    "name" : "diff_bs",
    "iodepth" : "1",
    "size" : "1z",
    "filename" : "/dev/nvme0n1"
  },
  "jobs" : [
    {
      "jobname" : "zone0_read",
      "groupid" : 0,
      "error" : 0,
      "eta" : 0,
      "elapsed" : 9,
      "job options" : {
        "ioengine" : "psync",
        "bs" : "2m",
        "rw" : "read",
        "offset" : "0z",
        "runtime" : "8"
      },
      "read" : {
        "io_bytes" : 4987027456,
        "io_kbytes" : 4870144,
        "bw_bytes" : 623300519,
        "bw" : 608691,
        "iops" : 297.212848,
        "runtime" : 8001,
        "total_ios" : 2378,
        "short_ios" : 0,
        "drop_ios" : 0,
        "slat_ns" : {
          "min" : 0,
          "max" : 0,
          "mean" : 0.000000,
          "stddev" : 0.000000,
          "N" : 0
        },
        "clat_ns" : {
          "min" : 2663036,
          "max" : 5259761,
          "mean" : 3363240.292262,
          "stddev" : 132888.041437,
          "N" : 2378,
          "percentile" : {
            "1.000000" : 3194880,
            "5.000000" : 3325952,
            "10.000000" : 3325952,
            "20.000000" : 3325952,
            "30.000000" : 3325952,
            "40.000000" : 3358720,
            "50.000000" : 3358720,
            "60.000000" : 3358720,
            "70.000000" : 3358720,
            "80.000000" : 3358720,
            "90.000000" : 3391488,
            "95.000000" : 3391488,
            "99.000000" : 3489792,
            "99.500000" : 3620864,
            "99.900000" : 5275648,
            "99.950000" : 5275648,
            "99.990000" : 5275648
          }
        },
        "lat_ns" : {
          "min" : 2663072,
          "max" : 5259923,
          "mean" : 3363372.206476,
          "stddev" : 132888.389111,
          "N" : 2378
        },
        "bw_min" : 606208,
        "bw_max" : 614400,
        "bw_agg" : 49.760687,
        "bw_mean" : 608938.666667,
        "bw_dev" : 2528.106086,
        "bw_samples" : 15,
        "iops_min" : 296,
        "iops_max" : 300,
        "iops_mean" : 297.333333,
        "iops_stddev" : 1.234427,
        "iops_samples" : 15
      },
      "write" : {
        "io_bytes" : 0,
        "io_kbytes" : 0,
        "bw_bytes" : 0,
        "bw" : 0,
        "iops" : 0.000000,
        "runtime" : 0,
        "total_ios" : 0,
        "short_ios" : 0,
        "drop_ios" : 0,
        "slat_ns" : {
          "min" : 0,
          "max" : 0,
          "mean" : 0.000000,
          "stddev" : 0.000000,
          "N" : 0
        },
        "clat_ns" : {
          "min" : 0,
          "max" : 0,
          "mean" : 0.000000,
          "stddev" : 0.000000,
          "N" : 0
        },
        "lat_ns" : {
          "min" : 0,
          "max" : 0,
          "mean" : 0.000000,
          "stddev" : 0.000000,
          "N" : 0
        },
        "bw_min" : 0,
        "bw_max" : 0,
        "bw_agg" : 0.000000,
        "bw_mean" : 0.000000,
        "bw_dev" : 0.000000,
        "bw_samples" : 0,
        "iops_min" : 0,
        "iops_max" : 0,
        "iops_mean" : 0.000000,
        "iops_stddev" : 0.000000,
        "iops_samples" : 0
      },
      "trim" : {
        "io_bytes" : 0,
        "io_kbytes" : 0,
        "bw_bytes" : 0,
        "bw" : 0,
        "iops" : 0.000000,
        "runtime" : 0,
        "total_ios" : 0,
        "short_ios" : 0,
        "drop_ios" : 0,
        "slat_ns" : {
          "min" : 0,
          "max" : 0,
          "mean" : 0.000000,
          "stddev" : 0.000000,
          "N" : 0
        },
        "clat_ns" : {
          "min" : 0,
          "max" : 0,
          "mean" : 0.000000,
          "stddev" : 0.000000,
          "N" : 0
        },
        "lat_ns" : {
          "min" : 0,
          "max" : 0,
          "mean" : 0.000000,
          "stddev" : 0.000000,
          "N" : 0
        },
        "bw_min" : 0,
        "bw_max" : 0,
        "bw_agg" : 0.000000,
        "bw_mean" : 0.000000,
        "bw_dev" : 0.000000,
        "bw_samples" : 0,
        "iops_min" : 0,
        "iops_max" : 0,
        "iops_mean" : 0.000000,
        "iops_stddev" : 0.000000,
        "iops_samples" : 0
      },
      "sync" : {
        "total_ios" : 0,
        "lat_ns" : {
          "min" : 0,
          "max" : 0,
          "mean" : 0.000000,
          "stddev" : 0.000000,
          "N" : 0
        }
      },
      "job_runtime" : 8000,
      "usr_cpu" : 0.087500,
      "sys_cpu" : 1.575000,
      "ctx" : 2381,
      "majf" : 0,
      "minf" : 526,
      "iodepth_level" : {
        "1" : 100.000000,
        "2" : 0.000000,
        "4" : 0.000000,
        "8" : 0.000000,
        "16" : 0.000000,
        "32" : 0.000000,
        ">=64" : 0.000000
      },
      "iodepth_submit" : {
        "0" : 0.000000,
        "4" : 100.000000,
        "8" : 0.000000,
        "16" : 0.000000,
        "32" : 0.000000,
        "64" : 0.000000,
        ">=64" : 0.000000
      },
      "iodepth_complete" : {
        "0" : 0.000000,
        "4" : 100.000000,
        "8" : 0.000000,
        "16" : 0.000000,
        "32" : 0.000000,
        "64" : 0.000000,
        ">=64" : 0.000000
      },
      "latency_ns" : {
        "2" : 0.000000,
        "4" : 0.000000,
        "10" : 0.000000,
        "20" : 0.000000,
        "50" : 0.000000,
        "100" : 0.000000,
        "250" : 0.000000,
        "500" : 0.000000,
        "750" : 0.000000,
        "1000" : 0.000000
      },
      "latency_us" : {
        "2" : 0.000000,
        "4" : 0.000000,
        "10" : 0.000000,
        "20" : 0.000000,
        "50" : 0.000000,
        "100" : 0.000000,
        "250" : 0.000000,
        "500" : 0.000000,
        "750" : 0.000000,
        "1000" : 0.000000
      },
      "latency_ms" : {
        "2" : 0.000000,
        "4" : 99.537426,
        "10" : 0.462574,
        "20" : 0.000000,
        "50" : 0.000000,
        "100" : 0.000000,
        "250" : 0.000000,
        "500" : 0.000000,
        "750" : 0.000000,
        "1000" : 0.000000,
        "2000" : 0.000000,
        ">=2000" : 0.000000
      },
      "latency_depth" : 1,
      "latency_target" : 0,
      "latency_percentile" : 100.000000,
      "latency_window" : 0
    },
    {
      "jobname" : "zone1_read",
      "groupid" : 0,
      "error" : 0,
      "eta" : 0,
      "elapsed" : 9,
      "job options" : {
        "ioengine" : "psync",
        "bs" : "2m",
        "rw" : "read",
        "offset" : "1z",
        "runtime" : "8"
      },
      "read" : {
        "io_bytes" : 5041553408,
        "io_kbytes" : 4923392,
        "bw_bytes" : 629957941,
        "bw" : 615193,
        "iops" : 300.387355,
        "runtime" : 8003,
        "total_ios" : 2404,
        "short_ios" : 0,
        "drop_ios" : 0,
        "slat_ns" : {
          "min" : 0,
          "max" : 0,
          "mean" : 0.000000,
          "stddev" : 0.000000,
          "N" : 0
        },
        "clat_ns" : {
          "min" : 1856937,
          "max" : 5272458,
          "mean" : 3327933.127704,
          "stddev" : 236971.511508,
          "N" : 2404,
          "percentile" : {
            "1.000000" : 2113536,
            "5.000000" : 3325952,
            "10.000000" : 3325952,
            "20.000000" : 3325952,
            "30.000000" : 3325952,
            "40.000000" : 3358720,
            "50.000000" : 3358720,
            "60.000000" : 3358720,
            "70.000000" : 3358720,
            "80.000000" : 3358720,
            "90.000000" : 3391488,
            "95.000000" : 3391488,
            "99.000000" : 3883008,
            "99.500000" : 4423680,
            "99.900000" : 5275648,
            "99.950000" : 5275648,
            "99.990000" : 5275648
          }
        },
        "lat_ns" : {
          "min" : 1856982,
          "max" : 5272504,
          "mean" : 3328024.446339,
          "stddev" : 236973.078451,