{
  "fio version" : "fio-3.35",
  "timestamp" : 1702385598,
  "timestamp_ms" : 1702385598961,
  "time" : "Tue Dec 12 12:53:18 2023",
  "global options" : {
    "direct" : "1",
    "zonemode" : "zbd",
    "name" : "diff_bs",
    "iodepth" : "1",
    "size" : "1z",
    "filename" : "/dev/nvme0n1"
  },
  "jobs" : [
    {
      "jobname" : "zone0_read",
      "groupid" : 0,
      "error" : 0,
      "eta" : 0,
      "elapsed" : 9,
      "job options" : {
        "ioengine" : "psync",
        "bs" : "2m",
        "rw" : "read",
        "offset" : "0z",
        "runtime" : "8"
      },
      "read" : {
        "io_bytes" : 5047844864,
        "io_kbytes" : 4929536,
        "bw_bytes" : 630822902,
        "bw" : 616037,
        "iops" : 300.799800,
        "runtime" : 8002,
        "total_ios" : 2407,
        "short_ios" : 0,
        "drop_ios" : 0,
        "slat_ns" : {
          "min" : 0,
          "max" : 0,
          "mean" : 0.000000,
          "stddev" : 0.000000,
          "N" : 0
        },
        "clat_ns" : {
          "min" : 1779112,
          "max" : 5149265,
          "mean" : 3323237.245118,
          "stddev" : 157783.574953,
          "N" : 2407,
          "percentile" : {
            "1.000000" : 2375680,
            "5.000000" : 3325952,
            "10.000000" : 3325952,
            "20.000000" : 3325952,
            "30.000000" : 3325952,
            "40.000000" : 3358720,
            "50.000000" : 3358720,
            "60.000000" : 3358720,
            "70.000000" : 3358720,
            "80.000000" : 3358720,
            "90.000000" : 3358720,
            "95.000000" : 3358720,
            "99.000000" : 3391488,
            "99.500000" : 3424256,
            "99.900000" : 3620864,
            "99.950000" : 4423680,
            "99.990000" : 5144576
          }
        },
        "lat_ns" : {
          "min" : 1779159,
          "max" : 5149683,
          "mean" : 3323315.063980,
          "stddev" : 157786.785930,
          "N" : 2407
        },
        "bw_min" : 606208,
        "bw_max" : 622592,
        "bw_agg" : 50.011770,
        "bw_mean" : 616311.466667,
        "bw_dev" : 5333.045630,
        "bw_samples" : 15,
        "iops_min" : 296,
        "iops_max" : 304,
        "iops_mean" : 300.933333,
        "iops_stddev" : 2.604026,
        "iops_samples" : 15
      },
      "write" : {
        "io_bytes" : 0,
        "io_kbytes" : 0,
        "bw_bytes" : 0,
        "bw" : 0,
        "iops" : 0.000000,
        "runtime" : 0,
        "total_ios" : 0,
        "short_ios" : 0,
        "drop_ios" : 0,
        "slat_ns" : {
          "min" : 0,
          "max" : 0,
          "mean" : 0.000000,
          "stddev" : 0.000000,
          "N" : 0
        },
        "clat_ns" : {
          "min" : 0,
          "max" : 0,
          "mean" : 0.000000,
          "stddev" : 0.000000,
          "N" : 0
        },
        "lat_ns" : {
          "min" : 0,
          "max" : 0,
          "mean" : 0.000000,
          "stddev" : 0.000000,
          "N" : 0
        },
        "bw_min" : 0,
        "bw_max" : 0,
        "bw_agg" : 0.000000,
        "bw_mean" : 0.000000,
        "bw_dev" : 0.000000,
        "bw_samples" : 0,
        "iops_min" : 0,
        "iops_max" : 0,
        "iops_mean" : 0.000000,
        "iops_stddev" : 0.000000,
        "iops_samples" : 0
      },
      "trim" : {
        "io_bytes" : 0,
        "io_kbytes" : 0,
        "bw_bytes" : 0,
        "bw" : 0,
        "iops" : 0.000000,
        "runtime" : 0,
        "total_ios" : 0,
        "short_ios" : 0,
        "drop_ios" : 0,
        "slat_ns" : {
          "min" : 0,
          "max" : 0,
          "mean" : 0.000000,
          "stddev" : 0.000000,
          "N" : 0
        },
        "clat_ns" : {
          "min" : 0,
          "max" : 0,
          "mean" : 0.000000,
          "stddev" : 0.000000,
          "N" : 0
        },
        "lat_ns" : {
          "min" : 0,
          "max" : 0,
          "mean" : 0.000000,
          "stddev" : 0.000000,
          "N" : 0
        },
        "bw_min" : 0,
        "bw_max" : 0,
        "bw_agg" : 0.000000,
        "bw_mean" : 0.000000,
        "bw_dev" : 0.000000,
        "bw_samples" : 0,
        "iops_min" : 0,
        "iops_max" : 0,
        "iops_mean" : 0.000000,
        "iops_stddev" : 0.000000,
        "iops_samples" : 0
      },
      "sync" : {
        "total_ios" : 0,
        "lat_ns" : {
          "min" : 0,
          "max" : 0,
          "mean" : 0.000000,
          "stddev" : 0.000000,
          "N" : 0
        }
      },
      "job_runtime" : 8001,
      "usr_cpu" : 0.000000,
      "sys_cpu" : 1.412323,
      "ctx" : 2409,
      "majf" : 0,
      "minf" : 526,
      "iodepth_level" : {
        "1" : 100.000000,
        "2" : 0.000000,
        "4" : 0.000000,
        "8" : 0.000000,
        "16" : 0.000000,
        "32" : 0.000000,
        ">=64" : 0.000000
      },
      "iodepth_submit" : {
        "0" : 0.000000,
        "4" : 100.000000,
        "8" : 0.000000,
        "16" : 0.000000,
        "32" : 0.000000,
        "64" : 0.000000,
        ">=64" : 0.000000
      },
      "iodepth_complete" : {
        "0" : 0.000000,
        "4" : 100.000000,
        "8" : 0.000000,
        "16" : 0.000000,
        "32" : 0.000000,
        "64" : 0.000000,
        ">=64" : 0.000000
      },
      "latency_ns" : {
        "2" : 0.000000,
        "4" : 0.000000,
        "10" : 0.000000,
        "20" : 0.000000,
        "50" : 0.000000,
        "100" : 0.000000,
        "250" : 0.000000,
        "500" : 0.000000,
        "750" : 0.000000,
        "1000" : 0.000000
      },
      "latency_us" : {
        "2" : 0.000000,
        "4" : 0.000000,
        "10" : 0.000000,
        "20" : 0.000000,
        "50" : 0.000000,
        "100" : 0.000000,
        "250" : 0.000000,
        "500" : 0.000000,
        "750" : 0.000000,
        "1000" : 0.000000
      },
      "latency_ms" : {
        "2" : 0.373909,
        "4" : 99.543000,
        "10" : 0.083091,
        "20" : 0.000000,
        "50" : 0.000000,
        "100" : 0.000000,
        "250" : 0.000000,
        "500" : 0.000000,
        "750" : 0.000000,
        "1000" : 0.000000,
        "2000" : 0.000000,
        ">=2000" : 0.000000
      },
      "latency_depth" : 1,
      "latency_target" : 0,
      "latency_percentile" : 100.000000,
      "latency_window" : 0
    },
    {
      "jobname" : "zone2_read",
      "groupid" : 0,
      "error" : 0,
      "eta" : 0,
      "elapsed" : 9,
      "job options" : {
        "ioengine" : "psync",
        "bs" : "2m",
        "rw" : "read",
        "offset" : "2z",
        "runtime" : "8"
      },
      "read" : {
        "io_bytes" : 5049942016,
        "io_kbytes" : 4931584,
        "bw_bytes" : 631163856,
        "bw" : 616370,
        "iops" : 300.962380,
        "runtime" : 8001,
        "total_ios" : 2408,
        "short_ios" : 0,
        "drop_ios" : 0,
        "slat_ns" : {
          "min" : 0,
          "max" : 0,
          "mean" : 0.000000,
          "stddev" : 0.000000,
          "N" : 0
        },
        "clat_ns" : {
          "min" : 1831352,
          "max" : 3800839,
          "mean" : 3321610.431478,
          "stddev" : 151324.429233,
          "N" : 2408,
          "percentile" : {
            "1.000000" : 2408448,
            "5.000000" : 3325952,
            "10.000000" : 3325952,
            "20.000000" : 3325952,
            "30.000000" : 3325952,
            "40.000000" : 3325952,
            "50.000000" : 3325952,
            "60.000000" : 3358720,
            "70.000000" : 3358720,
            "80.000000" : 3358720,
            "90.000000" : 3358720,
            "95.000000" : 3391488,
            "99.000000" : 3391488,
            "99.500000" : 3424256,
            "99.900000" : 3555328,
            "99.950000" : 3555328,
            "99.990000" : 3784704
          }
        },
        "lat_ns" : {
          "min" : 1831398,
          "max" : 3801197,
          "mean" : 3321706.482973,
          "stddev" : 151325.696595,