{
  "fio version" : "fio-3.35",
  "timestamp" : 1702385609,
  "timestamp_ms" : 1702385609342,
  "time" : "Tue Dec 12 12:53:29 2023",
  "global options" : {
    "direct" : "1",
    "zonemode" : "zbd",
    "name" : "diff_bs",
    "iodepth" : "1",
    "size" : "1z",
    "filename" : "/dev/nvme0n1"
  },
  "jobs" : [
    {
      "jobname" : "zone0_read",
      "groupid" : 0,
      "error" : 0,
      "eta" : 0,
      "elapsed" : 9,
      "job options" : {
        "ioengine" : "psync",
        "bs" : "2m",
        "rw" : "read",
        "offset" : "0z",
        "runtime" : "8"
      },
      "read" : {
        "io_bytes" : 5010096128,
        "io_kbytes" : 4892672,
        "bw_bytes" : 625949041,
        "bw" : 611278,
        "iops" : 298.475762,
        "runtime" : 8004,
        "total_ios" : 2389,
        "short_ios" : 0,
        "drop_ios" : 0,
        "slat_ns" : {
          "min" : 0,
          "max" : 0,
          "mean" : 0.000000,
          "stddev" : 0.000000,
          "N" : 0
        },
        "clat_ns" : {
          "min" : 2092358,
          "max" : 3572674,
          "mean" : 3348699.109669,
          "stddev" : 110560.731636,
          "N" : 2389,
          "percentile" : {
            "1.000000" : 2736128,
            "5.000000" : 3325952,
            "10.000000" : 3325952,
            "20.000000" : 3325952,
            "30.000000" : 3358720,
            "40.000000" : 3358720,
            "50.000000" : 3358720,
            "60.000000" : 3358720,
            "70.000000" : 3358720,
            "80.000000" : 3391488,
            "90.000000" : 3391488,
            "95.000000" : 3391488,
            "99.000000" : 3424256,
            "99.500000" : 3424256,
            "99.900000" : 3489792,
            "99.950000" : 3522560,
            "99.990000" : 3588096
          }
        },
        "lat_ns" : {
          "min" : 2092558,
          "max" : 3572922,
          "mean" : 3348831.883215,
          "stddev" : 110562.386623,
          "N" : 2389
        },
        "bw_min" : 606208,
        "bw_max" : 614400,
        "bw_agg" : 50.020091,
        "bw_mean" : 611396.266667,
        "bw_dev" : 2882.484431,
        "bw_samples" : 15,
        "iops_min" : 296,
        "iops_max" : 300,
        "iops_mean" : 298.533333,
        "iops_stddev" : 1.407463,
        "iops_samples" : 15
      },
      "write" : {
        "io_bytes" : 0,
        "io_kbytes" : 0,
        "bw_bytes" : 0,
        "bw" : 0,
        "iops" : 0.000000,
        "runtime" : 0,
        "total_ios" : 0,
        "short_ios" : 0,
        "drop_ios" : 0,
        "slat_ns" : {
          "min" : 0,
          "max" : 0,
          "mean" : 0.000000,
          "stddev" : 0.000000,
          "N" : 0
        },
        "clat_ns" : {
          "min" : 0,
          "max" : 0,
          "mean" : 0.000000,
          "stddev" : 0.000000,
          "N" : 0
        },
        "lat_ns" : {
          "min" : 0,
          "max" : 0,
          "mean" : 0.000000,
          "stddev" : 0.000000,
          "N" : 0
        },
        "bw_min" : 0,
        "bw_max" : 0,
        "bw_agg" : 0.000000,
        "bw_mean" : 0.000000,
        "bw_dev" : 0.000000,
        "bw_samples" : 0,
        "iops_min" : 0,
        "iops_max" : 0,
        "iops_mean" : 0.000000,
        "iops_stddev" : 0.000000,
        "iops_samples" : 0
      },
      "trim" : {
        "io_bytes" : 0,
        "io_kbytes" : 0,
        "bw_bytes" : 0,
        "bw" : 0,
        "iops" : 0.000000,
        "runtime" : 0,
        "total_ios" : 0,
        "short_ios" : 0,
        "drop_ios" : 0,
        "slat_ns" : {
          "min" : 0,
          "max" : 0,
          "mean" : 0.000000,
          "stddev" : 0.000000,
          "N" : 0
        },
        "clat_ns" : {
          "min" : 0,
          "max" : 0,
          "mean" : 0.000000,
          "stddev" : 0.000000,
          "N" : 0
        },
        "lat_ns" : {
          "min" : 0,
          "max" : 0,
          "mean" : 0.000000,
          "stddev" : 0.000000,
          "N" : 0
        },
        "bw_min" : 0,
        "bw_max" : 0,
        "bw_agg" : 0.000000,
        "bw_mean" : 0.000000,
        "bw_dev" : 0.000000,
        "bw_samples" : 0,
        "iops_min" : 0,
        "iops_max" : 0,
        "iops_mean" : 0.000000,
        "iops_stddev" : 0.000000,
        "iops_samples" : 0
      },
      "sync" : {
        "total_ios" : 0,
        "lat_ns" : {
          "min" : 0,
          "max" : 0,
          "mean" : 0.000000,
          "stddev" : 0.000000,
          "N" : 0
        }
      },
      "job_runtime" : 8003,
      "usr_cpu" : 0.174934,
      "sys_cpu" : 1.686867,
      "ctx" : 2390,
      "majf" : 0,
      "minf" : 523,
      "iodepth_level" : {
        "1" : 100.000000,
        "2" : 0.000000,
        "4" : 0.000000,
        "8" : 0.000000,
        "16" : 0.000000,
        "32" : 0.000000,
        ">=64" : 0.000000
      },
      "iodepth_submit" : {
        "0" : 0.000000,
        "4" : 100.000000,
        "8" : 0.000000,
        "16" : 0.000000,
        "32" : 0.000000,
        "64" : 0.000000,
        ">=64" : 0.000000
      },
      "iodepth_complete" : {
        "0" : 0.000000,
        "4" : 100.000000,
        "8" : 0.000000,
        "16" : 0.000000,
        "32" : 0.000000,
        "64" : 0.000000,
        ">=64" : 0.000000
      },
      "latency_ns" : {
        "2" : 0.000000,
        "4" : 0.000000,
        "10" : 0.000000,
        "20" : 0.000000,
        "50" : 0.000000,
        "100" : 0.000000,
        "250" : 0.000000,
        "500" : 0.000000,
        "750" : 0.000000,
        "1000" : 0.000000
      },
      "latency_us" : {
        "2" : 0.000000,
        "4" : 0.000000,
        "10" : 0.000000,
        "20" : 0.000000,
        "50" : 0.000000,
        "100" : 0.000000,
        "250" : 0.000000,
        "500" : 0.000000,
        "750" : 0.000000,
        "1000" : 0.000000
      },
      "latency_ms" : {
        "2" : 0.000000,
        "4" : 100.000000,
        "10" : 0.000000,
        "20" : 0.000000,
        "50" : 0.000000,
        "100" : 0.000000,
        "250" : 0.000000,
        "500" : 0.000000,
        "750" : 0.000000,
        "1000" : 0.000000,
        "2000" : 0.000000,
        ">=2000" : 0.000000
      },
      "latency_depth" : 1,
      "latency_target" : 0,
      "latency_percentile" : 100.000000,
      "latency_window" : 0
    },
    {
      "jobname" : "zone4_read",
      "groupid" : 0,
      "error" : 0,
      "eta" : 0,
      "elapsed" : 9,
      "job options" : {
        "ioengine" : "psync",
        "bs" : "2m",
        "rw" : "read",
        "offset" : "4z",
        "runtime" : "8"
      },
      "read" : {
        "io_bytes" : 5007998976,
        "io_kbytes" : 4890624,
        "bw_bytes" : 625765210,
        "bw" : 611098,
        "iops" : 298.388104,
        "runtime" : 8003,
        "total_ios" : 2388,
        "short_ios" : 0,
        "drop_ios" : 0,
        "slat_ns" : {
          "min" : 0,
          "max" : 0,
          "mean" : 0.000000,
          "stddev" : 0.000000,
          "N" : 0
        },
        "clat_ns" : {
          "min" : 2061075,
          "max" : 3625474,
          "mean" : 3349523.164992,
          "stddev" : 123370.213732,
          "N" : 2388,
          "percentile" : {
            "1.000000" : 2506752,
            "5.000000" : 3325952,
            "10.000000" : 3325952,
            "20.000000" : 3358720,
            "30.000000" : 3358720,
            "40.000000" : 3358720,
            "50.000000" : 3358720,
            "60.000000" : 3358720,
            "70.000000" : 3358720,
            "80.000000" : 3391488,
            "90.000000" : 3391488,
            "95.000000" : 3391488,
            "99.000000" : 3424256,
            "99.500000" : 3424256,
            "99.900000" : 3489792,
            "99.950000" : 3522560,
            "99.990000" : 3620864
          }
        },
        "lat_ns" : {
          "min" : 2061112,
          "max" : 3625663,
          "mean" : 3349695.780570,
          "stddev" : 123374.397540,