{
  "fio version" : "fio-3.35",
  "timestamp" : 1702385619,
  "timestamp_ms" : 1702385619826,
  "time" : "Tue Dec 12 12:53:39 2023",
  "global options" : {
    "direct" : "1",
    "zonemode" : "zbd",
    "name" : "diff_bs",
    "iodepth" : "1",
    "size" : "1z",
    "filename" : "/dev/nvme0n1"
  },
  "jobs" : [
    {
      "jobname" : "zone0_read",
      "groupid" : 0,
      "error" : 0,
      "eta" : 0,
      "elapsed" : 9,
      "job options" : {
        "ioengine" : "psync",
        "bs" : "2m",
        "rw" : "read",
        "offset" : "0z",
        "runtime" : "8"
      },
      "read" : {
        "io_bytes" : 2604662784,
        "io_kbytes" : 2543616,
        "bw_bytes" : 325420137,
        "bw" : 317793,
        "iops" : 155.172414,
        "runtime" : 8004,
        "total_ios" : 1242,
        "short_ios" : 0,
        "drop_ios" : 0,
        "slat_ns" : {
          "min" : 0,
          "max" : 0,
          "mean" : 0.000000,
          "stddev" : 0.000000,
          "N" : 0
        },
        "clat_ns" : {
          "min" : 3245284,
          "max" : 6574197,
          "mean" : 6442142.358293,
          "stddev" : 250931.718607,
          "N" : 1242,
          "percentile" : {
            "1.000000" : 4882432,
            "5.000000" : 6455296,
            "10.000000" : 6455296,
            "20.000000" : 6455296,
            "30.000000" : 6455296,
            "40.000000" : 6455296,
            "50.000000" : 6455296,
            "60.000000" : 6455296,
            "70.000000" : 6455296,
            "80.000000" : 6520832,
            "90.000000" : 6520832,
            "95.000000" : 6520832,
            "99.000000" : 6520832,
            "99.500000" : 6520832,
            "99.900000" : 6520832,
            "99.950000" : 6586368,
            "99.990000" : 6586368
          }
        },
        "lat_ns" : {
          "min" : 3245434,
          "max" : 6574277,
          "mean" : 6442335.016908,
          "stddev" : 250932.491168,
          "N" : 1242
        },
        "bw_min" : 315392,
        "bw_max" : 323584,
        "bw_agg" : 50.004853,
        "bw_mean" : 317696.000000,
        "bw_dev" : 2979.587801,
        "bw_samples" : 16,
        "iops_min" : 154,
        "iops_max" : 158,
        "iops_mean" : 155.125000,
        "iops_stddev" : 1.454877,
        "iops_samples" : 16
      },
      "write" : {
        "io_bytes" : 0,
        "io_kbytes" : 0,
        "bw_bytes" : 0,
        "bw" : 0,
        "iops" : 0.000000,
        "runtime" : 0,
        "total_ios" : 0,
        "short_ios" : 0,
        "drop_ios" : 0,
        "slat_ns" : {
          "min" : 0,
          "max" : 0,
          "mean" : 0.000000,
          "stddev" : 0.000000,
          "N" : 0
        },
        "clat_ns" : {
          "min" : 0,
          "max" : 0,
          "mean" : 0.000000,
          "stddev" : 0.000000,
          "N" : 0
        },
        "lat_ns" : {
          "min" : 0,
          "max" : 0,
          "mean" : 0.000000,
          "stddev" : 0.000000,
          "N" : 0
        },
        "bw_min" : 0,
        "bw_max" : 0,
        "bw_agg" : 0.000000,
        "bw_mean" : 0.000000,
        "bw_dev" : 0.000000,
        "bw_samples" : 0,
        "iops_min" : 0,
        "iops_max" : 0,
        "iops_mean" : 0.000000,
        "iops_stddev" : 0.000000,
        "iops_samples" : 0
      },
      "trim" : {
        "io_bytes" : 0,
        "io_kbytes" : 0,
        "bw_bytes" : 0,
        "bw" : 0,
        "iops" : 0.000000,
        "runtime" : 0,
        "total_ios" : 0,
        "short_ios" : 0,
        "drop_ios" : 0,
        "slat_ns" : {
          "min" : 0,
          "max" : 0,
          "mean" : 0.000000,
          "stddev" : 0.000000,
          "N" : 0
        },
        "clat_ns" : {
          "min" : 0,
          "max" : 0,
          "mean" : 0.000000,
          "stddev" : 0.000000,
          "N" : 0
        },
        "lat_ns" : {
          "min" : 0,
          "max" : 0,
          "mean" : 0.000000,
          "stddev" : 0.000000,
          "N" : 0
        },
        "bw_min" : 0,
        "bw_max" : 0,
        "bw_agg" : 0.000000,
        "bw_mean" : 0.000000,
        "bw_dev" : 0.000000,
        "bw_samples" : 0,
        "iops_min" : 0,
        "iops_max" : 0,
        "iops_mean" : 0.000000,
        "iops_stddev" : 0.000000,
        "iops_samples" : 0
      },
      "sync" : {
        "total_ios" : 0,
        "lat_ns" : {
          "min" : 0,
          "max" : 0,
          "mean" : 0.000000,
          "stddev" : 0.000000,
          "N" : 0
        }
      },
      "job_runtime" : 8003,
      "usr_cpu" : 0.224916,
      "sys_cpu" : 0.687242,
      "ctx" : 1243,
      "majf" : 0,
      "minf" : 525,
      "iodepth_level" : {
        "1" : 100.000000,
        "2" : 0.000000,
        "4" : 0.000000,
        "8" : 0.000000,
        "16" : 0.000000,
        "32" : 0.000000,
        ">=64" : 0.000000
      },
      "iodepth_submit" : {
        "0" : 0.000000,
        "4" : 100.000000,
        "8" : 0.000000,
        "16" : 0.000000,
        "32" : 0.000000,
        "64" : 0.000000,
        ">=64" : 0.000000
      },
      "iodepth_complete" : {
        "0" : 0.000000,
        "4" : 100.000000,
        "8" : 0.000000,
        "16" : 0.000000,
        "32" : 0.000000,
        "64" : 0.000000,
        ">=64" : 0.000000
      },
      "latency_ns" : {
        "2" : 0.000000,
        "4" : 0.000000,
        "10" : 0.000000,
        "20" : 0.000000,
        "50" : 0.000000,
        "100" : 0.000000,
        "250" : 0.000000,
        "500" : 0.000000,
        "750" : 0.000000,
        "1000" : 0.000000
      },
      "latency_us" : {
        "2" : 0.000000,
        "4" : 0.000000,
        "10" : 0.000000,
        "20" : 0.000000,
        "50" : 0.000000,
        "100" : 0.000000,
        "250" : 0.000000,
        "500" : 0.000000,
        "750" : 0.000000,
        "1000" : 0.000000
      },
      "latency_ms" : {
        "2" : 0.000000,
        "4" : 0.322061,
        "10" : 99.677939,
        "20" : 0.000000,
        "50" : 0.000000,
        "100" : 0.000000,
        "250" : 0.000000,
        "500" : 0.000000,
        "750" : 0.000000,
        "1000" : 0.000000,
        "2000" : 0.000000,
        ">=2000" : 0.000000
      },
      "latency_depth" : 1,
      "latency_target" : 0,
      "latency_percentile" : 100.000000,
      "latency_window" : 0
    },
    {
      "jobname" : "zone8_read",
      "groupid" : 0,
      "error" : 0,
      "eta" : 0,
      "elapsed" : 9,
      "job options" : {
        "ioengine" : "psync",
        "bs" : "2m",
        "rw" : "read",
        "offset" : "8z",
        "runtime" : "8"
      },
      "read" : {
        "io_bytes" : 2602565632,
        "io_kbytes" : 2541568,
        "bw_bytes" : 325280043,
        "bw" : 317656,
        "iops" : 155.105612,
        "runtime" : 8001,
        "total_ios" : 1241,
        "short_ios" : 0,
        "drop_ios" : 0,
        "slat_ns" : {
          "min" : 0,
          "max" : 0,
          "mean" : 0.000000,
          "stddev" : 0.000000,
          "N" : 0
        },
        "clat_ns" : {
          "min" : 2393433,
          "max" : 8152105,
          "mean" : 6444823.549557,
          "stddev" : 287579.693764,
          "N" : 1241,
          "percentile" : {
            "1.000000" : 5144576,
            "5.000000" : 6455296,
            "10.000000" : 6455296,
            "20.000000" : 6455296,
            "30.000000" : 6455296,
            "40.000000" : 6455296,
            "50.000000" : 6455296,
            "60.000000" : 6455296,
            "70.000000" : 6455296,
            "80.000000" : 6520832,
            "90.000000" : 6520832,
            "95.000000" : 6520832,
            "99.000000" : 6520832,
            "99.500000" : 6520832,
            "99.900000" : 6717440,
            "99.950000" : 8159232,
            "99.990000" : 8159232
          }
        },
        "lat_ns" : {
          "min" : 2393699,
          "max" : 8152329,
          "mean" : 6444991.399678,
          "stddev" : 287575.208906,